2026-04-04 01:36:20,056 [app.kafka_producer] INFO: Kafka producer started
2026-04-04 01:36:20,057 [thread_service] INFO: Thread service started successfully
2026-04-04 18:31:28,306 [httpx] INFO: HTTP Request: GET http://comment_service:8005/comments/thread-counts?thread_ids=26,23,22,21,20,19,18,17,16,15 "HTTP/1.1 200 OK"
2026-04-04 18:32:31,002 [httpx] INFO: HTTP Request: GET http://comment_service:8005/comments/thread-counts?thread_ids=26,23,22,21,20,19,18,17,16,15 "HTTP/1.1 200 OK"
2026-04-04 18:33:32,679 [httpx] INFO: HTTP Request: GET http://comment_service:8005/comments/thread-counts?thread_ids=26,23,22,21,20,19,18,17,16,15,14,13,12,11,10,9,8,7,6,5 "HTTP/1.1 200 OK"
2026-04-04 18:34:38,069 [httpx] INFO: HTTP Request: GET http://comment_service:8005/comments/thread-counts?thread_ids=26,23,22,21,20,19,18,17,16,15 "HTTP/1.1 200 OK"
2026-04-04 18:34:38,090 [httpx] INFO: HTTP Request: GET http://comment_service:8005/comments/thread-counts?thread_ids=26,23,22,21,20,19,18,17,16,15 "HTTP/1.1 200 OK"
2026-04-05 00:38:16,497 [app.kafka_producer] INFO: Kafka producer stopped
2026-04-05 00:39:34,093 [app.kafka_producer] INFO: Kafka producer started
2026-04-05 00:39:34,260 [asyncio] ERROR: Unclosed AIOKafkaProducer
producer: <aiokafka.producer.producer.AIOKafkaProducer object at 0x7ec166156510>
2026-04-05 00:46:20,290 [app.kafka_producer] INFO: Kafka producer started
2026-04-05 00:46:20,486 [asyncio] ERROR: Unclosed AIOKafkaProducer
producer: <aiokafka.producer.producer.AIOKafkaProducer object at 0x76875ba86510>
2026-04-05 00:50:19,362 [app.kafka_producer] INFO: Kafka producer started
2026-04-05 00:50:19,501 [asyncio] ERROR: Unclosed AIOKafkaProducer
producer: <aiokafka.producer.producer.AIOKafkaProducer object at 0x7d279b5f2510>
2026-04-05 00:54:48,039 [app.kafka_producer] INFO: Kafka producer started
2026-04-05 00:54:48,164 [asyncio] ERROR: Unclosed AIOKafkaProducer
producer: <aiokafka.producer.producer.AIOKafkaProducer object at 0x720bfb6fe660>
2026-04-05 00:55:50,450 [app.kafka_producer] INFO: Kafka producer started
2026-04-05 00:55:50,450 [thread_service] INFO: Thread service started successfully
2026-04-05 00:55:50,452 [aiokafka.consumer.subscription_state] INFO: Updating subscribed topics to: frozenset({'user-events'})
2026-04-05 00:55:50,459 [aiokafka.consumer.group_coordinator] INFO: Discovered coordinator 1 for group thread-service-user-sync
2026-04-05 00:55:50,460 [aiokafka.consumer.group_coordinator] INFO: Revoking previously assigned partitions set() for group thread-service-user-sync
2026-04-05 00:55:50,460 [aiokafka.consumer.group_coordinator] INFO: (Re-)joining group thread-service-user-sync
2026-04-05 00:55:53,466 [aiokafka.consumer.group_coordinator] INFO: Joined group 'thread-service-user-sync' (generation 1) with member_id aiokafka-0.13.0-2ec289ea-7aa4-4e41-911f-a2cf9787dc61
2026-04-05 00:55:53,467 [aiokafka.consumer.group_coordinator] INFO: Elected group leader -- performing partition assignments using roundrobin
2026-04-05 00:55:53,472 [aiokafka.consumer.group_coordinator] INFO: Successfully synced group thread-service-user-sync with generation 1
2026-04-05 00:55:53,473 [aiokafka.consumer.group_coordinator] INFO: Setting newly assigned partitions {TopicPartition(topic='user-events', partition=0)} for group thread-service-user-sync
2026-04-05 00:55:53,474 [thread_service.consumer] INFO: Kafka consumer started, listening for user-events
2026-04-05 00:56:26,165 [aiokafka.consumer.group_coordinator] INFO: LeaveGroup request succeeded
2026-04-05 00:56:26,168 [thread_service.consumer] INFO: Kafka consumer stopped
2026-04-05 00:56:26,169 [app.kafka_producer] INFO: Kafka producer stopped
2026-04-05 00:56:58,509 [app.kafka_producer] INFO: Kafka producer started
2026-04-05 00:56:58,510 [thread_service] INFO: Thread service started successfully
2026-04-05 00:56:58,511 [aiokafka.consumer.subscription_state] INFO: Updating subscribed topics to: frozenset({'user-events'})
2026-04-05 00:56:58,531 [aiokafka.cluster] WARNING: Topic user-events is not available during auto-create initialization
2026-04-05 00:56:58,639 [aiokafka.cluster] WARNING: Topic user-events is not available during auto-create initialization
2026-04-05 00:56:58,756 [aiokafka.consumer.group_coordinator] ERROR: Group Coordinator Request failed: [Error 15] GroupCoordinatorNotAvailableError
2026-04-05 00:56:58,864 [aiokafka.consumer.group_coordinator] ERROR: Group Coordinator Request failed: [Error 15] GroupCoordinatorNotAvailableError
2026-04-05 00:56:58,970 [aiokafka.consumer.group_coordinator] ERROR: Group Coordinator Request failed: [Error 15] GroupCoordinatorNotAvailableError
2026-04-05 00:56:59,077 [aiokafka.consumer.group_coordinator] ERROR: Group Coordinator Request failed: [Error 15] GroupCoordinatorNotAvailableError
2026-04-05 00:56:59,184 [aiokafka.consumer.group_coordinator] ERROR: Group Coordinator Request failed: [Error 15] GroupCoordinatorNotAvailableError
2026-04-05 00:56:59,290 [aiokafka.consumer.group_coordinator] ERROR: Group Coordinator Request failed: [Error 15] GroupCoordinatorNotAvailableError
2026-04-05 00:56:59,398 [aiokafka.consumer.group_coordinator] INFO: Discovered coordinator 1 for group thread-service-user-sync
2026-04-05 00:56:59,399 [aiokafka.consumer.group_coordinator] INFO: Revoking previously assigned partitions set() for group thread-service-user-sync
2026-04-05 00:56:59,399 [aiokafka.consumer.group_coordinator] INFO: (Re-)joining group thread-service-user-sync
2026-04-05 00:57:02,438 [aiokafka.consumer.group_coordinator] INFO: Joined group 'thread-service-user-sync' (generation 1) with member_id aiokafka-0.13.0-2f991a2a-49ad-40c8-b2a7-d3d22803730f
2026-04-05 00:57:02,440 [aiokafka.consumer.group_coordinator] INFO: Elected group leader -- performing partition assignments using roundrobin
2026-04-05 00:57:02,512 [aiokafka.consumer.group_coordinator] INFO: Successfully synced group thread-service-user-sync with generation 1
2026-04-05 00:57:02,513 [aiokafka.consumer.group_coordinator] INFO: Setting newly assigned partitions {TopicPartition(topic='user-events', partition=0)} for group thread-service-user-sync
2026-04-05 00:57:02,514 [thread_service.consumer] INFO: Kafka consumer started, listening for user-events
2026-04-05 00:57:38,034 [httpx] INFO: HTTP Request: GET http://user_service:8002/users/1 "HTTP/1.1 200 OK"
2026-04-05 00:57:38,090 [httpx] INFO: HTTP Request: GET http://community_service:8006/communities/1 "HTTP/1.1 200 OK"
2026-04-05 00:57:38,111 [app.kafka_producer] INFO: Sent to thread-events: {'broadcast': True, 'type': 'new_thread', 'thread': {'id': 1, 'title': 'Best practices for async Python', 'description': 'What are your go-to patterns for writing clean async code? Share tips, libraries, and pitfalls to avoid.', 'tags': ['python', 'async', 'best-practices'], 'status': 'open', 'community_id': 1, 'author': {'id': 1, 'username': 'alice', 'avatar': None}, 'created_at': '2026-04-05 00:57:38.072380', 'updated_at': '2026-04-05 00:57:38.072380'}}
2026-04-05 00:57:38,218 [httpx] INFO: HTTP Request: GET http://user_service:8002/users/2 "HTTP/1.1 200 OK"
2026-04-05 00:57:38,303 [httpx] INFO: HTTP Request: GET http://community_service:8006/communities/2 "HTTP/1.1 200 OK"
2026-04-05 00:57:38,312 [app.kafka_producer] INFO: Sent to thread-events: {'broadcast': True, 'type': 'new_thread', 'thread': {'id': 2, 'title': 'React vs Vue vs Svelte in 2026', 'description': 'With all three frameworks maturing, which do you pick for new projects? Performance, DX, ecosystem.', 'tags': ['react', 'vue', 'svelte', 'frontend'], 'status': 'open', 'community_id': 2, 'author': {'id': 2, 'username': 'bob', 'avatar': None}, 'created_at': '2026-04-05 00:57:38.258730', 'updated_at': '2026-04-05 00:57:38.258730'}}
2026-04-05 00:57:38,335 [httpx] INFO: HTTP Request: GET http://user_service:8002/users/3 "HTTP/1.1 200 OK"
2026-04-05 00:57:38,357 [httpx] INFO: HTTP Request: GET http://community_service:8006/communities/3 "HTTP/1.1 200 OK"
2026-04-05 00:57:38,367 [app.kafka_producer] INFO: Sent to thread-events: {'broadcast': True, 'type': 'new_thread', 'thread': {'id': 3, 'title': 'Getting started with Docker Compose', 'description': 'A beginner-friendly thread on multi-container setups. Share your docker-compose.yml patterns!', 'tags': ['docker', 'devops', 'microservices'], 'status': 'open', 'community_id': 3, 'author': {'id': 3, 'username': 'charlie', 'avatar': None}, 'created_at': '2026-04-05 00:57:38.342954', 'updated_at': '2026-04-05 00:57:38.342954'}}
2026-04-05 00:57:38,392 [httpx] INFO: HTTP Request: GET http://user_service:8002/users/4 "HTTP/1.1 200 OK"
2026-04-05 00:57:38,409 [httpx] INFO: HTTP Request: GET http://community_service:8006/communities/4 "HTTP/1.1 200 OK"
2026-04-05 00:57:38,419 [app.kafka_producer] INFO: Sent to thread-events: {'broadcast': True, 'type': 'new_thread', 'thread': {'id': 4, 'title': 'FastAPI advanced patterns', 'description': 'Dependency injection, background tasks, middleware, WebSockets — share production FastAPI setups.', 'tags': ['python', 'fastapi', 'backend'], 'status': 'open', 'community_id': 4, 'author': {'id': 4, 'username': 'diana', 'avatar': None}, 'created_at': '2026-04-05 00:57:38.398931', 'updated_at': '2026-04-05 00:57:38.398931'}}
2026-04-05 00:57:38,444 [httpx] INFO: HTTP Request: GET http://user_service:8002/users/5 "HTTP/1.1 200 OK"
2026-04-05 00:57:38,466 [httpx] INFO: HTTP Request: GET http://community_service:8006/communities/5 "HTTP/1.1 200 OK"
2026-04-05 00:57:38,475 [app.kafka_producer] INFO: Sent to thread-events: {'broadcast': True, 'type': 'new_thread', 'thread': {'id': 5, 'title': 'Machine Learning project ideas for 2026', 'description': 'Looking for portfolio-worthy ML projects. What interesting datasets or problems have you tackled?', 'tags': ['machine-learning', 'portfolio', 'ai'], 'status': 'open', 'community_id': 5, 'author': {'id': 5, 'username': 'eve', 'avatar': None}, 'created_at': '2026-04-05 00:57:38.451461', 'updated_at': '2026-04-05 00:57:38.451461'}}
2026-04-05 00:57:38,516 [httpx] INFO: HTTP Request: GET http://user_service:8002/users/6 "HTTP/1.1 200 OK"
2026-04-05 00:57:38,536 [httpx] INFO: HTTP Request: GET http://community_service:8006/communities/6 "HTTP/1.1 200 OK"
2026-04-05 00:57:38,552 [app.kafka_producer] INFO: Sent to thread-events: {'broadcast': True, 'type': 'new_thread', 'thread': {'id': 6, 'title': 'PostgreSQL performance tuning', 'description': 'Indexes, query plans, connection pooling, partitioning — share your optimization tips.', 'tags': ['postgresql', 'database', 'performance'], 'status': 'open', 'community_id': 6, 'author': {'id': 6, 'username': 'frank', 'avatar': None}, 'created_at': '2026-04-05 00:57:38.522688', 'updated_at': '2026-04-05 00:57:38.522688'}}
2026-04-05 00:57:38,587 [httpx] INFO: HTTP Request: GET http://user_service:8002/users/7 "HTTP/1.1 200 OK"
2026-04-05 00:57:38,609 [httpx] INFO: HTTP Request: GET http://community_service:8006/communities/7 "HTTP/1.1 200 OK"
2026-04-05 00:57:38,620 [app.kafka_producer] INFO: Sent to thread-events: {'broadcast': True, 'type': 'new_thread', 'thread': {'id': 7, 'title': 'Microservices vs Monolith debate', 'description': 'When should you go microservices? Share real-world experiences, failures, and lessons learned.', 'tags': ['architecture', 'microservices', 'monolith'], 'status': 'open', 'community_id': 7, 'author': {'id': 7, 'username': 'grace', 'avatar': None}, 'created_at': '2026-04-05 00:57:38.594173', 'updated_at': '2026-04-05 00:57:38.594173'}}
2026-04-05 00:57:38,652 [httpx] INFO: HTTP Request: GET http://user_service:8002/users/8 "HTTP/1.1 200 OK"
2026-04-05 00:57:38,674 [httpx] INFO: HTTP Request: GET http://community_service:8006/communities/8 "HTTP/1.1 200 OK"
2026-04-05 00:57:38,684 [app.kafka_producer] INFO: Sent to thread-events: {'broadcast': True, 'type': 'new_thread', 'thread': {'id': 8, 'title': 'TypeScript tips you wish you knew earlier', 'description': 'Utility types, branded types, discriminated unions — what features changed your workflow?', 'tags': ['typescript', 'javascript', 'tips'], 'status': 'open', 'community_id': 8, 'author': {'id': 8, 'username': 'henry', 'avatar': None}, 'created_at': '2026-04-05 00:57:38.657794', 'updated_at': '2026-04-05 00:57:38.657794'}}
2026-04-05 00:57:38,721 [httpx] INFO: HTTP Request: GET http://user_service:8002/users/9 "HTTP/1.1 200 OK"
2026-04-05 00:57:38,746 [httpx] INFO: HTTP Request: GET http://community_service:8006/communities/1 "HTTP/1.1 200 OK"
2026-04-05 00:57:38,757 [app.kafka_producer] INFO: Sent to thread-events: {'event': 'thread_in_community', 'user_id': 1, 'type': 'community_thread', 'message': "ivy posted 'Building real-time apps with WebSockets' in your community 'Python Developers'", 'reference_id': 9}
2026-04-05 00:57:38,760 [app.kafka_producer] INFO: Sent to thread-events: {'broadcast': True, 'type': 'new_thread', 'thread': {'id': 9, 'title': 'Building real-time apps with WebSockets', 'description': 'Chat apps, live dashboards, notifications — how do you handle WebSocket connections at scale?', 'tags': ['websocket', 'real-time', 'backend'], 'status': 'open', 'community_id': 1, 'author': {'id': 9, 'username': 'ivy', 'avatar': None}, 'created_at': '2026-04-05 00:57:38.729361', 'updated_at': '2026-04-05 00:57:38.729361'}}
2026-04-05 00:57:38,793 [httpx] INFO: HTTP Request: GET http://user_service:8002/users/10 "HTTP/1.1 200 OK"
2026-04-05 00:57:38,816 [httpx] INFO: HTTP Request: GET http://community_service:8006/communities/2 "HTTP/1.1 200 OK"
2026-04-05 00:57:38,825 [app.kafka_producer] INFO: Sent to thread-events: {'event': 'thread_in_community', 'user_id': 2, 'type': 'community_thread', 'message': "jack posted 'Open source contribution guide' in your community 'Web Dev Hub'", 'reference_id': 10}
2026-04-05 00:57:38,829 [app.kafka_producer] INFO: Sent to thread-events: {'broadcast': True, 'type': 'new_thread', 'thread': {'id': 10, 'title': 'Open source contribution guide', 'description': 'How to find your first issue, write a good PR, and navigate large codebases.', 'tags': ['open-source', 'git', 'community'], 'status': 'open', 'community_id': 2, 'author': {'id': 10, 'username': 'jack', 'avatar': None}, 'created_at': '2026-04-05 00:57:38.801323', 'updated_at': '2026-04-05 00:57:38.801323'}}
2026-04-05 00:57:38,857 [httpx] INFO: HTTP Request: GET http://user_service:8002/users/11 "HTTP/1.1 200 OK"
2026-04-05 00:57:38,876 [httpx] INFO: HTTP Request: GET http://community_service:8006/communities/3 "HTTP/1.1 200 OK"
2026-04-05 00:57:38,904 [app.kafka_producer] INFO: Sent to thread-events: {'event': 'thread_in_community', 'user_id': 3, 'type': 'community_thread', 'message': "karen posted 'Kubernetes for beginners' in your community 'Data Science Lab'", 'reference_id': 11}
2026-04-05 00:57:38,906 [app.kafka_producer] INFO: Sent to thread-events: {'broadcast': True, 'type': 'new_thread', 'thread': {'id': 11, 'title': 'Kubernetes for beginners', 'description': 'Pods, services, deployments, configmaps — getting started with K8s from scratch.', 'tags': ['kubernetes', 'devops', 'containers'], 'status': 'open', 'community_id': 3, 'author': {'id': 11, 'username': 'karen', 'avatar': None}, 'created_at': '2026-04-05 00:57:38.862507', 'updated_at': '2026-04-05 00:57:38.862507'}}
2026-04-05 00:57:38,932 [httpx] INFO: HTTP Request: GET http://user_service:8002/users/12 "HTTP/1.1 200 OK"
2026-04-05 00:57:38,949 [httpx] INFO: HTTP Request: GET http://community_service:8006/communities/4 "HTTP/1.1 200 OK"
2026-04-05 00:57:38,956 [app.kafka_producer] INFO: Sent to thread-events: {'event': 'thread_in_community', 'user_id': 4, 'type': 'community_thread', 'message': "leo posted 'GraphQL vs REST in 2026' in your community 'DevOps Corner'", 'reference_id': 12}
2026-04-05 00:57:38,958 [app.kafka_producer] INFO: Sent to thread-events: {'broadcast': True, 'type': 'new_thread', 'thread': {'id': 12, 'title': 'GraphQL vs REST in 2026', 'description': 'Is GraphQL worth the complexity? When does REST still win? Real-world trade-offs.', 'tags': ['graphql', 'rest', 'api-design'], 'status': 'open', 'community_id': 4, 'author': {'id': 12, 'username': 'leo', 'avatar': None}, 'created_at': '2026-04-05 00:57:38.938607', 'updated_at': '2026-04-05 00:57:38.938607'}}
2026-04-05 00:57:38,985 [httpx] INFO: HTTP Request: GET http://user_service:8002/users/13 "HTTP/1.1 200 OK"
2026-04-05 00:57:39,000 [httpx] INFO: HTTP Request: GET http://community_service:8006/communities/5 "HTTP/1.1 200 OK"
2026-04-05 00:57:39,008 [app.kafka_producer] INFO: Sent to thread-events: {'event': 'thread_in_community', 'user_id': 5, 'type': 'community_thread', 'message': "mia posted 'How to ace system design interviews' in your community 'Open Source Cafe'", 'reference_id': 13}
2026-04-05 00:57:39,010 [app.kafka_producer] INFO: Sent to thread-events: {'broadcast': True, 'type': 'new_thread', 'thread': {'id': 13, 'title': 'How to ace system design interviews', 'description': 'Load balancers, caching, sharding, message queues — share your study strategies and resources.', 'tags': ['system-design', 'interviews', 'career'], 'status': 'open', 'community_id': 5, 'author': {'id': 13, 'username': 'mia', 'avatar': None}, 'created_at': '2026-04-05 00:57:38.989857', 'updated_at': '2026-04-05 00:57:38.989857'}}
2026-04-05 00:57:39,034 [httpx] INFO: HTTP Request: GET http://user_service:8002/users/14 "HTTP/1.1 200 OK"
2026-04-05 00:57:39,052 [httpx] INFO: HTTP Request: GET http://community_service:8006/communities/6 "HTTP/1.1 200 OK"
2026-04-05 00:57:39,060 [app.kafka_producer] INFO: Sent to thread-events: {'event': 'thread_in_community', 'user_id': 6, 'type': 'community_thread', 'message': "noah posted 'Rust for Python developers' in your community 'Mobile App Builders'", 'reference_id': 14}
2026-04-05 00:57:39,063 [app.kafka_producer] INFO: Sent to thread-events: {'broadcast': True, 'type': 'new_thread', 'thread': {'id': 14, 'title': 'Rust for Python developers', 'description': 'Making the jump from Python to Rust. What concepts transfer and what is completely new?', 'tags': ['rust', 'python', 'programming'], 'status': 'open', 'community_id': 6, 'author': {'id': 14, 'username': 'noah', 'avatar': None}, 'created_at': '2026-04-05 00:57:39.041310', 'updated_at': '2026-04-05 00:57:39.041310'}}
2026-04-05 00:57:39,089 [httpx] INFO: HTTP Request: GET http://user_service:8002/users/15 "HTTP/1.1 200 OK"
2026-04-05 00:57:39,107 [httpx] INFO: HTTP Request: GET http://community_service:8006/communities/7 "HTTP/1.1 200 OK"
2026-04-05 00:57:39,115 [app.kafka_producer] INFO: Sent to thread-events: {'event': 'thread_in_community', 'user_id': 7, 'type': 'community_thread', 'message': "olivia posted 'CI/CD pipeline best practices' in your community 'Cloud Architecture'", 'reference_id': 15}
2026-04-05 00:57:39,117 [app.kafka_producer] INFO: Sent to thread-events: {'broadcast': True, 'type': 'new_thread', 'thread': {'id': 15, 'title': 'CI/CD pipeline best practices', 'description': 'GitHub Actions, Jenkins, GitLab CI — share your battle-tested pipeline configurations.', 'tags': ['ci-cd', 'automation', 'devops'], 'status': 'open', 'community_id': 7, 'author': {'id': 15, 'username': 'olivia', 'avatar': None}, 'created_at': '2026-04-05 00:57:39.094682', 'updated_at': '2026-04-05 00:57:39.094682'}}
2026-04-05 00:57:39,142 [httpx] INFO: HTTP Request: GET http://user_service:8002/users/16 "HTTP/1.1 200 OK"
2026-04-05 00:57:39,158 [httpx] INFO: HTTP Request: GET http://community_service:8006/communities/8 "HTTP/1.1 200 OK"
2026-04-05 00:57:39,167 [app.kafka_producer] INFO: Sent to thread-events: {'event': 'thread_in_community', 'user_id': 8, 'type': 'community_thread', 'message': "peter posted 'Database migration strategies' in your community 'Cybersecurity Hub'", 'reference_id': 16}
2026-04-05 00:57:39,170 [app.kafka_producer] INFO: Sent to thread-events: {'broadcast': True, 'type': 'new_thread', 'thread': {'id': 16, 'title': 'Database migration strategies', 'description': 'Alembic, Flyway, zero-downtime migrations — how do you handle schema changes in production?', 'tags': ['database', 'migrations', 'backend'], 'status': 'open', 'community_id': 8, 'author': {'id': 16, 'username': 'peter', 'avatar': None}, 'created_at': '2026-04-05 00:57:39.147551', 'updated_at': '2026-04-05 00:57:39.147551'}}
2026-04-05 00:57:39,214 [httpx] INFO: HTTP Request: GET http://user_service:8002/users/17 "HTTP/1.1 200 OK"
2026-04-05 00:57:39,229 [httpx] INFO: HTTP Request: GET http://community_service:8006/communities/1 "HTTP/1.1 200 OK"
2026-04-05 00:57:39,237 [app.kafka_producer] INFO: Sent to thread-events: {'event': 'thread_in_community', 'user_id': 1, 'type': 'community_thread', 'message': "quinn posted 'Authentication patterns in microservices' in your community 'Python Developers'", 'reference_id': 17}
2026-04-05 00:57:39,240 [app.kafka_producer] INFO: Sent to thread-events: {'broadcast': True, 'type': 'new_thread', 'thread': {'id': 17, 'title': 'Authentication patterns in microservices', 'description': 'JWT, OAuth2, API keys, service mesh — securing inter-service communication.', 'tags': ['authentication', 'security', 'microservices'], 'status': 'open', 'community_id': 1, 'author': {'id': 17, 'username': 'quinn', 'avatar': None}, 'created_at': '2026-04-05 00:57:39.220335', 'updated_at': '2026-04-05 00:57:39.220335'}}
2026-04-05 00:57:39,266 [httpx] INFO: HTTP Request: GET http://user_service:8002/users/18 "HTTP/1.1 200 OK"
2026-04-05 00:57:39,280 [httpx] INFO: HTTP Request: GET http://community_service:8006/communities/2 "HTTP/1.1 200 OK"
2026-04-05 00:57:39,289 [app.kafka_producer] INFO: Sent to thread-events: {'event': 'thread_in_community', 'user_id': 2, 'type': 'community_thread', 'message': "rachel posted 'Frontend state management in 2026' in your community 'Web Dev Hub'", 'reference_id': 18}
2026-04-05 00:57:39,291 [app.kafka_producer] INFO: Sent to thread-events: {'broadcast': True, 'type': 'new_thread', 'thread': {'id': 18, 'title': 'Frontend state management in 2026', 'description': 'Redux, Zustand, Jotai, Signals — which state management solution do you prefer and why?', 'tags': ['frontend', 'state-management', 'react'], 'status': 'open', 'community_id': 2, 'author': {'id': 18, 'username': 'rachel', 'avatar': None}, 'created_at': '2026-04-05 00:57:39.271055', 'updated_at': '2026-04-05 00:57:39.271055'}}
2026-04-05 00:57:39,314 [httpx] INFO: HTTP Request: GET http://user_service:8002/users/19 "HTTP/1.1 200 OK"
2026-04-05 00:57:39,329 [httpx] INFO: HTTP Request: GET http://community_service:8006/communities/3 "HTTP/1.1 200 OK"
2026-04-05 00:57:39,338 [app.kafka_producer] INFO: Sent to thread-events: {'event': 'thread_in_community', 'user_id': 3, 'type': 'community_thread', 'message': "sam posted 'Monitoring and observability stack' in your community 'Data Science Lab'", 'reference_id': 19}
2026-04-05 00:57:39,340 [app.kafka_producer] INFO: Sent to thread-events: {'broadcast': True, 'type': 'new_thread', 'thread': {'id': 19, 'title': 'Monitoring and observability stack', 'description': 'Prometheus, Grafana, ELK, Jaeger — how do you monitor your services in production?', 'tags': ['monitoring', 'observability', 'devops'], 'status': 'open', 'community_id': 3, 'author': {'id': 19, 'username': 'sam', 'avatar': None}, 'created_at': '2026-04-05 00:57:39.319937', 'updated_at': '2026-04-05 00:57:39.319937'}}
2026-04-05 00:57:39,362 [httpx] INFO: HTTP Request: GET http://user_service:8002/users/20 "HTTP/1.1 200 OK"
2026-04-05 00:57:39,377 [httpx] INFO: HTTP Request: GET http://community_service:8006/communities/4 "HTTP/1.1 200 OK"
2026-04-05 00:57:39,383 [app.kafka_producer] INFO: Sent to thread-events: {'event': 'thread_in_community', 'user_id': 4, 'type': 'community_thread', 'message': "tina posted 'Building a design system from scratch' in your community 'DevOps Corner'", 'reference_id': 20}
2026-04-05 00:57:39,385 [app.kafka_producer] INFO: Sent to thread-events: {'broadcast': True, 'type': 'new_thread', 'thread': {'id': 20, 'title': 'Building a design system from scratch', 'description': 'Component libraries, tokens, accessibility — share your experience building design systems.', 'tags': ['design-system', 'ui-ux', 'frontend'], 'status': 'open', 'community_id': 4, 'author': {'id': 20, 'username': 'tina', 'avatar': None}, 'created_at': '2026-04-05 00:57:39.367432', 'updated_at': '2026-04-05 00:57:39.367432'}}
2026-04-05 00:57:39,426 [app.kafka_producer] INFO: Sent to thread-events: {'broadcast': True, 'type': 'thread_like_update', 'thread_id': 1, 'like_count': 1}
2026-04-05 00:57:39,429 [app.kafka_producer] INFO: Sent to thread-events: {'event': 'thread_liked', 'user_id': 1, 'actor_id': 11, 'type': 'thread_like', 'message': 'karen liked your thread', 'reference_id': 1}
2026-04-05 00:57:39,447 [app.kafka_producer] INFO: Sent to thread-events: {'broadcast': True, 'type': 'thread_like_update', 'thread_id': 1, 'like_count': 2}
2026-04-05 00:57:39,450 [app.kafka_producer] INFO: Sent to thread-events: {'event': 'thread_liked', 'user_id': 1, 'actor_id': 8, 'type': 'thread_like', 'message': 'henry liked your thread', 'reference_id': 1}
2026-04-05 00:57:39,472 [app.kafka_producer] INFO: Sent to thread-events: {'broadcast': True, 'type': 'thread_like_update', 'thread_id': 1, 'like_count': 3}
2026-04-05 00:57:39,474 [app.kafka_producer] INFO: Sent to thread-events: {'event': 'thread_liked', 'user_id': 1, 'actor_id': 6, 'type': 'thread_like', 'message': 'frank liked your thread', 'reference_id': 1}
2026-04-05 00:57:39,495 [app.kafka_producer] INFO: Sent to thread-events: {'broadcast': True, 'type': 'thread_like_update', 'thread_id': 1, 'like_count': 4}
2026-04-05 00:57:39,497 [app.kafka_producer] INFO: Sent to thread-events: {'event': 'thread_liked', 'user_id': 1, 'actor_id': 3, 'type': 'thread_like', 'message': 'charlie liked your thread', 'reference_id': 1}
2026-04-05 00:57:39,517 [app.kafka_producer] INFO: Sent to thread-events: {'broadcast': True, 'type': 'thread_like_update', 'thread_id': 1, 'like_count': 5}
2026-04-05 00:57:39,520 [app.kafka_producer] INFO: Sent to thread-events: {'event': 'thread_liked', 'user_id': 1, 'actor_id': 15, 'type': 'thread_like', 'message': 'olivia liked your thread', 'reference_id': 1}
2026-04-05 00:57:39,544 [app.kafka_producer] INFO: Sent to thread-events: {'broadcast': True, 'type': 'thread_like_update', 'thread_id': 2, 'like_count': 1}
2026-04-05 00:57:39,546 [app.kafka_producer] INFO: Sent to thread-events: {'event': 'thread_liked', 'user_id': 2, 'actor_id': 1, 'type': 'thread_like', 'message': 'alice liked your thread', 'reference_id': 2}
2026-04-05 00:57:39,565 [app.kafka_producer] INFO: Sent to thread-events: {'broadcast': True, 'type': 'thread_like_update', 'thread_id': 2, 'like_count': 2}
2026-04-05 00:57:39,568 [app.kafka_producer] INFO: Sent to thread-events: {'event': 'thread_liked', 'user_id': 2, 'actor_id': 11, 'type': 'thread_like', 'message': 'karen liked your thread', 'reference_id': 2}
2026-04-05 00:57:39,588 [app.kafka_producer] INFO: Sent to thread-events: {'broadcast': True, 'type': 'thread_like_update', 'thread_id': 2, 'like_count': 3}
2026-04-05 00:57:39,593 [app.kafka_producer] INFO: Sent to thread-events: {'event': 'thread_liked', 'user_id': 2, 'actor_id': 3, 'type': 'thread_like', 'message': 'charlie liked your thread', 'reference_id': 2}
2026-04-05 00:57:39,612 [app.kafka_producer] INFO: Sent to thread-events: {'broadcast': True, 'type': 'thread_like_update', 'thread_id': 2, 'like_count': 4}
2026-04-05 00:57:39,615 [app.kafka_producer] INFO: Sent to thread-events: {'event': 'thread_liked', 'user_id': 2, 'actor_id': 4, 'type': 'thread_like', 'message': 'diana liked your thread', 'reference_id': 2}
2026-04-05 00:57:39,633 [app.kafka_producer] INFO: Sent to thread-events: {'broadcast': True, 'type': 'thread_like_update', 'thread_id': 2, 'like_count': 5}
2026-04-05 00:57:39,636 [app.kafka_producer] INFO: Sent to thread-events: {'event': 'thread_liked', 'user_id': 2, 'actor_id': 9, 'type': 'thread_like', 'message': 'ivy liked your thread', 'reference_id': 2}
2026-04-05 00:57:39,658 [app.kafka_producer] INFO: Sent to thread-events: {'broadcast': True, 'type': 'thread_like_update', 'thread_id': 2, 'like_count': 6}
2026-04-05 00:57:39,661 [app.kafka_producer] INFO: Sent to thread-events: {'event': 'thread_liked', 'user_id': 2, 'actor_id': 13, 'type': 'thread_like', 'message': 'mia liked your thread', 'reference_id': 2}
2026-04-05 00:57:39,681 [app.kafka_producer] INFO: Sent to thread-events: {'broadcast': True, 'type': 'thread_like_update', 'thread_id': 3, 'like_count': 1}
2026-04-05 00:57:39,684 [app.kafka_producer] INFO: Sent to thread-events: {'event': 'thread_liked', 'user_id': 3, 'actor_id': 10, 'type': 'thread_like', 'message': 'jack liked your thread', 'reference_id': 3}
2026-04-05 00:57:39,703 [app.kafka_producer] INFO: Sent to thread-events: {'broadcast': True, 'type': 'thread_like_update', 'thread_id': 3, 'like_count': 2}
2026-04-05 00:57:39,706 [app.kafka_producer] INFO: Sent to thread-events: {'event': 'thread_liked', 'user_id': 3, 'actor_id': 1, 'type': 'thread_like', 'message': 'alice liked your thread', 'reference_id': 3}
2026-04-05 00:57:39,727 [app.kafka_producer] INFO: Sent to thread-events: {'broadcast': True, 'type': 'thread_like_update', 'thread_id': 3, 'like_count': 3}
2026-04-05 00:57:39,730 [app.kafka_producer] INFO: Sent to thread-events: {'event': 'thread_liked', 'user_id': 3, 'actor_id': 16, 'type': 'thread_like', 'message': 'peter liked your thread', 'reference_id': 3}
2026-04-05 00:57:39,749 [app.kafka_producer] INFO: Sent to thread-events: {'broadcast': True, 'type': 'thread_like_update', 'thread_id': 3, 'like_count': 4}
2026-04-05 00:57:39,751 [app.kafka_producer] INFO: Sent to thread-events: {'event': 'thread_liked', 'user_id': 3, 'actor_id': 4, 'type': 'thread_like', 'message': 'diana liked your thread', 'reference_id': 3}
2026-04-05 00:57:39,770 [app.kafka_producer] INFO: Sent to thread-events: {'broadcast': True, 'type': 'thread_like_update', 'thread_id': 3, 'like_count': 5}
2026-04-05 00:57:39,772 [app.kafka_producer] INFO: Sent to thread-events: {'event': 'thread_liked', 'user_id': 3, 'actor_id': 13, 'type': 'thread_like', 'message': 'mia liked your thread', 'reference_id': 3}
2026-04-05 00:57:39,791 [app.kafka_producer] INFO: Sent to thread-events: {'broadcast': True, 'type': 'thread_like_update', 'thread_id': 3, 'like_count': 6}
2026-04-05 00:57:39,794 [app.kafka_producer] INFO: Sent to thread-events: {'event': 'thread_liked', 'user_id': 3, 'actor_id': 8, 'type': 'thread_like', 'message': 'henry liked your thread', 'reference_id': 3}
2026-04-05 00:57:39,812 [app.kafka_producer] INFO: Sent to thread-events: {'broadcast': True, 'type': 'thread_like_update', 'thread_id': 3, 'like_count': 7}
2026-04-05 00:57:39,815 [app.kafka_producer] INFO: Sent to thread-events: {'event': 'thread_liked', 'user_id': 3, 'actor_id': 20, 'type': 'thread_like', 'message': 'tina liked your thread', 'reference_id': 3}
2026-04-05 00:57:39,837 [app.kafka_producer] INFO: Sent to thread-events: {'broadcast': True, 'type': 'thread_like_update', 'thread_id': 4, 'like_count': 1}
2026-04-05 00:57:39,844 [app.kafka_producer] INFO: Sent to thread-events: {'event': 'thread_liked', 'user_id': 4, 'actor_id': 9, 'type': 'thread_like', 'message': 'ivy liked your thread', 'reference_id': 4}
2026-04-05 00:57:39,862 [app.kafka_producer] INFO: Sent to thread-events: {'broadcast': True, 'type': 'thread_like_update', 'thread_id': 4, 'like_count': 2}
2026-04-05 00:57:39,870 [app.kafka_producer] INFO: Sent to thread-events: {'event': 'thread_liked', 'user_id': 4, 'actor_id': 11, 'type': 'thread_like', 'message': 'karen liked your thread', 'reference_id': 4}
2026-04-05 00:57:39,894 [app.kafka_producer] INFO: Sent to thread-events: {'broadcast': True, 'type': 'thread_like_update', 'thread_id': 4, 'like_count': 3}
2026-04-05 00:57:39,898 [app.kafka_producer] INFO: Sent to thread-events: {'event': 'thread_liked', 'user_id': 4, 'actor_id': 14, 'type': 'thread_like', 'message': 'noah liked your thread', 'reference_id': 4}
2026-04-05 00:57:39,926 [app.kafka_producer] INFO: Sent to thread-events: {'broadcast': True, 'type': 'thread_like_update', 'thread_id': 4, 'like_count': 4}
2026-04-05 00:57:39,929 [app.kafka_producer] INFO: Sent to thread-events: {'event': 'thread_liked', 'user_id': 4, 'actor_id': 10, 'type': 'thread_like', 'message': 'jack liked your thread', 'reference_id': 4}
2026-04-05 00:57:39,949 [app.kafka_producer] INFO: Sent to thread-events: {'broadcast': True, 'type': 'thread_like_update', 'thread_id': 4, 'like_count': 5}
2026-04-05 00:57:39,952 [app.kafka_producer] INFO: Sent to thread-events: {'event': 'thread_liked', 'user_id': 4, 'actor_id': 15, 'type': 'thread_like', 'message': 'olivia liked your thread', 'reference_id': 4}
2026-04-05 00:57:39,973 [app.kafka_producer] INFO: Sent to thread-events: {'broadcast': True, 'type': 'thread_like_update', 'thread_id': 4, 'like_count': 6}
2026-04-05 00:57:39,976 [app.kafka_producer] INFO: Sent to thread-events: {'event': 'thread_liked', 'user_id': 4, 'actor_id': 16, 'type': 'thread_like', 'message': 'peter liked your thread', 'reference_id': 4}
2026-04-05 00:57:39,996 [app.kafka_producer] INFO: Sent to thread-events: {'broadcast': True, 'type': 'thread_like_update', 'thread_id': 4, 'like_count': 7}
2026-04-05 00:57:39,999 [app.kafka_producer] INFO: Sent to thread-events: {'event': 'thread_liked', 'user_id': 4, 'actor_id': 17, 'type': 'thread_like', 'message': 'quinn liked your thread', 'reference_id': 4}
2026-04-05 00:57:40,043 [app.kafka_producer] INFO: Sent to thread-events: {'broadcast': True, 'type': 'thread_like_update', 'thread_id': 4, 'like_count': 8}
2026-04-05 00:57:40,046 [app.kafka_producer] INFO: Sent to thread-events: {'event': 'thread_liked', 'user_id': 4, 'actor_id': 19, 'type': 'thread_like', 'message': 'sam liked your thread', 'reference_id': 4}
2026-04-05 00:57:40,066 [app.kafka_producer] INFO: Sent to thread-events: {'broadcast': True, 'type': 'thread_like_update', 'thread_id': 5, 'like_count': 1}
2026-04-05 00:57:40,069 [app.kafka_producer] INFO: Sent to thread-events: {'event': 'thread_liked', 'user_id': 5, 'actor_id': 6, 'type': 'thread_like', 'message': 'frank liked your thread', 'reference_id': 5}
2026-04-05 00:57:40,090 [app.kafka_producer] INFO: Sent to thread-events: {'broadcast': True, 'type': 'thread_like_update', 'thread_id': 5, 'like_count': 2}
2026-04-05 00:57:40,093 [app.kafka_producer] INFO: Sent to thread-events: {'event': 'thread_liked', 'user_id': 5, 'actor_id': 3, 'type': 'thread_like', 'message': 'charlie liked your thread', 'reference_id': 5}
2026-04-05 00:57:40,116 [app.kafka_producer] INFO: Sent to thread-events: {'broadcast': True, 'type': 'thread_like_update', 'thread_id': 5, 'like_count': 3}
2026-04-05 00:57:40,119 [app.kafka_producer] INFO: Sent to thread-events: {'event': 'thread_liked', 'user_id': 5, 'actor_id': 11, 'type': 'thread_like', 'message': 'karen liked your thread', 'reference_id': 5}
2026-04-05 00:57:40,140 [app.kafka_producer] INFO: Sent to thread-events: {'broadcast': True, 'type': 'thread_like_update', 'thread_id': 5, 'like_count': 4}
2026-04-05 00:57:40,143 [app.kafka_producer] INFO: Sent to thread-events: {'event': 'thread_liked', 'user_id': 5, 'actor_id': 20, 'type': 'thread_like', 'message': 'tina liked your thread', 'reference_id': 5}
2026-04-05 00:57:40,165 [app.kafka_producer] INFO: Sent to thread-events: {'broadcast': True, 'type': 'thread_like_update', 'thread_id': 5, 'like_count': 5}
2026-04-05 00:57:40,168 [app.kafka_producer] INFO: Sent to thread-events: {'event': 'thread_liked', 'user_id': 5, 'actor_id': 18, 'type': 'thread_like', 'message': 'rachel liked your thread', 'reference_id': 5}
2026-04-05 00:57:40,190 [app.kafka_producer] INFO: Sent to thread-events: {'broadcast': True, 'type': 'thread_like_update', 'thread_id': 5, 'like_count': 6}
2026-04-05 00:57:40,193 [app.kafka_producer] INFO: Sent to thread-events: {'event': 'thread_liked', 'user_id': 5, 'actor_id': 8, 'type': 'thread_like', 'message': 'henry liked your thread', 'reference_id': 5}
2026-04-05 00:57:40,215 [app.kafka_producer] INFO: Sent to thread-events: {'broadcast': True, 'type': 'thread_like_update', 'thread_id': 5, 'like_count': 7}
2026-04-05 00:57:40,220 [app.kafka_producer] INFO: Sent to thread-events: {'event': 'thread_liked', 'user_id': 5, 'actor_id': 9, 'type': 'thread_like', 'message': 'ivy liked your thread', 'reference_id': 5}
2026-04-05 00:57:40,242 [app.kafka_producer] INFO: Sent to thread-events: {'broadcast': True, 'type': 'thread_like_update', 'thread_id': 6, 'like_count': 1}
2026-04-05 00:57:40,245 [app.kafka_producer] INFO: Sent to thread-events: {'event': 'thread_liked', 'user_id': 6, 'actor_id': 17, 'type': 'thread_like', 'message': 'quinn liked your thread', 'reference_id': 6}
2026-04-05 00:57:40,267 [app.kafka_producer] INFO: Sent to thread-events: {'broadcast': True, 'type': 'thread_like_update', 'thread_id': 6, 'like_count': 2}
2026-04-05 00:57:40,270 [app.kafka_producer] INFO: Sent to thread-events: {'event': 'thread_liked', 'user_id': 6, 'actor_id': 4, 'type': 'thread_like', 'message': 'diana liked your thread', 'reference_id': 6}
2026-04-05 00:57:40,291 [app.kafka_producer] INFO: Sent to thread-events: {'broadcast': True, 'type': 'thread_like_update', 'thread_id': 6, 'like_count': 3}
2026-04-05 00:57:40,294 [app.kafka_producer] INFO: Sent to thread-events: {'event': 'thread_liked', 'user_id': 6, 'actor_id': 13, 'type': 'thread_like', 'message': 'mia liked your thread', 'reference_id': 6}
2026-04-05 00:57:40,322 [app.kafka_producer] INFO: Sent to thread-events: {'broadcast': True, 'type': 'thread_like_update', 'thread_id': 6, 'like_count': 4}
2026-04-05 00:57:40,326 [app.kafka_producer] INFO: Sent to thread-events: {'event': 'thread_liked', 'user_id': 6, 'actor_id': 15, 'type': 'thread_like', 'message': 'olivia liked your thread', 'reference_id': 6}
2026-04-05 00:57:40,346 [app.kafka_producer] INFO: Sent to thread-events: {'broadcast': True, 'type': 'thread_like_update', 'thread_id': 6, 'like_count': 5}
2026-04-05 00:57:40,349 [app.kafka_producer] INFO: Sent to thread-events: {'event': 'thread_liked', 'user_id': 6, 'actor_id': 20, 'type': 'thread_like', 'message': 'tina liked your thread', 'reference_id': 6}
2026-04-05 00:57:40,371 [app.kafka_producer] INFO: Sent to thread-events: {'broadcast': True, 'type': 'thread_like_update', 'thread_id': 7, 'like_count': 1}
2026-04-05 00:57:40,374 [app.kafka_producer] INFO: Sent to thread-events: {'event': 'thread_liked', 'user_id': 7, 'actor_id': 14, 'type': 'thread_like', 'message': 'noah liked your thread', 'reference_id': 7}
2026-04-05 00:57:40,396 [app.kafka_producer] INFO: Sent to thread-events: {'broadcast': True, 'type': 'thread_like_update', 'thread_id': 7, 'like_count': 2}
2026-04-05 00:57:40,399 [app.kafka_producer] INFO: Sent to thread-events: {'event': 'thread_liked', 'user_id': 7, 'actor_id': 9, 'type': 'thread_like', 'message': 'ivy liked your thread', 'reference_id': 7}
2026-04-05 00:57:40,419 [app.kafka_producer] INFO: Sent to thread-events: {'broadcast': True, 'type': 'thread_like_update', 'thread_id': 7, 'like_count': 3}
2026-04-05 00:57:40,421 [app.kafka_producer] INFO: Sent to thread-events: {'event': 'thread_liked', 'user_id': 7, 'actor_id': 18, 'type': 'thread_like', 'message': 'rachel liked your thread', 'reference_id': 7}
2026-04-05 00:57:40,446 [app.kafka_producer] INFO: Sent to thread-events: {'broadcast': True, 'type': 'thread_like_update', 'thread_id': 7, 'like_count': 4}
2026-04-05 00:57:40,449 [app.kafka_producer] INFO: Sent to thread-events: {'event': 'thread_liked', 'user_id': 7, 'actor_id': 3, 'type': 'thread_like', 'message': 'charlie liked your thread', 'reference_id': 7}
2026-04-05 00:57:40,473 [app.kafka_producer] INFO: Sent to thread-events: {'broadcast': True, 'type': 'thread_like_update', 'thread_id': 7, 'like_count': 5}
2026-04-05 00:57:40,476 [app.kafka_producer] INFO: Sent to thread-events: {'event': 'thread_liked', 'user_id': 7, 'actor_id': 8, 'type': 'thread_like', 'message': 'henry liked your thread', 'reference_id': 7}
2026-04-05 00:57:40,498 [app.kafka_producer] INFO: Sent to thread-events: {'broadcast': True, 'type': 'thread_like_update', 'thread_id': 7, 'like_count': 6}
2026-04-05 00:57:40,501 [app.kafka_producer] INFO: Sent to thread-events: {'event': 'thread_liked', 'user_id': 7, 'actor_id': 1, 'type': 'thread_like', 'message': 'alice liked your thread', 'reference_id': 7}
2026-04-05 00:57:40,522 [app.kafka_producer] INFO: Sent to thread-events: {'broadcast': True, 'type': 'thread_like_update', 'thread_id': 8, 'like_count': 1}
2026-04-05 00:57:40,525 [app.kafka_producer] INFO: Sent to thread-events: {'event': 'thread_liked', 'user_id': 8, 'actor_id': 2, 'type': 'thread_like', 'message': 'bob liked your thread', 'reference_id': 8}
2026-04-05 00:57:40,548 [app.kafka_producer] INFO: Sent to thread-events: {'broadcast': True, 'type': 'thread_like_update', 'thread_id': 8, 'like_count': 2}
2026-04-05 00:57:40,554 [app.kafka_producer] INFO: Sent to thread-events: {'event': 'thread_liked', 'user_id': 8, 'actor_id': 7, 'type': 'thread_like', 'message': 'grace liked your thread', 'reference_id': 8}
2026-04-05 00:57:40,576 [app.kafka_producer] INFO: Sent to thread-events: {'broadcast': True, 'type': 'thread_like_update', 'thread_id': 8, 'like_count': 3}
2026-04-05 00:57:40,579 [app.kafka_producer] INFO: Sent to thread-events: {'event': 'thread_liked', 'user_id': 8, 'actor_id': 10, 'type': 'thread_like', 'message': 'jack liked your thread', 'reference_id': 8}
2026-04-05 00:57:40,603 [app.kafka_producer] INFO: Sent to thread-events: {'broadcast': True, 'type': 'thread_like_update', 'thread_id': 9, 'like_count': 1}
2026-04-05 00:57:40,607 [app.kafka_producer] INFO: Sent to thread-events: {'event': 'thread_liked', 'user_id': 9, 'actor_id': 11, 'type': 'thread_like', 'message': 'karen liked your thread', 'reference_id': 9}
2026-04-05 00:57:40,627 [app.kafka_producer] INFO: Sent to thread-events: {'broadcast': True, 'type': 'thread_like_update', 'thread_id': 9, 'like_count': 2}
2026-04-05 00:57:40,630 [app.kafka_producer] INFO: Sent to thread-events: {'event': 'thread_liked', 'user_id': 9, 'actor_id': 1, 'type': 'thread_like', 'message': 'alice liked your thread', 'reference_id': 9}
2026-04-05 00:57:40,654 [app.kafka_producer] INFO: Sent to thread-events: {'broadcast': True, 'type': 'thread_like_update', 'thread_id': 9, 'like_count': 3}
2026-04-05 00:57:40,658 [app.kafka_producer] INFO: Sent to thread-events: {'event': 'thread_liked', 'user_id': 9, 'actor_id': 20, 'type': 'thread_like', 'message': 'tina liked your thread', 'reference_id': 9}
2026-04-05 00:57:40,678 [app.kafka_producer] INFO: Sent to thread-events: {'broadcast': True, 'type': 'thread_like_update', 'thread_id': 9, 'like_count': 4}
2026-04-05 00:57:40,680 [app.kafka_producer] INFO: Sent to thread-events: {'event': 'thread_liked', 'user_id': 9, 'actor_id': 6, 'type': 'thread_like', 'message': 'frank liked your thread', 'reference_id': 9}
2026-04-05 00:57:40,703 [app.kafka_producer] INFO: Sent to thread-events: {'broadcast': True, 'type': 'thread_like_update', 'thread_id': 9, 'like_count': 5}
2026-04-05 00:57:40,707 [app.kafka_producer] INFO: Sent to thread-events: {'event': 'thread_liked', 'user_id': 9, 'actor_id': 16, 'type': 'thread_like', 'message': 'peter liked your thread', 'reference_id': 9}
2026-04-05 00:57:40,728 [app.kafka_producer] INFO: Sent to thread-events: {'broadcast': True, 'type': 'thread_like_update', 'thread_id': 9, 'like_count': 6}
2026-04-05 00:57:40,731 [app.kafka_producer] INFO: Sent to thread-events: {'event': 'thread_liked', 'user_id': 9, 'actor_id': 19, 'type': 'thread_like', 'message': 'sam liked your thread', 'reference_id': 9}
2026-04-05 00:57:40,753 [app.kafka_producer] INFO: Sent to thread-events: {'broadcast': True, 'type': 'thread_like_update', 'thread_id': 10, 'like_count': 1}
2026-04-05 00:57:40,757 [app.kafka_producer] INFO: Sent to thread-events: {'event': 'thread_liked', 'user_id': 10, 'actor_id': 13, 'type': 'thread_like', 'message': 'mia liked your thread', 'reference_id': 10}
2026-04-05 00:57:40,779 [app.kafka_producer] INFO: Sent to thread-events: {'broadcast': True, 'type': 'thread_like_update', 'thread_id': 10, 'like_count': 2}
2026-04-05 00:57:40,781 [app.kafka_producer] INFO: Sent to thread-events: {'event': 'thread_liked', 'user_id': 10, 'actor_id': 11, 'type': 'thread_like', 'message': 'karen liked your thread', 'reference_id': 10}
2026-04-05 00:57:40,832 [app.kafka_producer] INFO: Sent to thread-events: {'broadcast': True, 'type': 'thread_like_update', 'thread_id': 10, 'like_count': 3}
2026-04-05 00:57:40,836 [app.kafka_producer] INFO: Sent to thread-events: {'event': 'thread_liked', 'user_id': 10, 'actor_id': 14, 'type': 'thread_like', 'message': 'noah liked your thread', 'reference_id': 10}
2026-04-05 00:57:40,863 [app.kafka_producer] INFO: Sent to thread-events: {'broadcast': True, 'type': 'thread_like_update', 'thread_id': 10, 'like_count': 4}
2026-04-05 00:57:40,865 [app.kafka_producer] INFO: Sent to thread-events: {'event': 'thread_liked', 'user_id': 10, 'actor_id': 3, 'type': 'thread_like', 'message': 'charlie liked your thread', 'reference_id': 10}
2026-04-05 00:57:40,886 [app.kafka_producer] INFO: Sent to thread-events: {'broadcast': True, 'type': 'thread_like_update', 'thread_id': 10, 'like_count': 5}
2026-04-05 00:57:40,889 [app.kafka_producer] INFO: Sent to thread-events: {'event': 'thread_liked', 'user_id': 10, 'actor_id': 6, 'type': 'thread_like', 'message': 'frank liked your thread', 'reference_id': 10}
2026-04-05 00:57:40,911 [app.kafka_producer] INFO: Sent to thread-events: {'broadcast': True, 'type': 'thread_like_update', 'thread_id': 10, 'like_count': 6}
2026-04-05 00:57:40,913 [app.kafka_producer] INFO: Sent to thread-events: {'event': 'thread_liked', 'user_id': 10, 'actor_id': 9, 'type': 'thread_like', 'message': 'ivy liked your thread', 'reference_id': 10}
2026-04-05 00:57:40,954 [app.kafka_producer] INFO: Sent to thread-events: {'broadcast': True, 'type': 'thread_like_update', 'thread_id': 11, 'like_count': 1}
2026-04-05 00:57:40,959 [app.kafka_producer] INFO: Sent to thread-events: {'event': 'thread_liked', 'user_id': 11, 'actor_id': 8, 'type': 'thread_like', 'message': 'henry liked your thread', 'reference_id': 11}
2026-04-05 00:57:40,996 [app.kafka_producer] INFO: Sent to thread-events: {'broadcast': True, 'type': 'thread_like_update', 'thread_id': 11, 'like_count': 2}
2026-04-05 00:57:41,001 [app.kafka_producer] INFO: Sent to thread-events: {'event': 'thread_liked', 'user_id': 11, 'actor_id': 10, 'type': 'thread_like', 'message': 'jack liked your thread', 'reference_id': 11}
2026-04-05 00:57:41,035 [app.kafka_producer] INFO: Sent to thread-events: {'broadcast': True, 'type': 'thread_like_update', 'thread_id': 11, 'like_count': 3}
2026-04-05 00:57:41,038 [app.kafka_producer] INFO: Sent to thread-events: {'event': 'thread_liked', 'user_id': 11, 'actor_id': 18, 'type': 'thread_like', 'message': 'rachel liked your thread', 'reference_id': 11}
2026-04-05 00:57:41,068 [app.kafka_producer] INFO: Sent to thread-events: {'broadcast': True, 'type': 'thread_like_update', 'thread_id': 11, 'like_count': 4}
2026-04-05 00:57:41,071 [app.kafka_producer] INFO: Sent to thread-events: {'event': 'thread_liked', 'user_id': 11, 'actor_id': 1, 'type': 'thread_like', 'message': 'alice liked your thread', 'reference_id': 11}
2026-04-05 00:57:41,097 [app.kafka_producer] INFO: Sent to thread-events: {'broadcast': True, 'type': 'thread_like_update', 'thread_id': 12, 'like_count': 1}
2026-04-05 00:57:41,119 [app.kafka_producer] INFO: Sent to thread-events: {'broadcast': True, 'type': 'thread_like_update', 'thread_id': 12, 'like_count': 2}
2026-04-05 00:57:41,122 [app.kafka_producer] INFO: Sent to thread-events: {'event': 'thread_liked', 'user_id': 12, 'actor_id': 20, 'type': 'thread_like', 'message': 'tina liked your thread', 'reference_id': 12}
2026-04-05 00:57:41,147 [app.kafka_producer] INFO: Sent to thread-events: {'broadcast': True, 'type': 'thread_like_update', 'thread_id': 12, 'like_count': 3}
2026-04-05 00:57:41,150 [app.kafka_producer] INFO: Sent to thread-events: {'event': 'thread_liked', 'user_id': 12, 'actor_id': 8, 'type': 'thread_like', 'message': 'henry liked your thread', 'reference_id': 12}
2026-04-05 00:57:41,176 [app.kafka_producer] INFO: Sent to thread-events: {'broadcast': True, 'type': 'thread_like_update', 'thread_id': 13, 'like_count': 1}
2026-04-05 00:57:41,181 [app.kafka_producer] INFO: Sent to thread-events: {'event': 'thread_liked', 'user_id': 13, 'actor_id': 14, 'type': 'thread_like', 'message': 'noah liked your thread', 'reference_id': 13}
2026-04-05 00:57:41,207 [app.kafka_producer] INFO: Sent to thread-events: {'broadcast': True, 'type': 'thread_like_update', 'thread_id': 13, 'like_count': 2}
2026-04-05 00:57:41,210 [app.kafka_producer] INFO: Sent to thread-events: {'event': 'thread_liked', 'user_id': 13, 'actor_id': 6, 'type': 'thread_like', 'message': 'frank liked your thread', 'reference_id': 13}
2026-04-05 00:57:41,239 [app.kafka_producer] INFO: Sent to thread-events: {'broadcast': True, 'type': 'thread_like_update', 'thread_id': 13, 'like_count': 3}
2026-04-05 00:57:41,243 [app.kafka_producer] INFO: Sent to thread-events: {'event': 'thread_liked', 'user_id': 13, 'actor_id': 18, 'type': 'thread_like', 'message': 'rachel liked your thread', 'reference_id': 13}
2026-04-05 00:57:41,266 [app.kafka_producer] INFO: Sent to thread-events: {'broadcast': True, 'type': 'thread_like_update', 'thread_id': 13, 'like_count': 4}
2026-04-05 00:57:41,269 [app.kafka_producer] INFO: Sent to thread-events: {'event': 'thread_liked', 'user_id': 13, 'actor_id': 7, 'type': 'thread_like', 'message': 'grace liked your thread', 'reference_id': 13}
2026-04-05 00:57:41,292 [app.kafka_producer] INFO: Sent to thread-events: {'broadcast': True, 'type': 'thread_like_update', 'thread_id': 13, 'like_count': 5}
2026-04-05 00:57:41,297 [app.kafka_producer] INFO: Sent to thread-events: {'event': 'thread_liked', 'user_id': 13, 'actor_id': 20, 'type': 'thread_like', 'message': 'tina liked your thread', 'reference_id': 13}
2026-04-05 00:57:41,323 [app.kafka_producer] INFO: Sent to thread-events: {'broadcast': True, 'type': 'thread_like_update', 'thread_id': 14, 'like_count': 1}
2026-04-05 00:57:41,327 [app.kafka_producer] INFO: Sent to thread-events: {'event': 'thread_liked', 'user_id': 14, 'actor_id': 5, 'type': 'thread_like', 'message': 'eve liked your thread', 'reference_id': 14}
2026-04-05 00:57:41,352 [app.kafka_producer] INFO: Sent to thread-events: {'broadcast': True, 'type': 'thread_like_update', 'thread_id': 14, 'like_count': 2}
2026-04-05 00:57:41,355 [app.kafka_producer] INFO: Sent to thread-events: {'event': 'thread_liked', 'user_id': 14, 'actor_id': 18, 'type': 'thread_like', 'message': 'rachel liked your thread', 'reference_id': 14}
2026-04-05 00:57:41,378 [app.kafka_producer] INFO: Sent to thread-events: {'broadcast': True, 'type': 'thread_like_update', 'thread_id': 14, 'like_count': 3}
2026-04-05 00:57:41,382 [app.kafka_producer] INFO: Sent to thread-events: {'event': 'thread_liked', 'user_id': 14, 'actor_id': 6, 'type': 'thread_like', 'message': 'frank liked your thread', 'reference_id': 14}
2026-04-05 00:57:41,407 [app.kafka_producer] INFO: Sent to thread-events: {'broadcast': True, 'type': 'thread_like_update', 'thread_id': 14, 'like_count': 4}
2026-04-05 00:57:41,410 [app.kafka_producer] INFO: Sent to thread-events: {'event': 'thread_liked', 'user_id': 14, 'actor_id': 8, 'type': 'thread_like', 'message': 'henry liked your thread', 'reference_id': 14}
2026-04-05 00:57:41,434 [app.kafka_producer] INFO: Sent to thread-events: {'broadcast': True, 'type': 'thread_like_update', 'thread_id': 14, 'like_count': 5}
2026-04-05 00:57:41,436 [app.kafka_producer] INFO: Sent to thread-events: {'event': 'thread_liked', 'user_id': 14, 'actor_id': 3, 'type': 'thread_like', 'message': 'charlie liked your thread', 'reference_id': 14}
2026-04-05 00:57:41,458 [app.kafka_producer] INFO: Sent to thread-events: {'broadcast': True, 'type': 'thread_like_update', 'thread_id': 14, 'like_count': 6}
2026-04-05 00:57:41,462 [app.kafka_producer] INFO: Sent to thread-events: {'event': 'thread_liked', 'user_id': 14, 'actor_id': 13, 'type': 'thread_like', 'message': 'mia liked your thread', 'reference_id': 14}
2026-04-05 00:57:41,488 [app.kafka_producer] INFO: Sent to thread-events: {'broadcast': True, 'type': 'thread_like_update', 'thread_id': 15, 'like_count': 1}
2026-04-05 00:57:41,491 [app.kafka_producer] INFO: Sent to thread-events: {'event': 'thread_liked', 'user_id': 15, 'actor_id': 12, 'type': 'thread_like', 'message': 'leo liked your thread', 'reference_id': 15}
2026-04-05 00:57:41,513 [app.kafka_producer] INFO: Sent to thread-events: {'broadcast': True, 'type': 'thread_like_update', 'thread_id': 15, 'like_count': 2}
2026-04-05 00:57:41,516 [app.kafka_producer] INFO: Sent to thread-events: {'event': 'thread_liked', 'user_id': 15, 'actor_id': 18, 'type': 'thread_like', 'message': 'rachel liked your thread', 'reference_id': 15}
2026-04-05 00:57:41,540 [app.kafka_producer] INFO: Sent to thread-events: {'broadcast': True, 'type': 'thread_like_update', 'thread_id': 15, 'like_count': 3}
2026-04-05 00:57:41,543 [app.kafka_producer] INFO: Sent to thread-events: {'event': 'thread_liked', 'user_id': 15, 'actor_id': 3, 'type': 'thread_like', 'message': 'charlie liked your thread', 'reference_id': 15}
2026-04-05 00:57:41,565 [app.kafka_producer] INFO: Sent to thread-events: {'broadcast': True, 'type': 'thread_like_update', 'thread_id': 15, 'like_count': 4}
2026-04-05 00:57:41,569 [app.kafka_producer] INFO: Sent to thread-events: {'event': 'thread_liked', 'user_id': 15, 'actor_id': 19, 'type': 'thread_like', 'message': 'sam liked your thread', 'reference_id': 15}
2026-04-05 00:57:41,593 [app.kafka_producer] INFO: Sent to thread-events: {'broadcast': True, 'type': 'thread_like_update', 'thread_id': 16, 'like_count': 1}
2026-04-05 00:57:41,595 [app.kafka_producer] INFO: Sent to thread-events: {'event': 'thread_liked', 'user_id': 16, 'actor_id': 3, 'type': 'thread_like', 'message': 'charlie liked your thread', 'reference_id': 16}
2026-04-05 00:57:41,617 [app.kafka_producer] INFO: Sent to thread-events: {'broadcast': True, 'type': 'thread_like_update', 'thread_id': 16, 'like_count': 2}
2026-04-05 00:57:41,621 [app.kafka_producer] INFO: Sent to thread-events: {'event': 'thread_liked', 'user_id': 16, 'actor_id': 7, 'type': 'thread_like', 'message': 'grace liked your thread', 'reference_id': 16}
2026-04-05 00:57:41,645 [app.kafka_producer] INFO: Sent to thread-events: {'broadcast': True, 'type': 'thread_like_update', 'thread_id': 16, 'like_count': 3}
2026-04-05 00:57:41,648 [app.kafka_producer] INFO: Sent to thread-events: {'event': 'thread_liked', 'user_id': 16, 'actor_id': 10, 'type': 'thread_like', 'message': 'jack liked your thread', 'reference_id': 16}
2026-04-05 00:57:41,695 [app.kafka_producer] INFO: Sent to thread-events: {'broadcast': True, 'type': 'thread_like_update', 'thread_id': 16, 'like_count': 4}
2026-04-05 00:57:41,698 [app.kafka_producer] INFO: Sent to thread-events: {'event': 'thread_liked', 'user_id': 16, 'actor_id': 15, 'type': 'thread_like', 'message': 'olivia liked your thread', 'reference_id': 16}
2026-04-05 00:57:41,720 [app.kafka_producer] INFO: Sent to thread-events: {'broadcast': True, 'type': 'thread_like_update', 'thread_id': 16, 'like_count': 5}
2026-04-05 00:57:41,723 [app.kafka_producer] INFO: Sent to thread-events: {'event': 'thread_liked', 'user_id': 16, 'actor_id': 11, 'type': 'thread_like', 'message': 'karen liked your thread', 'reference_id': 16}
2026-04-05 00:57:41,746 [app.kafka_producer] INFO: Sent to thread-events: {'broadcast': True, 'type': 'thread_like_update', 'thread_id': 16, 'like_count': 6}
2026-04-05 00:57:41,749 [app.kafka_producer] INFO: Sent to thread-events: {'event': 'thread_liked', 'user_id': 16, 'actor_id': 19, 'type': 'thread_like', 'message': 'sam liked your thread', 'reference_id': 16}
2026-04-05 00:57:41,772 [app.kafka_producer] INFO: Sent to thread-events: {'broadcast': True, 'type': 'thread_like_update', 'thread_id': 16, 'like_count': 7}
2026-04-05 00:57:41,776 [app.kafka_producer] INFO: Sent to thread-events: {'event': 'thread_liked', 'user_id': 16, 'actor_id': 8, 'type': 'thread_like', 'message': 'henry liked your thread', 'reference_id': 16}
2026-04-05 00:57:41,798 [app.kafka_producer] INFO: Sent to thread-events: {'broadcast': True, 'type': 'thread_like_update', 'thread_id': 16, 'like_count': 8}
2026-04-05 00:57:41,823 [app.kafka_producer] INFO: Sent to thread-events: {'broadcast': True, 'type': 'thread_like_update', 'thread_id': 17, 'like_count': 1}
2026-04-05 00:57:41,826 [app.kafka_producer] INFO: Sent to thread-events: {'event': 'thread_liked', 'user_id': 17, 'actor_id': 14, 'type': 'thread_like', 'message': 'noah liked your thread', 'reference_id': 17}
2026-04-05 00:57:41,847 [app.kafka_producer] INFO: Sent to thread-events: {'broadcast': True, 'type': 'thread_like_update', 'thread_id': 17, 'like_count': 2}
2026-04-05 00:57:41,850 [app.kafka_producer] INFO: Sent to thread-events: {'event': 'thread_liked', 'user_id': 17, 'actor_id': 5, 'type': 'thread_like', 'message': 'eve liked your thread', 'reference_id': 17}
2026-04-05 00:57:41,874 [app.kafka_producer] INFO: Sent to thread-events: {'broadcast': True, 'type': 'thread_like_update', 'thread_id': 17, 'like_count': 3}
2026-04-05 00:57:41,878 [app.kafka_producer] INFO: Sent to thread-events: {'event': 'thread_liked', 'user_id': 17, 'actor_id': 2, 'type': 'thread_like', 'message': 'bob liked your thread', 'reference_id': 17}
2026-04-05 00:57:41,901 [app.kafka_producer] INFO: Sent to thread-events: {'broadcast': True, 'type': 'thread_like_update', 'thread_id': 17, 'like_count': 4}
2026-04-05 00:57:41,907 [app.kafka_producer] INFO: Sent to thread-events: {'event': 'thread_liked', 'user_id': 17, 'actor_id': 1, 'type': 'thread_like', 'message': 'alice liked your thread', 'reference_id': 17}
2026-04-05 00:57:41,928 [app.kafka_producer] INFO: Sent to thread-events: {'broadcast': True, 'type': 'thread_like_update', 'thread_id': 17, 'like_count': 5}
2026-04-05 00:57:41,932 [app.kafka_producer] INFO: Sent to thread-events: {'event': 'thread_liked', 'user_id': 17, 'actor_id': 19, 'type': 'thread_like', 'message': 'sam liked your thread', 'reference_id': 17}
2026-04-05 00:57:41,958 [app.kafka_producer] INFO: Sent to thread-events: {'broadcast': True, 'type': 'thread_like_update', 'thread_id': 18, 'like_count': 1}
2026-04-05 00:57:41,962 [app.kafka_producer] INFO: Sent to thread-events: {'event': 'thread_liked', 'user_id': 18, 'actor_id': 16, 'type': 'thread_like', 'message': 'peter liked your thread', 'reference_id': 18}
2026-04-05 00:57:41,986 [app.kafka_producer] INFO: Sent to thread-events: {'broadcast': True, 'type': 'thread_like_update', 'thread_id': 18, 'like_count': 2}
2026-04-05 00:57:41,989 [app.kafka_producer] INFO: Sent to thread-events: {'event': 'thread_liked', 'user_id': 18, 'actor_id': 11, 'type': 'thread_like', 'message': 'karen liked your thread', 'reference_id': 18}
2026-04-05 00:57:42,012 [app.kafka_producer] INFO: Sent to thread-events: {'broadcast': True, 'type': 'thread_like_update', 'thread_id': 18, 'like_count': 3}
2026-04-05 00:57:42,014 [app.kafka_producer] INFO: Sent to thread-events: {'event': 'thread_liked', 'user_id': 18, 'actor_id': 4, 'type': 'thread_like', 'message': 'diana liked your thread', 'reference_id': 18}
2026-04-05 00:57:42,034 [app.kafka_producer] INFO: Sent to thread-events: {'broadcast': True, 'type': 'thread_like_update', 'thread_id': 18, 'like_count': 4}
2026-04-05 00:57:42,037 [app.kafka_producer] INFO: Sent to thread-events: {'event': 'thread_liked', 'user_id': 18, 'actor_id': 13, 'type': 'thread_like', 'message': 'mia liked your thread', 'reference_id': 18}
2026-04-05 00:57:42,060 [app.kafka_producer] INFO: Sent to thread-events: {'broadcast': True, 'type': 'thread_like_update', 'thread_id': 18, 'like_count': 5}
2026-04-05 00:57:42,064 [app.kafka_producer] INFO: Sent to thread-events: {'event': 'thread_liked', 'user_id': 18, 'actor_id': 2, 'type': 'thread_like', 'message': 'bob liked your thread', 'reference_id': 18}
2026-04-05 00:57:42,084 [app.kafka_producer] INFO: Sent to thread-events: {'broadcast': True, 'type': 'thread_like_update', 'thread_id': 18, 'like_count': 6}
2026-04-05 00:57:42,086 [app.kafka_producer] INFO: Sent to thread-events: {'event': 'thread_liked', 'user_id': 18, 'actor_id': 5, 'type': 'thread_like', 'message': 'eve liked your thread', 'reference_id': 18}
2026-04-05 00:57:42,110 [app.kafka_producer] INFO: Sent to thread-events: {'broadcast': True, 'type': 'thread_like_update', 'thread_id': 18, 'like_count': 7}
2026-04-05 00:57:42,115 [app.kafka_producer] INFO: Sent to thread-events: {'event': 'thread_liked', 'user_id': 18, 'actor_id': 9, 'type': 'thread_like', 'message': 'ivy liked your thread', 'reference_id': 18}
2026-04-05 00:57:42,136 [app.kafka_producer] INFO: Sent to thread-events: {'broadcast': True, 'type': 'thread_like_update', 'thread_id': 19, 'like_count': 1}
2026-04-05 00:57:42,161 [app.kafka_producer] INFO: Sent to thread-events: {'broadcast': True, 'type': 'thread_like_update', 'thread_id': 19, 'like_count': 2}
2026-04-05 00:57:42,164 [app.kafka_producer] INFO: Sent to thread-events: {'event': 'thread_liked', 'user_id': 19, 'actor_id': 10, 'type': 'thread_like', 'message': 'jack liked your thread', 'reference_id': 19}
2026-04-05 00:57:42,188 [app.kafka_producer] INFO: Sent to thread-events: {'broadcast': True, 'type': 'thread_like_update', 'thread_id': 19, 'like_count': 3}
2026-04-05 00:57:42,191 [app.kafka_producer] INFO: Sent to thread-events: {'event': 'thread_liked', 'user_id': 19, 'actor_id': 13, 'type': 'thread_like', 'message': 'mia liked your thread', 'reference_id': 19}
2026-04-05 00:57:42,214 [app.kafka_producer] INFO: Sent to thread-events: {'broadcast': True, 'type': 'thread_like_update', 'thread_id': 19, 'like_count': 4}
2026-04-05 00:57:42,217 [app.kafka_producer] INFO: Sent to thread-events: {'event': 'thread_liked', 'user_id': 19, 'actor_id': 18, 'type': 'thread_like', 'message': 'rachel liked your thread', 'reference_id': 19}
2026-04-05 00:57:42,237 [app.kafka_producer] INFO: Sent to thread-events: {'broadcast': True, 'type': 'thread_like_update', 'thread_id': 19, 'like_count': 5}
2026-04-05 00:57:42,239 [app.kafka_producer] INFO: Sent to thread-events: {'event': 'thread_liked', 'user_id': 19, 'actor_id': 11, 'type': 'thread_like', 'message': 'karen liked your thread', 'reference_id': 19}
2026-04-05 00:57:42,264 [app.kafka_producer] INFO: Sent to thread-events: {'broadcast': True, 'type': 'thread_like_update', 'thread_id': 19, 'like_count': 6}
2026-04-05 00:57:42,267 [app.kafka_producer] INFO: Sent to thread-events: {'event': 'thread_liked', 'user_id': 19, 'actor_id': 9, 'type': 'thread_like', 'message': 'ivy liked your thread', 'reference_id': 19}
2026-04-05 00:57:42,290 [app.kafka_producer] INFO: Sent to thread-events: {'broadcast': True, 'type': 'thread_like_update', 'thread_id': 19, 'like_count': 7}
2026-04-05 00:57:42,294 [app.kafka_producer] INFO: Sent to thread-events: {'event': 'thread_liked', 'user_id': 19, 'actor_id': 7, 'type': 'thread_like', 'message': 'grace liked your thread', 'reference_id': 19}
2026-04-05 00:57:42,317 [app.kafka_producer] INFO: Sent to thread-events: {'broadcast': True, 'type': 'thread_like_update', 'thread_id': 20, 'like_count': 1}
2026-04-05 00:57:42,319 [app.kafka_producer] INFO: Sent to thread-events: {'event': 'thread_liked', 'user_id': 20, 'actor_id': 15, 'type': 'thread_like', 'message': 'olivia liked your thread', 'reference_id': 20}
2026-04-05 00:57:42,340 [app.kafka_producer] INFO: Sent to thread-events: {'broadcast': True, 'type': 'thread_like_update', 'thread_id': 20, 'like_count': 2}
2026-04-05 00:57:42,364 [app.kafka_producer] INFO: Sent to thread-events: {'broadcast': True, 'type': 'thread_like_update', 'thread_id': 20, 'like_count': 3}
2026-04-05 00:57:42,366 [app.kafka_producer] INFO: Sent to thread-events: {'event': 'thread_liked', 'user_id': 20, 'actor_id': 8, 'type': 'thread_like', 'message': 'henry liked your thread', 'reference_id': 20}
2026-04-05 00:57:42,387 [app.kafka_producer] INFO: Sent to thread-events: {'broadcast': True, 'type': 'thread_like_update', 'thread_id': 20, 'like_count': 4}
2026-04-05 00:57:42,390 [app.kafka_producer] INFO: Sent to thread-events: {'event': 'thread_liked', 'user_id': 20, 'actor_id': 14, 'type': 'thread_like', 'message': 'noah liked your thread', 'reference_id': 20}
2026-04-05 00:57:42,646 [httpx] INFO: HTTP Request: GET http://comment_service:8005/comments/thread-counts?thread_ids=1 "HTTP/1.1 200 OK"
2026-04-05 00:57:42,741 [httpx] INFO: HTTP Request: GET http://comment_service:8005/comments/thread-counts?thread_ids=1 "HTTP/1.1 200 OK"
2026-04-05 00:57:42,812 [httpx] INFO: HTTP Request: GET http://comment_service:8005/comments/thread-counts?thread_ids=1 "HTTP/1.1 200 OK"
2026-04-05 00:57:42,879 [httpx] INFO: HTTP Request: GET http://comment_service:8005/comments/thread-counts?thread_ids=1 "HTTP/1.1 200 OK"
2026-04-05 00:57:42,932 [httpx] INFO: HTTP Request: GET http://comment_service:8005/comments/thread-counts?thread_ids=1 "HTTP/1.1 200 OK"
2026-04-05 00:57:43,007 [httpx] INFO: HTTP Request: GET http://comment_service:8005/comments/thread-counts?thread_ids=1 "HTTP/1.1 200 OK"
2026-04-05 00:57:43,125 [httpx] INFO: HTTP Request: GET http://comment_service:8005/comments/thread-counts?thread_ids=1 "HTTP/1.1 200 OK"
2026-04-05 00:57:43,184 [httpx] INFO: HTTP Request: GET http://comment_service:8005/comments/thread-counts?thread_ids=2 "HTTP/1.1 200 OK"
2026-04-05 00:57:43,242 [httpx] INFO: HTTP Request: GET http://comment_service:8005/comments/thread-counts?thread_ids=2 "HTTP/1.1 200 OK"
2026-04-05 00:57:43,318 [httpx] INFO: HTTP Request: GET http://comment_service:8005/comments/thread-counts?thread_ids=2 "HTTP/1.1 200 OK"
2026-04-05 00:57:43,397 [httpx] INFO: HTTP Request: GET http://comment_service:8005/comments/thread-counts?thread_ids=2 "HTTP/1.1 200 OK"
2026-04-05 00:57:43,457 [httpx] INFO: HTTP Request: GET http://comment_service:8005/comments/thread-counts?thread_ids=2 "HTTP/1.1 200 OK"
2026-04-05 00:57:43,519 [httpx] INFO: HTTP Request: GET http://comment_service:8005/comments/thread-counts?thread_ids=3 "HTTP/1.1 200 OK"
2026-04-05 00:57:43,565 [httpx] INFO: HTTP Request: GET http://comment_service:8005/comments/thread-counts?thread_ids=3 "HTTP/1.1 200 OK"
2026-04-05 00:57:43,632 [httpx] INFO: HTTP Request: GET http://comment_service:8005/comments/thread-counts?thread_ids=3 "HTTP/1.1 200 OK"
2026-04-05 00:57:43,694 [httpx] INFO: HTTP Request: GET http://comment_service:8005/comments/thread-counts?thread_ids=3 "HTTP/1.1 200 OK"
2026-04-05 00:57:43,741 [httpx] INFO: HTTP Request: GET http://comment_service:8005/comments/thread-counts?thread_ids=3 "HTTP/1.1 200 OK"
2026-04-05 00:57:43,805 [httpx] INFO: HTTP Request: GET http://comment_service:8005/comments/thread-counts?thread_ids=3 "HTTP/1.1 200 OK"
2026-04-05 00:57:43,869 [httpx] INFO: HTTP Request: GET http://comment_service:8005/comments/thread-counts?thread_ids=4 "HTTP/1.1 200 OK"
2026-04-05 00:57:43,928 [httpx] INFO: HTTP Request: GET http://comment_service:8005/comments/thread-counts?thread_ids=4 "HTTP/1.1 200 OK"
2026-04-05 00:57:43,991 [httpx] INFO: HTTP Request: GET http://comment_service:8005/comments/thread-counts?thread_ids=4 "HTTP/1.1 200 OK"
2026-04-05 00:57:44,052 [httpx] INFO: HTTP Request: GET http://comment_service:8005/comments/thread-counts?thread_ids=4 "HTTP/1.1 200 OK"
2026-04-05 00:57:44,095 [httpx] INFO: HTTP Request: GET http://comment_service:8005/comments/thread-counts?thread_ids=4 "HTTP/1.1 200 OK"
2026-04-05 00:57:44,154 [httpx] INFO: HTTP Request: GET http://comment_service:8005/comments/thread-counts?thread_ids=5 "HTTP/1.1 200 OK"
2026-04-05 00:57:44,204 [httpx] INFO: HTTP Request: GET http://comment_service:8005/comments/thread-counts?thread_ids=5 "HTTP/1.1 200 OK"
2026-04-05 00:57:44,245 [httpx] INFO: HTTP Request: GET http://comment_service:8005/comments/thread-counts?thread_ids=5 "HTTP/1.1 200 OK"
2026-04-05 00:57:44,290 [httpx] INFO: HTTP Request: GET http://comment_service:8005/comments/thread-counts?thread_ids=5 "HTTP/1.1 200 OK"
2026-04-05 00:57:44,361 [httpx] INFO: HTTP Request: GET http://comment_service:8005/comments/thread-counts?thread_ids=5 "HTTP/1.1 200 OK"
2026-04-05 00:57:44,409 [httpx] INFO: HTTP Request: GET http://comment_service:8005/comments/thread-counts?thread_ids=5 "HTTP/1.1 200 OK"
2026-04-05 00:57:44,450 [httpx] INFO: HTTP Request: GET http://comment_service:8005/comments/thread-counts?thread_ids=5 "HTTP/1.1 200 OK"
2026-04-05 00:57:44,553 [httpx] INFO: HTTP Request: GET http://comment_service:8005/comments/thread-counts?thread_ids=6 "HTTP/1.1 200 OK"
2026-04-05 00:57:44,628 [httpx] INFO: HTTP Request: GET http://comment_service:8005/comments/thread-counts?thread_ids=6 "HTTP/1.1 200 OK"
2026-04-05 00:57:44,675 [httpx] INFO: HTTP Request: GET http://comment_service:8005/comments/thread-counts?thread_ids=6 "HTTP/1.1 200 OK"
2026-04-05 00:57:44,724 [httpx] INFO: HTTP Request: GET http://comment_service:8005/comments/thread-counts?thread_ids=6 "HTTP/1.1 200 OK"
2026-04-05 00:57:44,767 [httpx] INFO: HTTP Request: GET http://comment_service:8005/comments/thread-counts?thread_ids=6 "HTTP/1.1 200 OK"
2026-04-05 00:57:44,810 [httpx] INFO: HTTP Request: GET http://comment_service:8005/comments/thread-counts?thread_ids=6 "HTTP/1.1 200 OK"
2026-04-05 00:57:44,854 [httpx] INFO: HTTP Request: GET http://comment_service:8005/comments/thread-counts?thread_ids=7 "HTTP/1.1 200 OK"
2026-04-05 00:57:44,953 [httpx] INFO: HTTP Request: GET http://comment_service:8005/comments/thread-counts?thread_ids=7 "HTTP/1.1 200 OK"
2026-04-05 00:57:44,997 [httpx] INFO: HTTP Request: GET http://comment_service:8005/comments/thread-counts?thread_ids=7 "HTTP/1.1 200 OK"
2026-04-05 00:57:45,040 [httpx] INFO: HTTP Request: GET http://comment_service:8005/comments/thread-counts?thread_ids=7 "HTTP/1.1 200 OK"
2026-04-05 00:57:45,088 [httpx] INFO: HTTP Request: GET http://comment_service:8005/comments/thread-counts?thread_ids=7 "HTTP/1.1 200 OK"
2026-04-05 00:57:45,133 [httpx] INFO: HTTP Request: GET http://comment_service:8005/comments/thread-counts?thread_ids=7 "HTTP/1.1 200 OK"
2026-04-05 00:57:45,178 [httpx] INFO: HTTP Request: GET http://comment_service:8005/comments/thread-counts?thread_ids=8 "HTTP/1.1 200 OK"
2026-04-05 00:57:45,220 [httpx] INFO: HTTP Request: GET http://comment_service:8005/comments/thread-counts?thread_ids=8 "HTTP/1.1 200 OK"
2026-04-05 00:57:45,272 [httpx] INFO: HTTP Request: GET http://comment_service:8005/comments/thread-counts?thread_ids=8 "HTTP/1.1 200 OK"
2026-04-05 00:57:45,316 [httpx] INFO: HTTP Request: GET http://comment_service:8005/comments/thread-counts?thread_ids=8 "HTTP/1.1 200 OK"
2026-04-05 00:57:45,376 [httpx] INFO: HTTP Request: GET http://comment_service:8005/comments/thread-counts?thread_ids=9 "HTTP/1.1 200 OK"
2026-04-05 00:57:45,423 [httpx] INFO: HTTP Request: GET http://comment_service:8005/comments/thread-counts?thread_ids=9 "HTTP/1.1 200 OK"
2026-04-05 00:57:45,468 [httpx] INFO: HTTP Request: GET http://comment_service:8005/comments/thread-counts?thread_ids=9 "HTTP/1.1 200 OK"
2026-04-05 00:57:45,515 [httpx] INFO: HTTP Request: GET http://comment_service:8005/comments/thread-counts?thread_ids=9 "HTTP/1.1 200 OK"
2026-04-05 00:57:45,565 [httpx] INFO: HTTP Request: GET http://comment_service:8005/comments/thread-counts?thread_ids=9 "HTTP/1.1 200 OK"
2026-04-05 00:57:45,620 [httpx] INFO: HTTP Request: GET http://comment_service:8005/comments/thread-counts?thread_ids=9 "HTTP/1.1 200 OK"
2026-04-05 00:57:45,698 [httpx] INFO: HTTP Request: GET http://comment_service:8005/comments/thread-counts?thread_ids=9 "HTTP/1.1 200 OK"
2026-04-05 00:57:45,781 [httpx] INFO: HTTP Request: GET http://comment_service:8005/comments/thread-counts?thread_ids=10 "HTTP/1.1 200 OK"
2026-04-05 00:57:45,876 [httpx] INFO: HTTP Request: GET http://comment_service:8005/comments/thread-counts?thread_ids=10 "HTTP/1.1 200 OK"
2026-04-05 00:57:45,930 [httpx] INFO: HTTP Request: GET http://comment_service:8005/comments/thread-counts?thread_ids=10 "HTTP/1.1 200 OK"
2026-04-05 00:57:45,976 [httpx] INFO: HTTP Request: GET http://comment_service:8005/comments/thread-counts?thread_ids=10 "HTTP/1.1 200 OK"
2026-04-05 00:57:46,021 [httpx] INFO: HTTP Request: GET http://comment_service:8005/comments/thread-counts?thread_ids=10 "HTTP/1.1 200 OK"
2026-04-05 00:57:46,064 [httpx] INFO: HTTP Request: GET http://comment_service:8005/comments/thread-counts?thread_ids=10 "HTTP/1.1 200 OK"
2026-04-05 00:57:46,119 [httpx] INFO: HTTP Request: GET http://comment_service:8005/comments/thread-counts?thread_ids=10 "HTTP/1.1 200 OK"
2026-04-05 00:57:46,162 [httpx] INFO: HTTP Request: GET http://comment_service:8005/comments/thread-counts?thread_ids=11 "HTTP/1.1 200 OK"
2026-04-05 00:57:46,226 [httpx] INFO: HTTP Request: GET http://comment_service:8005/comments/thread-counts?thread_ids=11 "HTTP/1.1 200 OK"
2026-04-05 00:57:46,268 [httpx] INFO: HTTP Request: GET http://comment_service:8005/comments/thread-counts?thread_ids=11 "HTTP/1.1 200 OK"
2026-04-05 00:57:46,311 [httpx] INFO: HTTP Request: GET http://comment_service:8005/comments/thread-counts?thread_ids=11 "HTTP/1.1 200 OK"
2026-04-05 00:57:46,352 [httpx] INFO: HTTP Request: GET http://comment_service:8005/comments/thread-counts?thread_ids=11 "HTTP/1.1 200 OK"
2026-04-05 00:57:46,399 [httpx] INFO: HTTP Request: GET http://comment_service:8005/comments/thread-counts?thread_ids=11 "HTTP/1.1 200 OK"
2026-04-05 00:57:46,456 [httpx] INFO: HTTP Request: GET http://comment_service:8005/comments/thread-counts?thread_ids=11 "HTTP/1.1 200 OK"
2026-04-05 00:57:46,501 [httpx] INFO: HTTP Request: GET http://comment_service:8005/comments/thread-counts?thread_ids=12 "HTTP/1.1 200 OK"
2026-04-05 00:57:46,546 [httpx] INFO: HTTP Request: GET http://comment_service:8005/comments/thread-counts?thread_ids=12 "HTTP/1.1 200 OK"
2026-04-05 00:57:46,587 [httpx] INFO: HTTP Request: GET http://comment_service:8005/comments/thread-counts?thread_ids=12 "HTTP/1.1 200 OK"
2026-04-05 00:57:46,628 [httpx] INFO: HTTP Request: GET http://comment_service:8005/comments/thread-counts?thread_ids=12 "HTTP/1.1 200 OK"
2026-04-05 00:57:46,670 [httpx] INFO: HTTP Request: GET http://comment_service:8005/comments/thread-counts?thread_ids=12 "HTTP/1.1 200 OK"
2026-04-05 00:57:46,716 [httpx] INFO: HTTP Request: GET http://comment_service:8005/comments/thread-counts?thread_ids=12 "HTTP/1.1 200 OK"
2026-04-05 00:57:46,768 [httpx] INFO: HTTP Request: GET http://comment_service:8005/comments/thread-counts?thread_ids=12 "HTTP/1.1 200 OK"
2026-04-05 00:57:46,831 [httpx] INFO: HTTP Request: GET http://comment_service:8005/comments/thread-counts?thread_ids=13 "HTTP/1.1 200 OK"
2026-04-05 00:57:46,875 [httpx] INFO: HTTP Request: GET http://comment_service:8005/comments/thread-counts?thread_ids=13 "HTTP/1.1 200 OK"
2026-04-05 00:57:46,925 [httpx] INFO: HTTP Request: GET http://comment_service:8005/comments/thread-counts?thread_ids=13 "HTTP/1.1 200 OK"
2026-04-05 00:57:46,970 [httpx] INFO: HTTP Request: GET http://comment_service:8005/comments/thread-counts?thread_ids=13 "HTTP/1.1 200 OK"
2026-04-05 00:57:47,019 [httpx] INFO: HTTP Request: GET http://comment_service:8005/comments/thread-counts?thread_ids=13 "HTTP/1.1 200 OK"
2026-04-05 00:57:47,065 [httpx] INFO: HTTP Request: GET http://comment_service:8005/comments/thread-counts?thread_ids=13 "HTTP/1.1 200 OK"
2026-04-05 00:57:47,108 [httpx] INFO: HTTP Request: GET http://comment_service:8005/comments/thread-counts?thread_ids=13 "HTTP/1.1 200 OK"
2026-04-05 00:57:47,157 [httpx] INFO: HTTP Request: GET http://comment_service:8005/comments/thread-counts?thread_ids=14 "HTTP/1.1 200 OK"
2026-04-05 00:57:47,206 [httpx] INFO: HTTP Request: GET http://comment_service:8005/comments/thread-counts?thread_ids=14 "HTTP/1.1 200 OK"
2026-04-05 00:57:47,264 [httpx] INFO: HTTP Request: GET http://comment_service:8005/comments/thread-counts?thread_ids=14 "HTTP/1.1 200 OK"
2026-04-05 00:57:47,314 [httpx] INFO: HTTP Request: GET http://comment_service:8005/comments/thread-counts?thread_ids=14 "HTTP/1.1 200 OK"
2026-04-05 00:57:47,362 [httpx] INFO: HTTP Request: GET http://comment_service:8005/comments/thread-counts?thread_ids=14 "HTTP/1.1 200 OK"
2026-04-05 00:57:47,424 [httpx] INFO: HTTP Request: GET http://comment_service:8005/comments/thread-counts?thread_ids=14 "HTTP/1.1 200 OK"
2026-04-05 00:57:47,473 [httpx] INFO: HTTP Request: GET http://comment_service:8005/comments/thread-counts?thread_ids=15 "HTTP/1.1 200 OK"
2026-04-05 00:57:47,519 [httpx] INFO: HTTP Request: GET http://comment_service:8005/comments/thread-counts?thread_ids=15 "HTTP/1.1 200 OK"
2026-04-05 00:57:47,573 [httpx] INFO: HTTP Request: GET http://comment_service:8005/comments/thread-counts?thread_ids=15 "HTTP/1.1 200 OK"
2026-04-05 00:57:47,617 [httpx] INFO: HTTP Request: GET http://comment_service:8005/comments/thread-counts?thread_ids=15 "HTTP/1.1 200 OK"
2026-04-05 00:57:47,687 [httpx] INFO: HTTP Request: GET http://comment_service:8005/comments/thread-counts?thread_ids=15 "HTTP/1.1 200 OK"
2026-04-05 00:57:47,731 [httpx] INFO: HTTP Request: GET http://comment_service:8005/comments/thread-counts?thread_ids=15 "HTTP/1.1 200 OK"
2026-04-05 00:57:47,784 [httpx] INFO: HTTP Request: GET http://comment_service:8005/comments/thread-counts?thread_ids=15 "HTTP/1.1 200 OK"
2026-04-05 00:57:47,866 [httpx] INFO: HTTP Request: GET http://comment_service:8005/comments/thread-counts?thread_ids=16 "HTTP/1.1 200 OK"
2026-04-05 00:57:47,922 [httpx] INFO: HTTP Request: GET http://comment_service:8005/comments/thread-counts?thread_ids=16 "HTTP/1.1 200 OK"
2026-04-05 00:57:47,979 [httpx] INFO: HTTP Request: GET http://comment_service:8005/comments/thread-counts?thread_ids=16 "HTTP/1.1 200 OK"
2026-04-05 00:57:48,033 [httpx] INFO: HTTP Request: GET http://comment_service:8005/comments/thread-counts?thread_ids=16 "HTTP/1.1 200 OK"
2026-04-05 00:57:48,081 [httpx] INFO: HTTP Request: GET http://comment_service:8005/comments/thread-counts?thread_ids=16 "HTTP/1.1 200 OK"
2026-04-05 00:57:48,125 [httpx] INFO: HTTP Request: GET http://comment_service:8005/comments/thread-counts?thread_ids=16 "HTTP/1.1 200 OK"
2026-04-05 00:57:48,172 [httpx] INFO: HTTP Request: GET http://comment_service:8005/comments/thread-counts?thread_ids=17 "HTTP/1.1 200 OK"
2026-04-05 00:57:48,216 [httpx] INFO: HTTP Request: GET http://comment_service:8005/comments/thread-counts?thread_ids=17 "HTTP/1.1 200 OK"
2026-04-05 00:57:48,260 [httpx] INFO: HTTP Request: GET http://comment_service:8005/comments/thread-counts?thread_ids=17 "HTTP/1.1 200 OK"
2026-04-05 00:57:48,304 [httpx] INFO: HTTP Request: GET http://comment_service:8005/comments/thread-counts?thread_ids=17 "HTTP/1.1 200 OK"
2026-04-05 00:57:48,374 [httpx] INFO: HTTP Request: GET http://comment_service:8005/comments/thread-counts?thread_ids=17 "HTTP/1.1 200 OK"
2026-04-05 00:57:48,423 [httpx] INFO: HTTP Request: GET http://comment_service:8005/comments/thread-counts?thread_ids=17 "HTTP/1.1 200 OK"
2026-04-05 00:57:48,479 [httpx] INFO: HTTP Request: GET http://comment_service:8005/comments/thread-counts?thread_ids=18 "HTTP/1.1 200 OK"
2026-04-05 00:57:48,522 [httpx] INFO: HTTP Request: GET http://comment_service:8005/comments/thread-counts?thread_ids=18 "HTTP/1.1 200 OK"
2026-04-05 00:57:48,562 [httpx] INFO: HTTP Request: GET http://comment_service:8005/comments/thread-counts?thread_ids=18 "HTTP/1.1 200 OK"
2026-04-05 00:57:48,603 [httpx] INFO: HTTP Request: GET http://comment_service:8005/comments/thread-counts?thread_ids=18 "HTTP/1.1 200 OK"
2026-04-05 00:57:48,656 [httpx] INFO: HTTP Request: GET http://comment_service:8005/comments/thread-counts?thread_ids=18 "HTTP/1.1 200 OK"
2026-04-05 00:57:48,709 [httpx] INFO: HTTP Request: GET http://comment_service:8005/comments/thread-counts?thread_ids=18 "HTTP/1.1 200 OK"
2026-04-05 00:57:48,757 [httpx] INFO: HTTP Request: GET http://comment_service:8005/comments/thread-counts?thread_ids=19 "HTTP/1.1 200 OK"
2026-04-05 00:57:48,799 [httpx] INFO: HTTP Request: GET http://comment_service:8005/comments/thread-counts?thread_ids=19 "HTTP/1.1 200 OK"
2026-04-05 00:57:48,845 [httpx] INFO: HTTP Request: GET http://comment_service:8005/comments/thread-counts?thread_ids=19 "HTTP/1.1 200 OK"
2026-04-05 00:57:48,887 [httpx] INFO: HTTP Request: GET http://comment_service:8005/comments/thread-counts?thread_ids=19 "HTTP/1.1 200 OK"
2026-04-05 00:57:48,928 [httpx] INFO: HTTP Request: GET http://comment_service:8005/comments/thread-counts?thread_ids=19 "HTTP/1.1 200 OK"
2026-04-05 00:57:48,968 [httpx] INFO: HTTP Request: GET http://comment_service:8005/comments/thread-counts?thread_ids=19 "HTTP/1.1 200 OK"
2026-04-05 00:57:49,011 [httpx] INFO: HTTP Request: GET http://comment_service:8005/comments/thread-counts?thread_ids=19 "HTTP/1.1 200 OK"
2026-04-05 00:57:49,062 [httpx] INFO: HTTP Request: GET http://comment_service:8005/comments/thread-counts?thread_ids=20 "HTTP/1.1 200 OK"
2026-04-05 00:57:49,105 [httpx] INFO: HTTP Request: GET http://comment_service:8005/comments/thread-counts?thread_ids=20 "HTTP/1.1 200 OK"
2026-04-05 00:57:49,168 [httpx] INFO: HTTP Request: GET http://comment_service:8005/comments/thread-counts?thread_ids=20 "HTTP/1.1 200 OK"
2026-04-05 00:57:49,218 [httpx] INFO: HTTP Request: GET http://comment_service:8005/comments/thread-counts?thread_ids=20 "HTTP/1.1 200 OK"
2026-04-05 00:57:49,268 [httpx] INFO: HTTP Request: GET http://comment_service:8005/comments/thread-counts?thread_ids=20 "HTTP/1.1 200 OK"
2026-04-05 00:57:49,311 [httpx] INFO: HTTP Request: GET http://comment_service:8005/comments/thread-counts?thread_ids=20 "HTTP/1.1 200 OK"
2026-04-05 00:57:49,359 [httpx] INFO: HTTP Request: GET http://comment_service:8005/comments/thread-counts?thread_ids=20 "HTTP/1.1 200 OK"
2026-04-05 00:57:49,408 [httpx] INFO: HTTP Request: GET http://comment_service:8005/comments/thread-counts?thread_ids=2 "HTTP/1.1 200 OK"
2026-04-05 00:57:49,474 [httpx] INFO: HTTP Request: GET http://comment_service:8005/comments/thread-counts?thread_ids=8 "HTTP/1.1 200 OK"
2026-04-05 00:57:49,524 [httpx] INFO: HTTP Request: GET http://comment_service:8005/comments/thread-counts?thread_ids=9 "HTTP/1.1 200 OK"
2026-04-05 00:57:49,578 [httpx] INFO: HTTP Request: GET http://comment_service:8005/comments/thread-counts?thread_ids=3 "HTTP/1.1 200 OK"
2026-04-05 00:57:49,630 [httpx] INFO: HTTP Request: GET http://comment_service:8005/comments/thread-counts?thread_ids=10 "HTTP/1.1 200 OK"
2026-04-05 00:57:49,693 [httpx] INFO: HTTP Request: GET http://comment_service:8005/comments/thread-counts?thread_ids=12 "HTTP/1.1 200 OK"
2026-04-05 00:57:49,745 [httpx] INFO: HTTP Request: GET http://comment_service:8005/comments/thread-counts?thread_ids=1 "HTTP/1.1 200 OK"
2026-04-05 00:57:49,796 [httpx] INFO: HTTP Request: GET http://comment_service:8005/comments/thread-counts?thread_ids=6 "HTTP/1.1 200 OK"
2026-04-05 00:57:49,849 [httpx] INFO: HTTP Request: GET http://comment_service:8005/comments/thread-counts?thread_ids=13 "HTTP/1.1 200 OK"
2026-04-05 00:57:49,750 [httpx] INFO: HTTP Request: GET http://comment_service:8005/comments/thread-counts?thread_ids=5 "HTTP/1.1 200 OK"
2026-04-05 00:57:49,809 [httpx] INFO: HTTP Request: GET http://comment_service:8005/comments/thread-counts?thread_ids=11 "HTTP/1.1 200 OK"
2026-04-05 00:57:49,864 [httpx] INFO: HTTP Request: GET http://comment_service:8005/comments/thread-counts?thread_ids=13 "HTTP/1.1 200 OK"
2026-04-05 00:57:49,917 [httpx] INFO: HTTP Request: GET http://comment_service:8005/comments/thread-counts?thread_ids=20 "HTTP/1.1 200 OK"
2026-04-05 00:57:49,973 [httpx] INFO: HTTP Request: GET http://comment_service:8005/comments/thread-counts?thread_ids=3 "HTTP/1.1 200 OK"
2026-04-05 00:57:50,026 [httpx] INFO: HTTP Request: GET http://comment_service:8005/comments/thread-counts?thread_ids=14 "HTTP/1.1 200 OK"
2026-04-05 00:57:50,075 [httpx] INFO: HTTP Request: GET http://comment_service:8005/comments/thread-counts?thread_ids=4 "HTTP/1.1 200 OK"
2026-04-05 00:57:50,123 [httpx] INFO: HTTP Request: GET http://comment_service:8005/comments/thread-counts?thread_ids=10 "HTTP/1.1 200 OK"
2026-04-05 00:57:50,185 [httpx] INFO: HTTP Request: GET http://comment_service:8005/comments/thread-counts?thread_ids=12 "HTTP/1.1 200 OK"
2026-04-05 00:57:50,237 [httpx] INFO: HTTP Request: GET http://comment_service:8005/comments/thread-counts?thread_ids=18 "HTTP/1.1 200 OK"
2026-04-05 00:57:50,287 [httpx] INFO: HTTP Request: GET http://comment_service:8005/comments/thread-counts?thread_ids=7 "HTTP/1.1 200 OK"
2026-04-05 00:57:50,343 [httpx] INFO: HTTP Request: GET http://comment_service:8005/comments/thread-counts?thread_ids=16 "HTTP/1.1 200 OK"
2026-04-05 00:57:50,389 [httpx] INFO: HTTP Request: GET http://comment_service:8005/comments/thread-counts?thread_ids=13 "HTTP/1.1 200 OK"
2026-04-05 00:57:50,431 [httpx] INFO: HTTP Request: GET http://comment_service:8005/comments/thread-counts?thread_ids=14 "HTTP/1.1 200 OK"
2026-04-05 00:57:50,476 [httpx] INFO: HTTP Request: GET http://comment_service:8005/comments/thread-counts?thread_ids=11 "HTTP/1.1 200 OK"
2026-04-05 00:57:50,537 [httpx] INFO: HTTP Request: GET http://comment_service:8005/comments/thread-counts?thread_ids=11 "HTTP/1.1 200 OK"
2026-04-05 00:57:50,600 [httpx] INFO: HTTP Request: GET http://comment_service:8005/comments/thread-counts?thread_ids=2 "HTTP/1.1 200 OK"
2026-04-05 00:57:50,650 [httpx] INFO: HTTP Request: GET http://comment_service:8005/comments/thread-counts?thread_ids=16 "HTTP/1.1 200 OK"
2026-04-05 00:57:50,690 [httpx] INFO: HTTP Request: GET http://comment_service:8005/comments/thread-counts?thread_ids=12 "HTTP/1.1 200 OK"
2026-04-05 00:57:50,731 [httpx] INFO: HTTP Request: GET http://comment_service:8005/comments/thread-counts?thread_ids=18 "HTTP/1.1 200 OK"
2026-04-05 00:57:50,774 [httpx] INFO: HTTP Request: GET http://comment_service:8005/comments/thread-counts?thread_ids=16 "HTTP/1.1 200 OK"
2026-04-05 00:57:50,820 [httpx] INFO: HTTP Request: GET http://comment_service:8005/comments/thread-counts?thread_ids=19 "HTTP/1.1 200 OK"
2026-04-05 00:57:50,859 [httpx] INFO: HTTP Request: GET http://comment_service:8005/comments/thread-counts?thread_ids=5 "HTTP/1.1 200 OK"
2026-04-05 00:57:50,913 [httpx] INFO: HTTP Request: GET http://comment_service:8005/comments/thread-counts?thread_ids=13 "HTTP/1.1 200 OK"
2026-04-05 00:57:50,958 [httpx] INFO: HTTP Request: GET http://comment_service:8005/comments/thread-counts?thread_ids=8 "HTTP/1.1 200 OK"
2026-04-05 00:57:51,007 [httpx] INFO: HTTP Request: GET http://comment_service:8005/comments/thread-counts?thread_ids=8 "HTTP/1.1 200 OK"
2026-04-05 00:57:51,057 [httpx] INFO: HTTP Request: GET http://comment_service:8005/comments/thread-counts?thread_ids=19 "HTTP/1.1 200 OK"
2026-04-05 00:57:51,103 [httpx] INFO: HTTP Request: GET http://comment_service:8005/comments/thread-counts?thread_ids=6 "HTTP/1.1 200 OK"
2026-04-05 00:57:51,144 [httpx] INFO: HTTP Request: GET http://comment_service:8005/comments/thread-counts?thread_ids=17 "HTTP/1.1 200 OK"
2026-04-05 00:57:51,189 [httpx] INFO: HTTP Request: GET http://comment_service:8005/comments/thread-counts?thread_ids=7 "HTTP/1.1 200 OK"
2026-04-05 00:57:51,230 [httpx] INFO: HTTP Request: GET http://comment_service:8005/comments/thread-counts?thread_ids=2 "HTTP/1.1 200 OK"
2026-04-05 00:57:51,273 [httpx] INFO: HTTP Request: GET http://comment_service:8005/comments/thread-counts?thread_ids=20 "HTTP/1.1 200 OK"
2026-04-05 00:57:51,315 [httpx] INFO: HTTP Request: GET http://comment_service:8005/comments/thread-counts?thread_ids=8 "HTTP/1.1 200 OK"
2026-04-05 00:57:51,359 [httpx] INFO: HTTP Request: GET http://comment_service:8005/comments/thread-counts?thread_ids=2 "HTTP/1.1 200 OK"
2026-04-05 00:57:51,403 [httpx] INFO: HTTP Request: GET http://comment_service:8005/comments/thread-counts?thread_ids=1 "HTTP/1.1 200 OK"
2026-04-05 00:57:51,447 [httpx] INFO: HTTP Request: GET http://comment_service:8005/comments/thread-counts?thread_ids=7 "HTTP/1.1 200 OK"
2026-04-05 01:02:15,242 [httpx] INFO: HTTP Request: GET http://comment_service:8005/comments/thread-counts?thread_ids=20,19,18,17,16,15,14,13,12,11 "HTTP/1.1 200 OK"
2026-04-05 01:03:17,760 [httpx] INFO: HTTP Request: GET http://comment_service:8005/comments/thread-counts?thread_ids=20,19,18,17,16,15,14,13,12,11 "HTTP/1.1 200 OK"
2026-04-05 01:03:26,303 [httpx] INFO: HTTP Request: GET http://comment_service:8005/comments/thread-counts?thread_ids=15,7 "HTTP/1.1 200 OK"
2026-04-05 01:03:37,943 [httpx] INFO: HTTP Request: GET http://comment_service:8005/comments/thread-counts?thread_ids=20,19,18,17,16,15,14,13,12,11,10,9,8,7,6,5,4,3,2,1 "HTTP/1.1 200 OK"
2026-04-05 01:13:12,156 [httpx] INFO: HTTP Request: GET http://comment_service:8005/comments/thread-counts?thread_ids=20,19,18 "HTTP/1.1 200 OK"
2026-04-05 01:13:19,611 [httpx] INFO: HTTP Request: GET http://comment_service:8005/comments/thread-counts?thread_ids=20,19 "HTTP/1.1 200 OK"
2026-04-05 01:14:57,646 [aiokafka.consumer.group_coordinator] INFO: LeaveGroup request succeeded
2026-04-05 01:14:57,647 [thread_service.consumer] INFO: Kafka consumer stopped
2026-04-05 01:14:57,649 [app.kafka_producer] INFO: Kafka producer stopped
2026-04-05 01:15:31,188 [app.kafka_producer] INFO: Kafka producer started
2026-04-05 01:15:31,189 [thread_service] INFO: Thread service started successfully
2026-04-05 01:15:31,191 [aiokafka.consumer.subscription_state] INFO: Updating subscribed topics to: frozenset({'user-events'})
2026-04-05 01:15:31,205 [aiokafka.cluster] ERROR: Topic user-events not found in cluster metadata
2026-04-05 01:15:31,315 [aiokafka.cluster] WARNING: Topic user-events is not available during auto-create initialization
2026-04-05 01:15:31,420 [aiokafka.consumer.group_coordinator] ERROR: Group Coordinator Request failed: [Error 15] GroupCoordinatorNotAvailableError
2026-04-05 01:15:31,529 [aiokafka.consumer.group_coordinator] ERROR: Group Coordinator Request failed: [Error 15] GroupCoordinatorNotAvailableError
2026-04-05 01:15:31,637 [aiokafka.consumer.group_coordinator] ERROR: Group Coordinator Request failed: [Error 15] GroupCoordinatorNotAvailableError
2026-04-05 01:15:31,743 [aiokafka.consumer.group_coordinator] ERROR: Group Coordinator Request failed: [Error 15] GroupCoordinatorNotAvailableError
2026-04-05 01:15:31,849 [aiokafka.consumer.group_coordinator] ERROR: Group Coordinator Request failed: [Error 15] GroupCoordinatorNotAvailableError
2026-04-05 01:15:31,955 [aiokafka.consumer.group_coordinator] ERROR: Group Coordinator Request failed: [Error 15] GroupCoordinatorNotAvailableError
2026-04-05 01:15:32,062 [aiokafka.consumer.group_coordinator] INFO: Discovered coordinator 1 for group thread-service-user-sync
2026-04-05 01:15:32,063 [aiokafka.consumer.group_coordinator] INFO: Revoking previously assigned partitions set() for group thread-service-user-sync
2026-04-05 01:15:32,063 [aiokafka.consumer.group_coordinator] INFO: (Re-)joining group thread-service-user-sync
2026-04-05 01:15:35,068 [aiokafka.consumer.group_coordinator] INFO: Joined group 'thread-service-user-sync' (generation 1) with member_id aiokafka-0.13.0-d7c9247a-5c5c-4cbd-8d52-18bd42ed6ff5
2026-04-05 01:15:35,069 [aiokafka.consumer.group_coordinator] INFO: Elected group leader -- performing partition assignments using roundrobin
2026-04-05 01:15:35,129 [aiokafka.consumer.group_coordinator] INFO: Successfully synced group thread-service-user-sync with generation 1
2026-04-05 01:15:35,130 [aiokafka.consumer.group_coordinator] INFO: Setting newly assigned partitions {TopicPartition(topic='user-events', partition=0)} for group thread-service-user-sync
2026-04-05 01:15:35,132 [thread_service.consumer] INFO: Kafka consumer started, listening for user-events
2026-04-05 01:16:48,202 [httpx] INFO: HTTP Request: GET http://user_service:8002/users/1 "HTTP/1.1 200 OK"
2026-04-05 01:16:48,265 [httpx] INFO: HTTP Request: GET http://community_service:8006/communities/1 "HTTP/1.1 200 OK"
2026-04-05 01:16:48,287 [app.kafka_producer] INFO: Sent to thread-events: {'broadcast': True, 'type': 'new_thread', 'thread': {'id': 1, 'title': 'Best practices for async Python', 'description': 'What are your go-to patterns for writing clean async code? Share tips, libraries, and pitfalls to avoid.', 'tags': ['python', 'async', 'best-practices'], 'status': 'open', 'community_id': 1, 'author': {'id': 1, 'username': 'alice', 'avatar': None}, 'created_at': '2026-04-05 01:16:48.241671', 'updated_at': '2026-04-05 01:16:48.241671'}}
2026-04-05 01:16:48,315 [httpx] INFO: HTTP Request: GET http://user_service:8002/users/2 "HTTP/1.1 200 OK"
2026-04-05 01:16:48,339 [httpx] INFO: HTTP Request: GET http://community_service:8006/communities/2 "HTTP/1.1 200 OK"
2026-04-05 01:16:48,349 [app.kafka_producer] INFO: Sent to thread-events: {'broadcast': True, 'type': 'new_thread', 'thread': {'id': 2, 'title': 'React vs Vue vs Svelte in 2026', 'description': 'With all three frameworks maturing, which do you pick for new projects? Performance, DX, ecosystem.', 'tags': ['react', 'vue', 'svelte', 'frontend'], 'status': 'open', 'community_id': 2, 'author': {'id': 2, 'username': 'bob', 'avatar': None}, 'created_at': '2026-04-05 01:16:48.325691', 'updated_at': '2026-04-05 01:16:48.325691'}}
2026-04-05 01:16:48,378 [httpx] INFO: HTTP Request: GET http://user_service:8002/users/3 "HTTP/1.1 200 OK"
2026-04-05 01:16:48,400 [httpx] INFO: HTTP Request: GET http://community_service:8006/communities/3 "HTTP/1.1 200 OK"
2026-04-05 01:16:48,410 [app.kafka_producer] INFO: Sent to thread-events: {'broadcast': True, 'type': 'new_thread', 'thread': {'id': 3, 'title': 'Getting started with Docker Compose', 'description': 'A beginner-friendly thread on multi-container setups. Share your docker-compose.yml patterns!', 'tags': ['docker', 'devops', 'microservices'], 'status': 'open', 'community_id': 3, 'author': {'id': 3, 'username': 'charlie', 'avatar': None}, 'created_at': '2026-04-05 01:16:48.385067', 'updated_at': '2026-04-05 01:16:48.385067'}}
2026-04-05 01:16:48,441 [httpx] INFO: HTTP Request: GET http://user_service:8002/users/4 "HTTP/1.1 200 OK"
2026-04-05 01:16:48,461 [httpx] INFO: HTTP Request: GET http://community_service:8006/communities/4 "HTTP/1.1 200 OK"
2026-04-05 01:16:48,471 [app.kafka_producer] INFO: Sent to thread-events: {'broadcast': True, 'type': 'new_thread', 'thread': {'id': 4, 'title': 'FastAPI advanced patterns', 'description': 'Dependency injection, background tasks, middleware, WebSockets — share production FastAPI setups.', 'tags': ['python', 'fastapi', 'backend'], 'status': 'open', 'community_id': 4, 'author': {'id': 4, 'username': 'diana', 'avatar': None}, 'created_at': '2026-04-05 01:16:48.449424', 'updated_at': '2026-04-05 01:16:48.449424'}}
2026-04-05 01:16:48,501 [httpx] INFO: HTTP Request: GET http://user_service:8002/users/5 "HTTP/1.1 200 OK"
2026-04-05 01:16:48,518 [httpx] INFO: HTTP Request: GET http://community_service:8006/communities/5 "HTTP/1.1 200 OK"
2026-04-05 01:16:48,525 [app.kafka_producer] INFO: Sent to thread-events: {'broadcast': True, 'type': 'new_thread', 'thread': {'id': 5, 'title': 'Machine Learning project ideas for 2026', 'description': 'Looking for portfolio-worthy ML projects. What interesting datasets or problems have you tackled?', 'tags': ['machine-learning', 'portfolio', 'ai'], 'status': 'open', 'community_id': 5, 'author': {'id': 5, 'username': 'eve', 'avatar': None}, 'created_at': '2026-04-05 01:16:48.507629', 'updated_at': '2026-04-05 01:16:48.507629'}}
2026-04-05 01:16:48,551 [httpx] INFO: HTTP Request: GET http://user_service:8002/users/6 "HTTP/1.1 200 OK"
2026-04-05 01:16:48,568 [httpx] INFO: HTTP Request: GET http://community_service:8006/communities/6 "HTTP/1.1 200 OK"
2026-04-05 01:16:48,577 [app.kafka_producer] INFO: Sent to thread-events: {'broadcast': True, 'type': 'new_thread', 'thread': {'id': 6, 'title': 'PostgreSQL performance tuning', 'description': 'Indexes, query plans, connection pooling, partitioning — share your optimization tips.', 'tags': ['postgresql', 'database', 'performance'], 'status': 'open', 'community_id': 6, 'author': {'id': 6, 'username': 'frank', 'avatar': None}, 'created_at': '2026-04-05 01:16:48.557069', 'updated_at': '2026-04-05 01:16:48.557069'}}
2026-04-05 01:16:48,602 [httpx] INFO: HTTP Request: GET http://user_service:8002/users/7 "HTTP/1.1 200 OK"
2026-04-05 01:16:48,620 [httpx] INFO: HTTP Request: GET http://community_service:8006/communities/7 "HTTP/1.1 200 OK"
2026-04-05 01:16:48,629 [app.kafka_producer] INFO: Sent to thread-events: {'broadcast': True, 'type': 'new_thread', 'thread': {'id': 7, 'title': 'Microservices vs Monolith debate', 'description': 'When should you go microservices? Share real-world experiences, failures, and lessons learned.', 'tags': ['architecture', 'microservices', 'monolith'], 'status': 'open', 'community_id': 7, 'author': {'id': 7, 'username': 'grace', 'avatar': None}, 'created_at': '2026-04-05 01:16:48.608750', 'updated_at': '2026-04-05 01:16:48.608750'}}
2026-04-05 01:16:48,654 [httpx] INFO: HTTP Request: GET http://user_service:8002/users/8 "HTTP/1.1 200 OK"
2026-04-05 01:16:48,671 [httpx] INFO: HTTP Request: GET http://community_service:8006/communities/8 "HTTP/1.1 200 OK"
2026-04-05 01:16:48,681 [app.kafka_producer] INFO: Sent to thread-events: {'broadcast': True, 'type': 'new_thread', 'thread': {'id': 8, 'title': 'TypeScript tips you wish you knew earlier', 'description': 'Utility types, branded types, discriminated unions — what features changed your workflow?', 'tags': ['typescript', 'javascript', 'tips'], 'status': 'open', 'community_id': 8, 'author': {'id': 8, 'username': 'henry', 'avatar': None}, 'created_at': '2026-04-05 01:16:48.660030', 'updated_at': '2026-04-05 01:16:48.660030'}}
2026-04-05 01:16:48,705 [httpx] INFO: HTTP Request: GET http://user_service:8002/users/9 "HTTP/1.1 200 OK"
2026-04-05 01:16:48,725 [httpx] INFO: HTTP Request: GET http://community_service:8006/communities/1 "HTTP/1.1 200 OK"
2026-04-05 01:16:48,733 [app.kafka_producer] INFO: Sent to thread-events: {'event': 'thread_in_community', 'user_id': 1, 'type': 'community_thread', 'message': "ivy posted 'Building real-time apps with WebSockets' in your community 'Python Developers'", 'reference_id': 9}
2026-04-05 01:16:48,735 [app.kafka_producer] INFO: Sent to thread-events: {'broadcast': True, 'type': 'new_thread', 'thread': {'id': 9, 'title': 'Building real-time apps with WebSockets', 'description': 'Chat apps, live dashboards, notifications — how do you handle WebSocket connections at scale?', 'tags': ['websocket', 'real-time', 'backend'], 'status': 'open', 'community_id': 1, 'author': {'id': 9, 'username': 'ivy', 'avatar': None}, 'created_at': '2026-04-05 01:16:48.712407', 'updated_at': '2026-04-05 01:16:48.712407'}}
2026-04-05 01:16:48,760 [httpx] INFO: HTTP Request: GET http://user_service:8002/users/10 "HTTP/1.1 200 OK"
2026-04-05 01:16:48,779 [httpx] INFO: HTTP Request: GET http://community_service:8006/communities/2 "HTTP/1.1 200 OK"
2026-04-05 01:16:48,789 [app.kafka_producer] INFO: Sent to thread-events: {'event': 'thread_in_community', 'user_id': 2, 'type': 'community_thread', 'message': "jack posted 'Open source contribution guide' in your community 'Web Dev Hub'", 'reference_id': 10}
2026-04-05 01:16:48,794 [app.kafka_producer] INFO: Sent to thread-events: {'broadcast': True, 'type': 'new_thread', 'thread': {'id': 10, 'title': 'Open source contribution guide', 'description': 'How to find your first issue, write a good PR, and navigate large codebases.', 'tags': ['open-source', 'git', 'community'], 'status': 'open', 'community_id': 2, 'author': {'id': 10, 'username': 'jack', 'avatar': None}, 'created_at': '2026-04-05 01:16:48.767064', 'updated_at': '2026-04-05 01:16:48.767064'}}
2026-04-05 01:16:48,826 [httpx] INFO: HTTP Request: GET http://user_service:8002/users/11 "HTTP/1.1 200 OK"
2026-04-05 01:16:48,842 [httpx] INFO: HTTP Request: GET http://community_service:8006/communities/3 "HTTP/1.1 200 OK"
2026-04-05 01:16:48,850 [app.kafka_producer] INFO: Sent to thread-events: {'event': 'thread_in_community', 'user_id': 3, 'type': 'community_thread', 'message': "karen posted 'Kubernetes for beginners' in your community 'Data Science Lab'", 'reference_id': 11}
2026-04-05 01:16:48,852 [app.kafka_producer] INFO: Sent to thread-events: {'broadcast': True, 'type': 'new_thread', 'thread': {'id': 11, 'title': 'Kubernetes for beginners', 'description': 'Pods, services, deployments, configmaps — getting started with K8s from scratch.', 'tags': ['kubernetes', 'devops', 'containers'], 'status': 'open', 'community_id': 3, 'author': {'id': 11, 'username': 'karen', 'avatar': None}, 'created_at': '2026-04-05 01:16:48.831979', 'updated_at': '2026-04-05 01:16:48.831979'}}
2026-04-05 01:16:48,877 [httpx] INFO: HTTP Request: GET http://user_service:8002/users/12 "HTTP/1.1 200 OK"
2026-04-05 01:16:48,907 [httpx] INFO: HTTP Request: GET http://community_service:8006/communities/4 "HTTP/1.1 200 OK"
2026-04-05 01:16:48,916 [app.kafka_producer] INFO: Sent to thread-events: {'event': 'thread_in_community', 'user_id': 4, 'type': 'community_thread', 'message': "leo posted 'GraphQL vs REST in 2026' in your community 'DevOps Corner'", 'reference_id': 12}
2026-04-05 01:16:48,919 [app.kafka_producer] INFO: Sent to thread-events: {'broadcast': True, 'type': 'new_thread', 'thread': {'id': 12, 'title': 'GraphQL vs REST in 2026', 'description': 'Is GraphQL worth the complexity? When does REST still win? Real-world trade-offs.', 'tags': ['graphql', 'rest', 'api-design'], 'status': 'open', 'community_id': 4, 'author': {'id': 12, 'username': 'leo', 'avatar': None}, 'created_at': '2026-04-05 01:16:48.896172', 'updated_at': '2026-04-05 01:16:48.896172'}}
2026-04-05 01:16:48,944 [httpx] INFO: HTTP Request: GET http://user_service:8002/users/13 "HTTP/1.1 200 OK"
2026-04-05 01:16:48,963 [httpx] INFO: HTTP Request: GET http://community_service:8006/communities/5 "HTTP/1.1 200 OK"
2026-04-05 01:16:48,972 [app.kafka_producer] INFO: Sent to thread-events: {'event': 'thread_in_community', 'user_id': 5, 'type': 'community_thread', 'message': "mia posted 'How to ace system design interviews' in your community 'Open Source Cafe'", 'reference_id': 13}
2026-04-05 01:16:48,974 [app.kafka_producer] INFO: Sent to thread-events: {'broadcast': True, 'type': 'new_thread', 'thread': {'id': 13, 'title': 'How to ace system design interviews', 'description': 'Load balancers, caching, sharding, message queues — share your study strategies and resources.', 'tags': ['system-design', 'interviews', 'career'], 'status': 'open', 'community_id': 5, 'author': {'id': 13, 'username': 'mia', 'avatar': None}, 'created_at': '2026-04-05 01:16:48.950967', 'updated_at': '2026-04-05 01:16:48.950967'}}
2026-04-05 01:16:49,004 [httpx] INFO: HTTP Request: GET http://user_service:8002/users/14 "HTTP/1.1 200 OK"
2026-04-05 01:16:49,020 [httpx] INFO: HTTP Request: GET http://community_service:8006/communities/6 "HTTP/1.1 200 OK"
2026-04-05 01:16:49,029 [app.kafka_producer] INFO: Sent to thread-events: {'event': 'thread_in_community', 'user_id': 6, 'type': 'community_thread', 'message': "noah posted 'Rust for Python developers' in your community 'Mobile App Builders'", 'reference_id': 14}
2026-04-05 01:16:49,030 [app.kafka_producer] INFO: Sent to thread-events: {'broadcast': True, 'type': 'new_thread', 'thread': {'id': 14, 'title': 'Rust for Python developers', 'description': 'Making the jump from Python to Rust. What concepts transfer and what is completely new?', 'tags': ['rust', 'python', 'programming'], 'status': 'open', 'community_id': 6, 'author': {'id': 14, 'username': 'noah', 'avatar': None}, 'created_at': '2026-04-05 01:16:49.009505', 'updated_at': '2026-04-05 01:16:49.009505'}}
2026-04-05 01:16:49,059 [httpx] INFO: HTTP Request: GET http://user_service:8002/users/15 "HTTP/1.1 200 OK"
2026-04-05 01:16:49,078 [httpx] INFO: HTTP Request: GET http://community_service:8006/communities/7 "HTTP/1.1 200 OK"
2026-04-05 01:16:49,087 [app.kafka_producer] INFO: Sent to thread-events: {'event': 'thread_in_community', 'user_id': 7, 'type': 'community_thread', 'message': "olivia posted 'CI/CD pipeline best practices' in your community 'Cloud Architecture'", 'reference_id': 15}
2026-04-05 01:16:49,088 [app.kafka_producer] INFO: Sent to thread-events: {'broadcast': True, 'type': 'new_thread', 'thread': {'id': 15, 'title': 'CI/CD pipeline best practices', 'description': 'GitHub Actions, Jenkins, GitLab CI — share your battle-tested pipeline configurations.', 'tags': ['ci-cd', 'automation', 'devops'], 'status': 'open', 'community_id': 7, 'author': {'id': 15, 'username': 'olivia', 'avatar': None}, 'created_at': '2026-04-05 01:16:49.066092', 'updated_at': '2026-04-05 01:16:49.066092'}}
2026-04-05 01:16:49,118 [httpx] INFO: HTTP Request: GET http://user_service:8002/users/16 "HTTP/1.1 200 OK"
2026-04-05 01:16:49,136 [httpx] INFO: HTTP Request: GET http://community_service:8006/communities/8 "HTTP/1.1 200 OK"
2026-04-05 01:16:49,147 [app.kafka_producer] INFO: Sent to thread-events: {'event': 'thread_in_community', 'user_id': 8, 'type': 'community_thread', 'message': "peter posted 'Database migration strategies' in your community 'Cybersecurity Hub'", 'reference_id': 16}
2026-04-05 01:16:49,149 [app.kafka_producer] INFO: Sent to thread-events: {'broadcast': True, 'type': 'new_thread', 'thread': {'id': 16, 'title': 'Database migration strategies', 'description': 'Alembic, Flyway, zero-downtime migrations — how do you handle schema changes in production?', 'tags': ['database', 'migrations', 'backend'], 'status': 'open', 'community_id': 8, 'author': {'id': 16, 'username': 'peter', 'avatar': None}, 'created_at': '2026-04-05 01:16:49.124672', 'updated_at': '2026-04-05 01:16:49.124672'}}
2026-04-05 01:16:49,177 [httpx] INFO: HTTP Request: GET http://user_service:8002/users/17 "HTTP/1.1 200 OK"
2026-04-05 01:16:49,200 [httpx] INFO: HTTP Request: GET http://community_service:8006/communities/1 "HTTP/1.1 200 OK"
2026-04-05 01:16:49,210 [app.kafka_producer] INFO: Sent to thread-events: {'event': 'thread_in_community', 'user_id': 1, 'type': 'community_thread', 'message': "quinn posted 'Authentication patterns in microservices' in your community 'Python Developers'", 'reference_id': 17}
2026-04-05 01:16:49,213 [app.kafka_producer] INFO: Sent to thread-events: {'broadcast': True, 'type': 'new_thread', 'thread': {'id': 17, 'title': 'Authentication patterns in microservices', 'description': 'JWT, OAuth2, API keys, service mesh — securing inter-service communication.', 'tags': ['authentication', 'security', 'microservices'], 'status': 'open', 'community_id': 1, 'author': {'id': 17, 'username': 'quinn', 'avatar': None}, 'created_at': '2026-04-05 01:16:49.186310', 'updated_at': '2026-04-05 01:16:49.186310'}}
2026-04-05 01:16:49,248 [httpx] INFO: HTTP Request: GET http://user_service:8002/users/18 "HTTP/1.1 200 OK"
2026-04-05 01:16:49,271 [httpx] INFO: HTTP Request: GET http://community_service:8006/communities/2 "HTTP/1.1 200 OK"
2026-04-05 01:16:49,283 [app.kafka_producer] INFO: Sent to thread-events: {'event': 'thread_in_community', 'user_id': 2, 'type': 'community_thread', 'message': "rachel posted 'Frontend state management in 2026' in your community 'Web Dev Hub'", 'reference_id': 18}
2026-04-05 01:16:49,287 [app.kafka_producer] INFO: Sent to thread-events: {'broadcast': True, 'type': 'new_thread', 'thread': {'id': 18, 'title': 'Frontend state management in 2026', 'description': 'Redux, Zustand, Jotai, Signals — which state management solution do you prefer and why?', 'tags': ['frontend', 'state-management', 'react'], 'status': 'open', 'community_id': 2, 'author': {'id': 18, 'username': 'rachel', 'avatar': None}, 'created_at': '2026-04-05 01:16:49.256418', 'updated_at': '2026-04-05 01:16:49.256418'}}
2026-04-05 01:16:49,314 [httpx] INFO: HTTP Request: GET http://user_service:8002/users/19 "HTTP/1.1 200 OK"
2026-04-05 01:16:49,331 [httpx] INFO: HTTP Request: GET http://community_service:8006/communities/3 "HTTP/1.1 200 OK"
2026-04-05 01:16:49,338 [app.kafka_producer] INFO: Sent to thread-events: {'event': 'thread_in_community', 'user_id': 3, 'type': 'community_thread', 'message': "sam posted 'Monitoring and observability stack' in your community 'Data Science Lab'", 'reference_id': 19}
2026-04-05 01:16:49,340 [app.kafka_producer] INFO: Sent to thread-events: {'broadcast': True, 'type': 'new_thread', 'thread': {'id': 19, 'title': 'Monitoring and observability stack', 'description': 'Prometheus, Grafana, ELK, Jaeger — how do you monitor your services in production?', 'tags': ['monitoring', 'observability', 'devops'], 'status': 'open', 'community_id': 3, 'author': {'id': 19, 'username': 'sam', 'avatar': None}, 'created_at': '2026-04-05 01:16:49.319891', 'updated_at': '2026-04-05 01:16:49.319891'}}
2026-04-05 01:16:49,365 [httpx] INFO: HTTP Request: GET http://user_service:8002/users/20 "HTTP/1.1 200 OK"
2026-04-05 01:16:49,381 [httpx] INFO: HTTP Request: GET http://community_service:8006/communities/4 "HTTP/1.1 200 OK"
2026-04-05 01:16:49,387 [app.kafka_producer] INFO: Sent to thread-events: {'event': 'thread_in_community', 'user_id': 4, 'type': 'community_thread', 'message': "tina posted 'Building a design system from scratch' in your community 'DevOps Corner'", 'reference_id': 20}
2026-04-05 01:16:49,389 [app.kafka_producer] INFO: Sent to thread-events: {'broadcast': True, 'type': 'new_thread', 'thread': {'id': 20, 'title': 'Building a design system from scratch', 'description': 'Component libraries, tokens, accessibility — share your experience building design systems.', 'tags': ['design-system', 'ui-ux', 'frontend'], 'status': 'open', 'community_id': 4, 'author': {'id': 20, 'username': 'tina', 'avatar': None}, 'created_at': '2026-04-05 01:16:49.370453', 'updated_at': '2026-04-05 01:16:49.370453'}}
2026-04-05 01:16:49,417 [app.kafka_producer] INFO: Sent to thread-events: {'broadcast': True, 'type': 'thread_like_update', 'thread_id': 1, 'like_count': 1}
2026-04-05 01:16:49,433 [app.kafka_producer] INFO: Sent to thread-events: {'event': 'thread_liked', 'user_id': 1, 'actor_id': 10, 'type': 'thread_like', 'message': 'jack liked your thread', 'reference_id': 1}
2026-04-05 01:16:49,455 [app.kafka_producer] INFO: Sent to thread-events: {'broadcast': True, 'type': 'thread_like_update', 'thread_id': 1, 'like_count': 2}
2026-04-05 01:16:49,461 [app.kafka_producer] INFO: Sent to thread-events: {'event': 'thread_liked', 'user_id': 1, 'actor_id': 12, 'type': 'thread_like', 'message': 'leo liked your thread', 'reference_id': 1}
2026-04-05 01:16:49,482 [app.kafka_producer] INFO: Sent to thread-events: {'broadcast': True, 'type': 'thread_like_update', 'thread_id': 1, 'like_count': 3}
2026-04-05 01:16:49,486 [app.kafka_producer] INFO: Sent to thread-events: {'event': 'thread_liked', 'user_id': 1, 'actor_id': 7, 'type': 'thread_like', 'message': 'grace liked your thread', 'reference_id': 1}
2026-04-05 01:16:49,509 [app.kafka_producer] INFO: Sent to thread-events: {'broadcast': True, 'type': 'thread_like_update', 'thread_id': 1, 'like_count': 4}
2026-04-05 01:16:49,512 [app.kafka_producer] INFO: Sent to thread-events: {'event': 'thread_liked', 'user_id': 1, 'actor_id': 18, 'type': 'thread_like', 'message': 'rachel liked your thread', 'reference_id': 1}
2026-04-05 01:16:49,536 [app.kafka_producer] INFO: Sent to thread-events: {'broadcast': True, 'type': 'thread_like_update', 'thread_id': 1, 'like_count': 5}
2026-04-05 01:16:49,541 [app.kafka_producer] INFO: Sent to thread-events: {'event': 'thread_liked', 'user_id': 1, 'actor_id': 16, 'type': 'thread_like', 'message': 'peter liked your thread', 'reference_id': 1}
2026-04-05 01:16:49,594 [app.kafka_producer] INFO: Sent to thread-events: {'broadcast': True, 'type': 'thread_like_update', 'thread_id': 1, 'like_count': 6}
2026-04-05 01:16:49,598 [app.kafka_producer] INFO: Sent to thread-events: {'event': 'thread_liked', 'user_id': 1, 'actor_id': 5, 'type': 'thread_like', 'message': 'eve liked your thread', 'reference_id': 1}
2026-04-05 01:16:49,624 [app.kafka_producer] INFO: Sent to thread-events: {'broadcast': True, 'type': 'thread_like_update', 'thread_id': 1, 'like_count': 7}
2026-04-05 01:16:49,627 [app.kafka_producer] INFO: Sent to thread-events: {'event': 'thread_liked', 'user_id': 1, 'actor_id': 3, 'type': 'thread_like', 'message': 'charlie liked your thread', 'reference_id': 1}
2026-04-05 01:16:49,658 [app.kafka_producer] INFO: Sent to thread-events: {'broadcast': True, 'type': 'thread_like_update', 'thread_id': 1, 'like_count': 8}
2026-04-05 01:16:49,662 [app.kafka_producer] INFO: Sent to thread-events: {'event': 'thread_liked', 'user_id': 1, 'actor_id': 9, 'type': 'thread_like', 'message': 'ivy liked your thread', 'reference_id': 1}
2026-04-05 01:16:49,689 [app.kafka_producer] INFO: Sent to thread-events: {'broadcast': True, 'type': 'thread_like_update', 'thread_id': 2, 'like_count': 1}
2026-04-05 01:16:49,694 [app.kafka_producer] INFO: Sent to thread-events: {'event': 'thread_liked', 'user_id': 2, 'actor_id': 13, 'type': 'thread_like', 'message': 'mia liked your thread', 'reference_id': 2}
2026-04-05 01:16:49,719 [app.kafka_producer] INFO: Sent to thread-events: {'broadcast': True, 'type': 'thread_like_update', 'thread_id': 2, 'like_count': 2}
2026-04-05 01:16:49,724 [app.kafka_producer] INFO: Sent to thread-events: {'event': 'thread_liked', 'user_id': 2, 'actor_id': 4, 'type': 'thread_like', 'message': 'diana liked your thread', 'reference_id': 2}
2026-04-05 01:16:49,747 [app.kafka_producer] INFO: Sent to thread-events: {'broadcast': True, 'type': 'thread_like_update', 'thread_id': 2, 'like_count': 3}
2026-04-05 01:16:49,751 [app.kafka_producer] INFO: Sent to thread-events: {'event': 'thread_liked', 'user_id': 2, 'actor_id': 12, 'type': 'thread_like', 'message': 'leo liked your thread', 'reference_id': 2}
2026-04-05 01:16:49,784 [app.kafka_producer] INFO: Sent to thread-events: {'broadcast': True, 'type': 'thread_like_update', 'thread_id': 2, 'like_count': 4}
2026-04-05 01:16:49,787 [app.kafka_producer] INFO: Sent to thread-events: {'event': 'thread_liked', 'user_id': 2, 'actor_id': 20, 'type': 'thread_like', 'message': 'tina liked your thread', 'reference_id': 2}
2026-04-05 01:16:49,808 [app.kafka_producer] INFO: Sent to thread-events: {'broadcast': True, 'type': 'thread_like_update', 'thread_id': 2, 'like_count': 5}
2026-04-05 01:16:49,812 [app.kafka_producer] INFO: Sent to thread-events: {'event': 'thread_liked', 'user_id': 2, 'actor_id': 11, 'type': 'thread_like', 'message': 'karen liked your thread', 'reference_id': 2}
2026-04-05 01:16:49,836 [app.kafka_producer] INFO: Sent to thread-events: {'broadcast': True, 'type': 'thread_like_update', 'thread_id': 2, 'like_count': 6}
2026-04-05 01:16:49,840 [app.kafka_producer] INFO: Sent to thread-events: {'event': 'thread_liked', 'user_id': 2, 'actor_id': 17, 'type': 'thread_like', 'message': 'quinn liked your thread', 'reference_id': 2}
2026-04-05 01:16:49,861 [app.kafka_producer] INFO: Sent to thread-events: {'broadcast': True, 'type': 'thread_like_update', 'thread_id': 3, 'like_count': 1}
2026-04-05 01:16:49,865 [app.kafka_producer] INFO: Sent to thread-events: {'event': 'thread_liked', 'user_id': 3, 'actor_id': 8, 'type': 'thread_like', 'message': 'henry liked your thread', 'reference_id': 3}
2026-04-05 01:16:49,886 [app.kafka_producer] INFO: Sent to thread-events: {'broadcast': True, 'type': 'thread_like_update', 'thread_id': 3, 'like_count': 2}
2026-04-05 01:16:49,891 [app.kafka_producer] INFO: Sent to thread-events: {'event': 'thread_liked', 'user_id': 3, 'actor_id': 7, 'type': 'thread_like', 'message': 'grace liked your thread', 'reference_id': 3}
2026-04-05 01:16:49,913 [app.kafka_producer] INFO: Sent to thread-events: {'broadcast': True, 'type': 'thread_like_update', 'thread_id': 3, 'like_count': 3}
2026-04-05 01:16:49,916 [app.kafka_producer] INFO: Sent to thread-events: {'event': 'thread_liked', 'user_id': 3, 'actor_id': 1, 'type': 'thread_like', 'message': 'alice liked your thread', 'reference_id': 3}
2026-04-05 01:16:49,940 [app.kafka_producer] INFO: Sent to thread-events: {'broadcast': True, 'type': 'thread_like_update', 'thread_id': 3, 'like_count': 4}
2026-04-05 01:16:49,943 [app.kafka_producer] INFO: Sent to thread-events: {'event': 'thread_liked', 'user_id': 3, 'actor_id': 10, 'type': 'thread_like', 'message': 'jack liked your thread', 'reference_id': 3}
2026-04-05 01:16:49,965 [app.kafka_producer] INFO: Sent to thread-events: {'broadcast': True, 'type': 'thread_like_update', 'thread_id': 4, 'like_count': 1}
2026-04-05 01:16:49,968 [app.kafka_producer] INFO: Sent to thread-events: {'event': 'thread_liked', 'user_id': 4, 'actor_id': 20, 'type': 'thread_like', 'message': 'tina liked your thread', 'reference_id': 4}
2026-04-05 01:16:49,991 [app.kafka_producer] INFO: Sent to thread-events: {'broadcast': True, 'type': 'thread_like_update', 'thread_id': 4, 'like_count': 2}
2026-04-05 01:16:49,994 [app.kafka_producer] INFO: Sent to thread-events: {'event': 'thread_liked', 'user_id': 4, 'actor_id': 6, 'type': 'thread_like', 'message': 'frank liked your thread', 'reference_id': 4}
2026-04-05 01:16:50,015 [app.kafka_producer] INFO: Sent to thread-events: {'broadcast': True, 'type': 'thread_like_update', 'thread_id': 4, 'like_count': 3}
2026-04-05 01:16:50,019 [app.kafka_producer] INFO: Sent to thread-events: {'event': 'thread_liked', 'user_id': 4, 'actor_id': 15, 'type': 'thread_like', 'message': 'olivia liked your thread', 'reference_id': 4}
2026-04-05 01:16:50,043 [app.kafka_producer] INFO: Sent to thread-events: {'broadcast': True, 'type': 'thread_like_update', 'thread_id': 4, 'like_count': 4}
2026-04-05 01:16:50,047 [app.kafka_producer] INFO: Sent to thread-events: {'event': 'thread_liked', 'user_id': 4, 'actor_id': 16, 'type': 'thread_like', 'message': 'peter liked your thread', 'reference_id': 4}
2026-04-05 01:16:50,069 [app.kafka_producer] INFO: Sent to thread-events: {'broadcast': True, 'type': 'thread_like_update', 'thread_id': 4, 'like_count': 5}
2026-04-05 01:16:50,074 [app.kafka_producer] INFO: Sent to thread-events: {'event': 'thread_liked', 'user_id': 4, 'actor_id': 13, 'type': 'thread_like', 'message': 'mia liked your thread', 'reference_id': 4}
2026-04-05 01:16:50,096 [app.kafka_producer] INFO: Sent to thread-events: {'broadcast': True, 'type': 'thread_like_update', 'thread_id': 4, 'like_count': 6}
2026-04-05 01:16:50,100 [app.kafka_producer] INFO: Sent to thread-events: {'event': 'thread_liked', 'user_id': 4, 'actor_id': 9, 'type': 'thread_like', 'message': 'ivy liked your thread', 'reference_id': 4}
2026-04-05 01:16:50,122 [app.kafka_producer] INFO: Sent to thread-events: {'broadcast': True, 'type': 'thread_like_update', 'thread_id': 4, 'like_count': 7}
2026-04-05 01:16:50,126 [app.kafka_producer] INFO: Sent to thread-events: {'event': 'thread_liked', 'user_id': 4, 'actor_id': 14, 'type': 'thread_like', 'message': 'noah liked your thread', 'reference_id': 4}
2026-04-05 01:16:50,149 [app.kafka_producer] INFO: Sent to thread-events: {'broadcast': True, 'type': 'thread_like_update', 'thread_id': 4, 'like_count': 8}
2026-04-05 01:16:50,152 [app.kafka_producer] INFO: Sent to thread-events: {'event': 'thread_liked', 'user_id': 4, 'actor_id': 19, 'type': 'thread_like', 'message': 'sam liked your thread', 'reference_id': 4}
2026-04-05 01:16:50,176 [app.kafka_producer] INFO: Sent to thread-events: {'broadcast': True, 'type': 'thread_like_update', 'thread_id': 5, 'like_count': 1}
2026-04-05 01:16:50,179 [app.kafka_producer] INFO: Sent to thread-events: {'event': 'thread_liked', 'user_id': 5, 'actor_id': 14, 'type': 'thread_like', 'message': 'noah liked your thread', 'reference_id': 5}
2026-04-05 01:16:50,203 [app.kafka_producer] INFO: Sent to thread-events: {'broadcast': True, 'type': 'thread_like_update', 'thread_id': 5, 'like_count': 2}
2026-04-05 01:16:50,208 [app.kafka_producer] INFO: Sent to thread-events: {'event': 'thread_liked', 'user_id': 5, 'actor_id': 3, 'type': 'thread_like', 'message': 'charlie liked your thread', 'reference_id': 5}
2026-04-05 01:16:50,259 [app.kafka_producer] INFO: Sent to thread-events: {'broadcast': True, 'type': 'thread_like_update', 'thread_id': 5, 'like_count': 3}
2026-04-05 01:16:50,263 [app.kafka_producer] INFO: Sent to thread-events: {'event': 'thread_liked', 'user_id': 5, 'actor_id': 2, 'type': 'thread_like', 'message': 'bob liked your thread', 'reference_id': 5}
2026-04-05 01:16:50,285 [app.kafka_producer] INFO: Sent to thread-events: {'broadcast': True, 'type': 'thread_like_update', 'thread_id': 5, 'like_count': 4}
2026-04-05 01:16:50,289 [app.kafka_producer] INFO: Sent to thread-events: {'event': 'thread_liked', 'user_id': 5, 'actor_id': 6, 'type': 'thread_like', 'message': 'frank liked your thread', 'reference_id': 5}
2026-04-05 01:16:50,317 [app.kafka_producer] INFO: Sent to thread-events: {'broadcast': True, 'type': 'thread_like_update', 'thread_id': 5, 'like_count': 5}
2026-04-05 01:16:50,321 [app.kafka_producer] INFO: Sent to thread-events: {'event': 'thread_liked', 'user_id': 5, 'actor_id': 16, 'type': 'thread_like', 'message': 'peter liked your thread', 'reference_id': 5}
2026-04-05 01:16:50,343 [app.kafka_producer] INFO: Sent to thread-events: {'broadcast': True, 'type': 'thread_like_update', 'thread_id': 6, 'like_count': 1}
2026-04-05 01:16:50,348 [app.kafka_producer] INFO: Sent to thread-events: {'event': 'thread_liked', 'user_id': 6, 'actor_id': 4, 'type': 'thread_like', 'message': 'diana liked your thread', 'reference_id': 6}
2026-04-05 01:16:50,369 [app.kafka_producer] INFO: Sent to thread-events: {'broadcast': True, 'type': 'thread_like_update', 'thread_id': 6, 'like_count': 2}
2026-04-05 01:16:50,373 [app.kafka_producer] INFO: Sent to thread-events: {'event': 'thread_liked', 'user_id': 6, 'actor_id': 12, 'type': 'thread_like', 'message': 'leo liked your thread', 'reference_id': 6}
2026-04-05 01:16:50,397 [app.kafka_producer] INFO: Sent to thread-events: {'broadcast': True, 'type': 'thread_like_update', 'thread_id': 6, 'like_count': 3}
2026-04-05 01:16:50,400 [app.kafka_producer] INFO: Sent to thread-events: {'event': 'thread_liked', 'user_id': 6, 'actor_id': 19, 'type': 'thread_like', 'message': 'sam liked your thread', 'reference_id': 6}
2026-04-05 01:16:50,426 [app.kafka_producer] INFO: Sent to thread-events: {'broadcast': True, 'type': 'thread_like_update', 'thread_id': 6, 'like_count': 4}
2026-04-05 01:16:50,430 [app.kafka_producer] INFO: Sent to thread-events: {'event': 'thread_liked', 'user_id': 6, 'actor_id': 1, 'type': 'thread_like', 'message': 'alice liked your thread', 'reference_id': 6}
2026-04-05 01:16:50,456 [app.kafka_producer] INFO: Sent to thread-events: {'broadcast': True, 'type': 'thread_like_update', 'thread_id': 6, 'like_count': 5}
2026-04-05 01:16:50,459 [app.kafka_producer] INFO: Sent to thread-events: {'event': 'thread_liked', 'user_id': 6, 'actor_id': 20, 'type': 'thread_like', 'message': 'tina liked your thread', 'reference_id': 6}
2026-04-05 01:16:50,482 [app.kafka_producer] INFO: Sent to thread-events: {'broadcast': True, 'type': 'thread_like_update', 'thread_id': 6, 'like_count': 6}
2026-04-05 01:16:50,487 [app.kafka_producer] INFO: Sent to thread-events: {'event': 'thread_liked', 'user_id': 6, 'actor_id': 5, 'type': 'thread_like', 'message': 'eve liked your thread', 'reference_id': 6}
2026-04-05 01:16:50,511 [app.kafka_producer] INFO: Sent to thread-events: {'broadcast': True, 'type': 'thread_like_update', 'thread_id': 6, 'like_count': 7}
2026-04-05 01:16:50,514 [app.kafka_producer] INFO: Sent to thread-events: {'event': 'thread_liked', 'user_id': 6, 'actor_id': 18, 'type': 'thread_like', 'message': 'rachel liked your thread', 'reference_id': 6}
2026-04-05 01:16:50,536 [app.kafka_producer] INFO: Sent to thread-events: {'broadcast': True, 'type': 'thread_like_update', 'thread_id': 7, 'like_count': 1}
2026-04-05 01:16:50,540 [app.kafka_producer] INFO: Sent to thread-events: {'event': 'thread_liked', 'user_id': 7, 'actor_id': 17, 'type': 'thread_like', 'message': 'quinn liked your thread', 'reference_id': 7}
2026-04-05 01:16:50,562 [app.kafka_producer] INFO: Sent to thread-events: {'broadcast': True, 'type': 'thread_like_update', 'thread_id': 7, 'like_count': 2}
2026-04-05 01:16:50,585 [app.kafka_producer] INFO: Sent to thread-events: {'broadcast': True, 'type': 'thread_like_update', 'thread_id': 7, 'like_count': 3}
2026-04-05 01:16:50,589 [app.kafka_producer] INFO: Sent to thread-events: {'event': 'thread_liked', 'user_id': 7, 'actor_id': 19, 'type': 'thread_like', 'message': 'sam liked your thread', 'reference_id': 7}
2026-04-05 01:16:50,613 [app.kafka_producer] INFO: Sent to thread-events: {'broadcast': True, 'type': 'thread_like_update', 'thread_id': 8, 'like_count': 1}
2026-04-05 01:16:50,617 [app.kafka_producer] INFO: Sent to thread-events: {'event': 'thread_liked', 'user_id': 8, 'actor_id': 15, 'type': 'thread_like', 'message': 'olivia liked your thread', 'reference_id': 8}
2026-04-05 01:16:50,640 [app.kafka_producer] INFO: Sent to thread-events: {'broadcast': True, 'type': 'thread_like_update', 'thread_id': 8, 'like_count': 2}
2026-04-05 01:16:50,644 [app.kafka_producer] INFO: Sent to thread-events: {'event': 'thread_liked', 'user_id': 8, 'actor_id': 10, 'type': 'thread_like', 'message': 'jack liked your thread', 'reference_id': 8}
2026-04-05 01:16:50,667 [app.kafka_producer] INFO: Sent to thread-events: {'broadcast': True, 'type': 'thread_like_update', 'thread_id': 8, 'like_count': 3}
2026-04-05 01:16:50,692 [app.kafka_producer] INFO: Sent to thread-events: {'broadcast': True, 'type': 'thread_like_update', 'thread_id': 8, 'like_count': 4}
2026-04-05 01:16:50,698 [app.kafka_producer] INFO: Sent to thread-events: {'event': 'thread_liked', 'user_id': 8, 'actor_id': 12, 'type': 'thread_like', 'message': 'leo liked your thread', 'reference_id': 8}
2026-04-05 01:16:50,728 [app.kafka_producer] INFO: Sent to thread-events: {'broadcast': True, 'type': 'thread_like_update', 'thread_id': 8, 'like_count': 5}
2026-04-05 01:16:50,733 [app.kafka_producer] INFO: Sent to thread-events: {'event': 'thread_liked', 'user_id': 8, 'actor_id': 14, 'type': 'thread_like', 'message': 'noah liked your thread', 'reference_id': 8}
2026-04-05 01:16:50,764 [app.kafka_producer] INFO: Sent to thread-events: {'broadcast': True, 'type': 'thread_like_update', 'thread_id': 8, 'like_count': 6}
2026-04-05 01:16:50,769 [app.kafka_producer] INFO: Sent to thread-events: {'event': 'thread_liked', 'user_id': 8, 'actor_id': 7, 'type': 'thread_like', 'message': 'grace liked your thread', 'reference_id': 8}
2026-04-05 01:16:50,798 [app.kafka_producer] INFO: Sent to thread-events: {'broadcast': True, 'type': 'thread_like_update', 'thread_id': 8, 'like_count': 7}
2026-04-05 01:16:50,802 [app.kafka_producer] INFO: Sent to thread-events: {'event': 'thread_liked', 'user_id': 8, 'actor_id': 5, 'type': 'thread_like', 'message': 'eve liked your thread', 'reference_id': 8}
2026-04-05 01:16:50,835 [app.kafka_producer] INFO: Sent to thread-events: {'broadcast': True, 'type': 'thread_like_update', 'thread_id': 9, 'like_count': 1}
2026-04-05 01:16:50,840 [app.kafka_producer] INFO: Sent to thread-events: {'event': 'thread_liked', 'user_id': 9, 'actor_id': 12, 'type': 'thread_like', 'message': 'leo liked your thread', 'reference_id': 9}
2026-04-05 01:16:50,867 [app.kafka_producer] INFO: Sent to thread-events: {'broadcast': True, 'type': 'thread_like_update', 'thread_id': 9, 'like_count': 2}
2026-04-05 01:16:50,871 [app.kafka_producer] INFO: Sent to thread-events: {'event': 'thread_liked', 'user_id': 9, 'actor_id': 5, 'type': 'thread_like', 'message': 'eve liked your thread', 'reference_id': 9}
2026-04-05 01:16:50,896 [app.kafka_producer] INFO: Sent to thread-events: {'broadcast': True, 'type': 'thread_like_update', 'thread_id': 9, 'like_count': 3}
2026-04-05 01:16:50,900 [app.kafka_producer] INFO: Sent to thread-events: {'event': 'thread_liked', 'user_id': 9, 'actor_id': 6, 'type': 'thread_like', 'message': 'frank liked your thread', 'reference_id': 9}
2026-04-05 01:16:50,926 [app.kafka_producer] INFO: Sent to thread-events: {'broadcast': True, 'type': 'thread_like_update', 'thread_id': 9, 'like_count': 4}
2026-04-05 01:16:50,930 [app.kafka_producer] INFO: Sent to thread-events: {'event': 'thread_liked', 'user_id': 9, 'actor_id': 19, 'type': 'thread_like', 'message': 'sam liked your thread', 'reference_id': 9}
2026-04-05 01:16:50,955 [app.kafka_producer] INFO: Sent to thread-events: {'broadcast': True, 'type': 'thread_like_update', 'thread_id': 9, 'like_count': 5}
2026-04-05 01:16:50,980 [app.kafka_producer] INFO: Sent to thread-events: {'broadcast': True, 'type': 'thread_like_update', 'thread_id': 9, 'like_count': 6}
2026-04-05 01:16:50,985 [app.kafka_producer] INFO: Sent to thread-events: {'event': 'thread_liked', 'user_id': 9, 'actor_id': 16, 'type': 'thread_like', 'message': 'peter liked your thread', 'reference_id': 9}
2026-04-05 01:16:51,012 [app.kafka_producer] INFO: Sent to thread-events: {'broadcast': True, 'type': 'thread_like_update', 'thread_id': 9, 'like_count': 7}
2026-04-05 01:16:51,016 [app.kafka_producer] INFO: Sent to thread-events: {'event': 'thread_liked', 'user_id': 9, 'actor_id': 4, 'type': 'thread_like', 'message': 'diana liked your thread', 'reference_id': 9}
2026-04-05 01:16:51,044 [app.kafka_producer] INFO: Sent to thread-events: {'broadcast': True, 'type': 'thread_like_update', 'thread_id': 10, 'like_count': 1}
2026-04-05 01:16:51,049 [app.kafka_producer] INFO: Sent to thread-events: {'event': 'thread_liked', 'user_id': 10, 'actor_id': 11, 'type': 'thread_like', 'message': 'karen liked your thread', 'reference_id': 10}
2026-04-05 01:16:51,079 [app.kafka_producer] INFO: Sent to thread-events: {'broadcast': True, 'type': 'thread_like_update', 'thread_id': 10, 'like_count': 2}
2026-04-05 01:16:51,086 [app.kafka_producer] INFO: Sent to thread-events: {'event': 'thread_liked', 'user_id': 10, 'actor_id': 16, 'type': 'thread_like', 'message': 'peter liked your thread', 'reference_id': 10}
2026-04-05 01:16:51,113 [app.kafka_producer] INFO: Sent to thread-events: {'broadcast': True, 'type': 'thread_like_update', 'thread_id': 10, 'like_count': 3}
2026-04-05 01:16:51,117 [app.kafka_producer] INFO: Sent to thread-events: {'event': 'thread_liked', 'user_id': 10, 'actor_id': 4, 'type': 'thread_like', 'message': 'diana liked your thread', 'reference_id': 10}
2026-04-05 01:16:51,140 [app.kafka_producer] INFO: Sent to thread-events: {'broadcast': True, 'type': 'thread_like_update', 'thread_id': 10, 'like_count': 4}
2026-04-05 01:16:51,144 [app.kafka_producer] INFO: Sent to thread-events: {'event': 'thread_liked', 'user_id': 10, 'actor_id': 17, 'type': 'thread_like', 'message': 'quinn liked your thread', 'reference_id': 10}
2026-04-05 01:16:51,191 [app.kafka_producer] INFO: Sent to thread-events: {'broadcast': True, 'type': 'thread_like_update', 'thread_id': 10, 'like_count': 5}
2026-04-05 01:16:51,194 [app.kafka_producer] INFO: Sent to thread-events: {'event': 'thread_liked', 'user_id': 10, 'actor_id': 14, 'type': 'thread_like', 'message': 'noah liked your thread', 'reference_id': 10}
2026-04-05 01:16:51,218 [app.kafka_producer] INFO: Sent to thread-events: {'broadcast': True, 'type': 'thread_like_update', 'thread_id': 10, 'like_count': 6}
2026-04-05 01:16:51,224 [app.kafka_producer] INFO: Sent to thread-events: {'event': 'thread_liked', 'user_id': 10, 'actor_id': 2, 'type': 'thread_like', 'message': 'bob liked your thread', 'reference_id': 10}
2026-04-05 01:16:51,249 [app.kafka_producer] INFO: Sent to thread-events: {'broadcast': True, 'type': 'thread_like_update', 'thread_id': 10, 'like_count': 7}
2026-04-05 01:16:51,252 [app.kafka_producer] INFO: Sent to thread-events: {'event': 'thread_liked', 'user_id': 10, 'actor_id': 8, 'type': 'thread_like', 'message': 'henry liked your thread', 'reference_id': 10}
2026-04-05 01:16:51,278 [app.kafka_producer] INFO: Sent to thread-events: {'broadcast': True, 'type': 'thread_like_update', 'thread_id': 10, 'like_count': 8}
2026-04-05 01:16:51,281 [app.kafka_producer] INFO: Sent to thread-events: {'event': 'thread_liked', 'user_id': 10, 'actor_id': 1, 'type': 'thread_like', 'message': 'alice liked your thread', 'reference_id': 10}
2026-04-05 01:16:51,305 [app.kafka_producer] INFO: Sent to thread-events: {'broadcast': True, 'type': 'thread_like_update', 'thread_id': 11, 'like_count': 1}
2026-04-05 01:16:51,308 [app.kafka_producer] INFO: Sent to thread-events: {'event': 'thread_liked', 'user_id': 11, 'actor_id': 8, 'type': 'thread_like', 'message': 'henry liked your thread', 'reference_id': 11}
2026-04-05 01:16:51,336 [app.kafka_producer] INFO: Sent to thread-events: {'broadcast': True, 'type': 'thread_like_update', 'thread_id': 11, 'like_count': 2}
2026-04-05 01:16:51,341 [app.kafka_producer] INFO: Sent to thread-events: {'event': 'thread_liked', 'user_id': 11, 'actor_id': 2, 'type': 'thread_like', 'message': 'bob liked your thread', 'reference_id': 11}
2026-04-05 01:16:51,366 [app.kafka_producer] INFO: Sent to thread-events: {'broadcast': True, 'type': 'thread_like_update', 'thread_id': 11, 'like_count': 3}
2026-04-05 01:16:51,370 [app.kafka_producer] INFO: Sent to thread-events: {'event': 'thread_liked', 'user_id': 11, 'actor_id': 12, 'type': 'thread_like', 'message': 'leo liked your thread', 'reference_id': 11}
2026-04-05 01:16:51,392 [app.kafka_producer] INFO: Sent to thread-events: {'broadcast': True, 'type': 'thread_like_update', 'thread_id': 11, 'like_count': 4}
2026-04-05 01:16:51,396 [app.kafka_producer] INFO: Sent to thread-events: {'event': 'thread_liked', 'user_id': 11, 'actor_id': 19, 'type': 'thread_like', 'message': 'sam liked your thread', 'reference_id': 11}
2026-04-05 01:16:51,418 [app.kafka_producer] INFO: Sent to thread-events: {'broadcast': True, 'type': 'thread_like_update', 'thread_id': 11, 'like_count': 5}
2026-04-05 01:16:51,441 [app.kafka_producer] INFO: Sent to thread-events: {'broadcast': True, 'type': 'thread_like_update', 'thread_id': 12, 'like_count': 1}
2026-04-05 01:16:51,446 [app.kafka_producer] INFO: Sent to thread-events: {'event': 'thread_liked', 'user_id': 12, 'actor_id': 9, 'type': 'thread_like', 'message': 'ivy liked your thread', 'reference_id': 12}
2026-04-05 01:16:51,468 [app.kafka_producer] INFO: Sent to thread-events: {'broadcast': True, 'type': 'thread_like_update', 'thread_id': 12, 'like_count': 2}
2026-04-05 01:16:51,472 [app.kafka_producer] INFO: Sent to thread-events: {'event': 'thread_liked', 'user_id': 12, 'actor_id': 14, 'type': 'thread_like', 'message': 'noah liked your thread', 'reference_id': 12}
2026-04-05 01:16:51,494 [app.kafka_producer] INFO: Sent to thread-events: {'broadcast': True, 'type': 'thread_like_update', 'thread_id': 12, 'like_count': 3}
2026-04-05 01:16:51,497 [app.kafka_producer] INFO: Sent to thread-events: {'event': 'thread_liked', 'user_id': 12, 'actor_id': 4, 'type': 'thread_like', 'message': 'diana liked your thread', 'reference_id': 12}
2026-04-05 01:16:51,527 [app.kafka_producer] INFO: Sent to thread-events: {'broadcast': True, 'type': 'thread_like_update', 'thread_id': 12, 'like_count': 4}
2026-04-05 01:16:51,531 [app.kafka_producer] INFO: Sent to thread-events: {'event': 'thread_liked', 'user_id': 12, 'actor_id': 1, 'type': 'thread_like', 'message': 'alice liked your thread', 'reference_id': 12}
2026-04-05 01:16:51,556 [app.kafka_producer] INFO: Sent to thread-events: {'broadcast': True, 'type': 'thread_like_update', 'thread_id': 12, 'like_count': 5}
2026-04-05 01:16:51,559 [app.kafka_producer] INFO: Sent to thread-events: {'event': 'thread_liked', 'user_id': 12, 'actor_id': 5, 'type': 'thread_like', 'message': 'eve liked your thread', 'reference_id': 12}
2026-04-05 01:16:51,589 [app.kafka_producer] INFO: Sent to thread-events: {'broadcast': True, 'type': 'thread_like_update', 'thread_id': 12, 'like_count': 6}
2026-04-05 01:16:51,593 [app.kafka_producer] INFO: Sent to thread-events: {'event': 'thread_liked', 'user_id': 12, 'actor_id': 16, 'type': 'thread_like', 'message': 'peter liked your thread', 'reference_id': 12}
2026-04-05 01:16:51,616 [app.kafka_producer] INFO: Sent to thread-events: {'broadcast': True, 'type': 'thread_like_update', 'thread_id': 12, 'like_count': 7}
2026-04-05 01:16:51,620 [app.kafka_producer] INFO: Sent to thread-events: {'event': 'thread_liked', 'user_id': 12, 'actor_id': 18, 'type': 'thread_like', 'message': 'rachel liked your thread', 'reference_id': 12}
2026-04-05 01:16:51,643 [app.kafka_producer] INFO: Sent to thread-events: {'broadcast': True, 'type': 'thread_like_update', 'thread_id': 13, 'like_count': 1}
2026-04-05 01:16:51,666 [app.kafka_producer] INFO: Sent to thread-events: {'broadcast': True, 'type': 'thread_like_update', 'thread_id': 13, 'like_count': 2}
2026-04-05 01:16:51,671 [app.kafka_producer] INFO: Sent to thread-events: {'event': 'thread_liked', 'user_id': 13, 'actor_id': 4, 'type': 'thread_like', 'message': 'diana liked your thread', 'reference_id': 13}
2026-04-05 01:16:51,701 [app.kafka_producer] INFO: Sent to thread-events: {'broadcast': True, 'type': 'thread_like_update', 'thread_id': 13, 'like_count': 3}
2026-04-05 01:16:51,705 [app.kafka_producer] INFO: Sent to thread-events: {'event': 'thread_liked', 'user_id': 13, 'actor_id': 20, 'type': 'thread_like', 'message': 'tina liked your thread', 'reference_id': 13}
2026-04-05 01:16:51,735 [app.kafka_producer] INFO: Sent to thread-events: {'broadcast': True, 'type': 'thread_like_update', 'thread_id': 14, 'like_count': 1}
2026-04-05 01:16:51,739 [app.kafka_producer] INFO: Sent to thread-events: {'event': 'thread_liked', 'user_id': 14, 'actor_id': 18, 'type': 'thread_like', 'message': 'rachel liked your thread', 'reference_id': 14}
2026-04-05 01:16:51,762 [app.kafka_producer] INFO: Sent to thread-events: {'broadcast': True, 'type': 'thread_like_update', 'thread_id': 14, 'like_count': 2}
2026-04-05 01:16:51,765 [app.kafka_producer] INFO: Sent to thread-events: {'event': 'thread_liked', 'user_id': 14, 'actor_id': 7, 'type': 'thread_like', 'message': 'grace liked your thread', 'reference_id': 14}
2026-04-05 01:16:51,789 [app.kafka_producer] INFO: Sent to thread-events: {'broadcast': True, 'type': 'thread_like_update', 'thread_id': 14, 'like_count': 3}
2026-04-05 01:16:51,792 [app.kafka_producer] INFO: Sent to thread-events: {'event': 'thread_liked', 'user_id': 14, 'actor_id': 13, 'type': 'thread_like', 'message': 'mia liked your thread', 'reference_id': 14}
2026-04-05 01:16:51,814 [app.kafka_producer] INFO: Sent to thread-events: {'broadcast': True, 'type': 'thread_like_update', 'thread_id': 14, 'like_count': 4}
2026-04-05 01:16:51,817 [app.kafka_producer] INFO: Sent to thread-events: {'event': 'thread_liked', 'user_id': 14, 'actor_id': 11, 'type': 'thread_like', 'message': 'karen liked your thread', 'reference_id': 14}
2026-04-05 01:16:51,840 [app.kafka_producer] INFO: Sent to thread-events: {'broadcast': True, 'type': 'thread_like_update', 'thread_id': 14, 'like_count': 5}
2026-04-05 01:16:51,843 [app.kafka_producer] INFO: Sent to thread-events: {'event': 'thread_liked', 'user_id': 14, 'actor_id': 9, 'type': 'thread_like', 'message': 'ivy liked your thread', 'reference_id': 14}
2026-04-05 01:16:51,865 [app.kafka_producer] INFO: Sent to thread-events: {'broadcast': True, 'type': 'thread_like_update', 'thread_id': 15, 'like_count': 1}
2026-04-05 01:16:51,887 [app.kafka_producer] INFO: Sent to thread-events: {'broadcast': True, 'type': 'thread_like_update', 'thread_id': 15, 'like_count': 2}
2026-04-05 01:16:51,891 [app.kafka_producer] INFO: Sent to thread-events: {'event': 'thread_liked', 'user_id': 15, 'actor_id': 2, 'type': 'thread_like', 'message': 'bob liked your thread', 'reference_id': 15}
2026-04-05 01:16:51,912 [app.kafka_producer] INFO: Sent to thread-events: {'broadcast': True, 'type': 'thread_like_update', 'thread_id': 15, 'like_count': 3}
2026-04-05 01:16:51,916 [app.kafka_producer] INFO: Sent to thread-events: {'event': 'thread_liked', 'user_id': 15, 'actor_id': 20, 'type': 'thread_like', 'message': 'tina liked your thread', 'reference_id': 15}
2026-04-05 01:16:51,939 [app.kafka_producer] INFO: Sent to thread-events: {'broadcast': True, 'type': 'thread_like_update', 'thread_id': 15, 'like_count': 4}
2026-04-05 01:16:51,943 [app.kafka_producer] INFO: Sent to thread-events: {'event': 'thread_liked', 'user_id': 15, 'actor_id': 13, 'type': 'thread_like', 'message': 'mia liked your thread', 'reference_id': 15}
2026-04-05 01:16:51,966 [app.kafka_producer] INFO: Sent to thread-events: {'broadcast': True, 'type': 'thread_like_update', 'thread_id': 16, 'like_count': 1}
2026-04-05 01:16:51,969 [app.kafka_producer] INFO: Sent to thread-events: {'event': 'thread_liked', 'user_id': 16, 'actor_id': 12, 'type': 'thread_like', 'message': 'leo liked your thread', 'reference_id': 16}
2026-04-05 01:16:52,013 [app.kafka_producer] INFO: Sent to thread-events: {'broadcast': True, 'type': 'thread_like_update', 'thread_id': 16, 'like_count': 2}
2026-04-05 01:16:52,016 [app.kafka_producer] INFO: Sent to thread-events: {'event': 'thread_liked', 'user_id': 16, 'actor_id': 7, 'type': 'thread_like', 'message': 'grace liked your thread', 'reference_id': 16}
2026-04-05 01:16:52,037 [app.kafka_producer] INFO: Sent to thread-events: {'broadcast': True, 'type': 'thread_like_update', 'thread_id': 16, 'like_count': 3}
2026-04-05 01:16:52,040 [app.kafka_producer] INFO: Sent to thread-events: {'event': 'thread_liked', 'user_id': 16, 'actor_id': 19, 'type': 'thread_like', 'message': 'sam liked your thread', 'reference_id': 16}
2026-04-05 01:16:52,062 [app.kafka_producer] INFO: Sent to thread-events: {'broadcast': True, 'type': 'thread_like_update', 'thread_id': 16, 'like_count': 4}
2026-04-05 01:16:52,066 [app.kafka_producer] INFO: Sent to thread-events: {'event': 'thread_liked', 'user_id': 16, 'actor_id': 14, 'type': 'thread_like', 'message': 'noah liked your thread', 'reference_id': 16}
2026-04-05 01:16:52,090 [app.kafka_producer] INFO: Sent to thread-events: {'broadcast': True, 'type': 'thread_like_update', 'thread_id': 16, 'like_count': 5}
2026-04-05 01:16:52,093 [app.kafka_producer] INFO: Sent to thread-events: {'event': 'thread_liked', 'user_id': 16, 'actor_id': 5, 'type': 'thread_like', 'message': 'eve liked your thread', 'reference_id': 16}
2026-04-05 01:16:52,132 [app.kafka_producer] INFO: Sent to thread-events: {'broadcast': True, 'type': 'thread_like_update', 'thread_id': 16, 'like_count': 6}
2026-04-05 01:16:52,141 [app.kafka_producer] INFO: Sent to thread-events: {'event': 'thread_liked', 'user_id': 16, 'actor_id': 17, 'type': 'thread_like', 'message': 'quinn liked your thread', 'reference_id': 16}
2026-04-05 01:16:52,180 [app.kafka_producer] INFO: Sent to thread-events: {'broadcast': True, 'type': 'thread_like_update', 'thread_id': 17, 'like_count': 1}
2026-04-05 01:16:52,186 [app.kafka_producer] INFO: Sent to thread-events: {'event': 'thread_liked', 'user_id': 17, 'actor_id': 8, 'type': 'thread_like', 'message': 'henry liked your thread', 'reference_id': 17}
2026-04-05 01:16:52,221 [app.kafka_producer] INFO: Sent to thread-events: {'broadcast': True, 'type': 'thread_like_update', 'thread_id': 17, 'like_count': 2}
2026-04-05 01:16:52,226 [app.kafka_producer] INFO: Sent to thread-events: {'event': 'thread_liked', 'user_id': 17, 'actor_id': 5, 'type': 'thread_like', 'message': 'eve liked your thread', 'reference_id': 17}
2026-04-05 01:16:52,256 [app.kafka_producer] INFO: Sent to thread-events: {'broadcast': True, 'type': 'thread_like_update', 'thread_id': 17, 'like_count': 3}
2026-04-05 01:16:52,262 [app.kafka_producer] INFO: Sent to thread-events: {'event': 'thread_liked', 'user_id': 17, 'actor_id': 6, 'type': 'thread_like', 'message': 'frank liked your thread', 'reference_id': 17}
2026-04-05 01:16:52,290 [app.kafka_producer] INFO: Sent to thread-events: {'broadcast': True, 'type': 'thread_like_update', 'thread_id': 17, 'like_count': 4}
2026-04-05 01:16:52,294 [app.kafka_producer] INFO: Sent to thread-events: {'event': 'thread_liked', 'user_id': 17, 'actor_id': 3, 'type': 'thread_like', 'message': 'charlie liked your thread', 'reference_id': 17}
2026-04-05 01:16:52,319 [app.kafka_producer] INFO: Sent to thread-events: {'broadcast': True, 'type': 'thread_like_update', 'thread_id': 17, 'like_count': 5}
2026-04-05 01:16:52,322 [app.kafka_producer] INFO: Sent to thread-events: {'event': 'thread_liked', 'user_id': 17, 'actor_id': 10, 'type': 'thread_like', 'message': 'jack liked your thread', 'reference_id': 17}
2026-04-05 01:16:52,345 [app.kafka_producer] INFO: Sent to thread-events: {'broadcast': True, 'type': 'thread_like_update', 'thread_id': 17, 'like_count': 6}
2026-04-05 01:16:52,349 [app.kafka_producer] INFO: Sent to thread-events: {'event': 'thread_liked', 'user_id': 17, 'actor_id': 13, 'type': 'thread_like', 'message': 'mia liked your thread', 'reference_id': 17}
2026-04-05 01:16:52,373 [app.kafka_producer] INFO: Sent to thread-events: {'broadcast': True, 'type': 'thread_like_update', 'thread_id': 17, 'like_count': 7}
2026-04-05 01:16:52,377 [app.kafka_producer] INFO: Sent to thread-events: {'event': 'thread_liked', 'user_id': 17, 'actor_id': 4, 'type': 'thread_like', 'message': 'diana liked your thread', 'reference_id': 17}
2026-04-05 01:16:52,402 [app.kafka_producer] INFO: Sent to thread-events: {'broadcast': True, 'type': 'thread_like_update', 'thread_id': 17, 'like_count': 8}
2026-04-05 01:16:52,405 [app.kafka_producer] INFO: Sent to thread-events: {'event': 'thread_liked', 'user_id': 17, 'actor_id': 16, 'type': 'thread_like', 'message': 'peter liked your thread', 'reference_id': 17}
2026-04-05 01:16:52,428 [app.kafka_producer] INFO: Sent to thread-events: {'broadcast': True, 'type': 'thread_like_update', 'thread_id': 18, 'like_count': 1}
2026-04-05 01:16:52,432 [app.kafka_producer] INFO: Sent to thread-events: {'event': 'thread_liked', 'user_id': 18, 'actor_id': 14, 'type': 'thread_like', 'message': 'noah liked your thread', 'reference_id': 18}
2026-04-05 01:16:52,455 [app.kafka_producer] INFO: Sent to thread-events: {'broadcast': True, 'type': 'thread_like_update', 'thread_id': 18, 'like_count': 2}
2026-04-05 01:16:52,459 [app.kafka_producer] INFO: Sent to thread-events: {'event': 'thread_liked', 'user_id': 18, 'actor_id': 12, 'type': 'thread_like', 'message': 'leo liked your thread', 'reference_id': 18}
2026-04-05 01:16:52,482 [app.kafka_producer] INFO: Sent to thread-events: {'broadcast': True, 'type': 'thread_like_update', 'thread_id': 18, 'like_count': 3}
2026-04-05 01:16:52,485 [app.kafka_producer] INFO: Sent to thread-events: {'event': 'thread_liked', 'user_id': 18, 'actor_id': 9, 'type': 'thread_like', 'message': 'ivy liked your thread', 'reference_id': 18}
2026-04-05 01:16:52,508 [app.kafka_producer] INFO: Sent to thread-events: {'broadcast': True, 'type': 'thread_like_update', 'thread_id': 18, 'like_count': 4}
2026-04-05 01:16:52,510 [app.kafka_producer] INFO: Sent to thread-events: {'event': 'thread_liked', 'user_id': 18, 'actor_id': 4, 'type': 'thread_like', 'message': 'diana liked your thread', 'reference_id': 18}
2026-04-05 01:16:52,532 [app.kafka_producer] INFO: Sent to thread-events: {'broadcast': True, 'type': 'thread_like_update', 'thread_id': 18, 'like_count': 5}
2026-04-05 01:16:52,537 [app.kafka_producer] INFO: Sent to thread-events: {'event': 'thread_liked', 'user_id': 18, 'actor_id': 10, 'type': 'thread_like', 'message': 'jack liked your thread', 'reference_id': 18}
2026-04-05 01:16:52,561 [app.kafka_producer] INFO: Sent to thread-events: {'broadcast': True, 'type': 'thread_like_update', 'thread_id': 18, 'like_count': 6}
2026-04-05 01:16:52,564 [app.kafka_producer] INFO: Sent to thread-events: {'event': 'thread_liked', 'user_id': 18, 'actor_id': 5, 'type': 'thread_like', 'message': 'eve liked your thread', 'reference_id': 18}
2026-04-05 01:16:52,586 [app.kafka_producer] INFO: Sent to thread-events: {'broadcast': True, 'type': 'thread_like_update', 'thread_id': 18, 'like_count': 7}
2026-04-05 01:16:52,590 [app.kafka_producer] INFO: Sent to thread-events: {'event': 'thread_liked', 'user_id': 18, 'actor_id': 16, 'type': 'thread_like', 'message': 'peter liked your thread', 'reference_id': 18}
2026-04-05 01:16:52,612 [app.kafka_producer] INFO: Sent to thread-events: {'broadcast': True, 'type': 'thread_like_update', 'thread_id': 19, 'like_count': 1}
2026-04-05 01:16:52,615 [app.kafka_producer] INFO: Sent to thread-events: {'event': 'thread_liked', 'user_id': 19, 'actor_id': 17, 'type': 'thread_like', 'message': 'quinn liked your thread', 'reference_id': 19}
2026-04-05 01:16:52,638 [app.kafka_producer] INFO: Sent to thread-events: {'broadcast': True, 'type': 'thread_like_update', 'thread_id': 19, 'like_count': 2}
2026-04-05 01:16:52,641 [app.kafka_producer] INFO: Sent to thread-events: {'event': 'thread_liked', 'user_id': 19, 'actor_id': 12, 'type': 'thread_like', 'message': 'leo liked your thread', 'reference_id': 19}
2026-04-05 01:16:52,664 [app.kafka_producer] INFO: Sent to thread-events: {'broadcast': True, 'type': 'thread_like_update', 'thread_id': 19, 'like_count': 3}
2026-04-05 01:16:52,667 [app.kafka_producer] INFO: Sent to thread-events: {'event': 'thread_liked', 'user_id': 19, 'actor_id': 20, 'type': 'thread_like', 'message': 'tina liked your thread', 'reference_id': 19}
2026-04-05 01:16:52,689 [app.kafka_producer] INFO: Sent to thread-events: {'broadcast': True, 'type': 'thread_like_update', 'thread_id': 19, 'like_count': 4}
2026-04-05 01:16:52,692 [app.kafka_producer] INFO: Sent to thread-events: {'event': 'thread_liked', 'user_id': 19, 'actor_id': 14, 'type': 'thread_like', 'message': 'noah liked your thread', 'reference_id': 19}
2026-04-05 01:16:52,715 [app.kafka_producer] INFO: Sent to thread-events: {'broadcast': True, 'type': 'thread_like_update', 'thread_id': 19, 'like_count': 5}
2026-04-05 01:16:52,718 [app.kafka_producer] INFO: Sent to thread-events: {'event': 'thread_liked', 'user_id': 19, 'actor_id': 8, 'type': 'thread_like', 'message': 'henry liked your thread', 'reference_id': 19}
2026-04-05 01:16:52,741 [app.kafka_producer] INFO: Sent to thread-events: {'broadcast': True, 'type': 'thread_like_update', 'thread_id': 19, 'like_count': 6}
2026-04-05 01:16:52,763 [app.kafka_producer] INFO: Sent to thread-events: {'broadcast': True, 'type': 'thread_like_update', 'thread_id': 20, 'like_count': 1}
2026-04-05 01:16:52,766 [app.kafka_producer] INFO: Sent to thread-events: {'event': 'thread_liked', 'user_id': 20, 'actor_id': 3, 'type': 'thread_like', 'message': 'charlie liked your thread', 'reference_id': 20}
2026-04-05 01:16:52,788 [app.kafka_producer] INFO: Sent to thread-events: {'broadcast': True, 'type': 'thread_like_update', 'thread_id': 20, 'like_count': 2}
2026-04-05 01:16:52,793 [app.kafka_producer] INFO: Sent to thread-events: {'event': 'thread_liked', 'user_id': 20, 'actor_id': 15, 'type': 'thread_like', 'message': 'olivia liked your thread', 'reference_id': 20}
2026-04-05 01:16:52,814 [app.kafka_producer] INFO: Sent to thread-events: {'broadcast': True, 'type': 'thread_like_update', 'thread_id': 20, 'like_count': 3}
2026-04-05 01:16:52,817 [app.kafka_producer] INFO: Sent to thread-events: {'event': 'thread_liked', 'user_id': 20, 'actor_id': 16, 'type': 'thread_like', 'message': 'peter liked your thread', 'reference_id': 20}
2026-04-05 01:16:52,858 [app.kafka_producer] INFO: Sent to thread-events: {'broadcast': True, 'type': 'thread_like_update', 'thread_id': 20, 'like_count': 4}
2026-04-05 01:16:52,862 [app.kafka_producer] INFO: Sent to thread-events: {'event': 'thread_liked', 'user_id': 20, 'actor_id': 17, 'type': 'thread_like', 'message': 'quinn liked your thread', 'reference_id': 20}
2026-04-05 01:16:52,885 [app.kafka_producer] INFO: Sent to thread-events: {'broadcast': True, 'type': 'thread_like_update', 'thread_id': 20, 'like_count': 5}
2026-04-05 01:16:52,888 [app.kafka_producer] INFO: Sent to thread-events: {'event': 'thread_liked', 'user_id': 20, 'actor_id': 14, 'type': 'thread_like', 'message': 'noah liked your thread', 'reference_id': 20}
2026-04-05 01:16:53,190 [httpx] INFO: HTTP Request: GET http://comment_service:8005/comments/thread-counts?thread_ids=1 "HTTP/1.1 200 OK"
2026-04-05 01:16:53,272 [httpx] INFO: HTTP Request: GET http://comment_service:8005/comments/thread-counts?thread_ids=1 "HTTP/1.1 200 OK"
2026-04-05 01:16:53,353 [httpx] INFO: HTTP Request: GET http://comment_service:8005/comments/thread-counts?thread_ids=1 "HTTP/1.1 200 OK"
2026-04-05 01:16:53,403 [httpx] INFO: HTTP Request: GET http://comment_service:8005/comments/thread-counts?thread_ids=1 "HTTP/1.1 200 OK"
2026-04-05 01:16:53,468 [httpx] INFO: HTTP Request: GET http://comment_service:8005/comments/thread-counts?thread_ids=1 "HTTP/1.1 200 OK"
2026-04-05 01:16:53,541 [httpx] INFO: HTTP Request: GET http://comment_service:8005/comments/thread-counts?thread_ids=1 "HTTP/1.1 200 OK"
2026-04-05 01:16:53,609 [httpx] INFO: HTTP Request: GET http://comment_service:8005/comments/thread-counts?thread_ids=2 "HTTP/1.1 200 OK"
2026-04-05 01:16:53,685 [httpx] INFO: HTTP Request: GET http://comment_service:8005/comments/thread-counts?thread_ids=2 "HTTP/1.1 200 OK"
2026-04-05 01:16:53,769 [httpx] INFO: HTTP Request: GET http://comment_service:8005/comments/thread-counts?thread_ids=2 "HTTP/1.1 200 OK"
2026-04-05 01:16:53,837 [httpx] INFO: HTTP Request: GET http://comment_service:8005/comments/thread-counts?thread_ids=2 "HTTP/1.1 200 OK"
2026-04-05 01:16:53,888 [httpx] INFO: HTTP Request: GET http://comment_service:8005/comments/thread-counts?thread_ids=3 "HTTP/1.1 200 OK"
2026-04-05 01:16:53,947 [httpx] INFO: HTTP Request: GET http://comment_service:8005/comments/thread-counts?thread_ids=3 "HTTP/1.1 200 OK"
2026-04-05 01:16:54,011 [httpx] INFO: HTTP Request: GET http://comment_service:8005/comments/thread-counts?thread_ids=3 "HTTP/1.1 200 OK"
2026-04-05 01:16:54,074 [httpx] INFO: HTTP Request: GET http://comment_service:8005/comments/thread-counts?thread_ids=3 "HTTP/1.1 200 OK"
2026-04-05 01:16:54,126 [httpx] INFO: HTTP Request: GET http://comment_service:8005/comments/thread-counts?thread_ids=3 "HTTP/1.1 200 OK"
2026-04-05 01:16:54,178 [httpx] INFO: HTTP Request: GET http://comment_service:8005/comments/thread-counts?thread_ids=3 "HTTP/1.1 200 OK"
2026-04-05 01:16:54,225 [httpx] INFO: HTTP Request: GET http://comment_service:8005/comments/thread-counts?thread_ids=3 "HTTP/1.1 200 OK"
2026-04-05 01:16:54,293 [httpx] INFO: HTTP Request: GET http://comment_service:8005/comments/thread-counts?thread_ids=4 "HTTP/1.1 200 OK"
2026-04-05 01:16:54,356 [httpx] INFO: HTTP Request: GET http://comment_service:8005/comments/thread-counts?thread_ids=4 "HTTP/1.1 200 OK"
2026-04-05 01:16:54,456 [httpx] INFO: HTTP Request: GET http://comment_service:8005/comments/thread-counts?thread_ids=4 "HTTP/1.1 200 OK"
2026-04-05 01:16:54,523 [httpx] INFO: HTTP Request: GET http://comment_service:8005/comments/thread-counts?thread_ids=4 "HTTP/1.1 200 OK"
2026-04-05 01:16:54,576 [httpx] INFO: HTTP Request: GET http://comment_service:8005/comments/thread-counts?thread_ids=4 "HTTP/1.1 200 OK"
2026-04-05 01:16:54,686 [httpx] INFO: HTTP Request: GET http://comment_service:8005/comments/thread-counts?thread_ids=5 "HTTP/1.1 200 OK"
2026-04-05 01:16:54,739 [httpx] INFO: HTTP Request: GET http://comment_service:8005/comments/thread-counts?thread_ids=5 "HTTP/1.1 200 OK"
2026-04-05 01:16:54,798 [httpx] INFO: HTTP Request: GET http://comment_service:8005/comments/thread-counts?thread_ids=5 "HTTP/1.1 200 OK"
2026-04-05 01:16:54,851 [httpx] INFO: HTTP Request: GET http://comment_service:8005/comments/thread-counts?thread_ids=5 "HTTP/1.1 200 OK"
2026-04-05 01:16:54,918 [httpx] INFO: HTTP Request: GET http://comment_service:8005/comments/thread-counts?thread_ids=5 "HTTP/1.1 200 OK"
2026-04-05 01:16:54,980 [httpx] INFO: HTTP Request: GET http://comment_service:8005/comments/thread-counts?thread_ids=5 "HTTP/1.1 200 OK"
2026-04-05 01:16:55,044 [httpx] INFO: HTTP Request: GET http://comment_service:8005/comments/thread-counts?thread_ids=6 "HTTP/1.1 200 OK"
2026-04-05 01:16:55,095 [httpx] INFO: HTTP Request: GET http://comment_service:8005/comments/thread-counts?thread_ids=6 "HTTP/1.1 200 OK"
2026-04-05 01:16:55,145 [httpx] INFO: HTTP Request: GET http://comment_service:8005/comments/thread-counts?thread_ids=6 "HTTP/1.1 200 OK"
2026-04-05 01:16:55,199 [httpx] INFO: HTTP Request: GET http://comment_service:8005/comments/thread-counts?thread_ids=6 "HTTP/1.1 200 OK"
2026-04-05 01:16:55,266 [httpx] INFO: HTTP Request: GET http://comment_service:8005/comments/thread-counts?thread_ids=6 "HTTP/1.1 200 OK"
2026-04-05 01:16:55,320 [httpx] INFO: HTTP Request: GET http://comment_service:8005/comments/thread-counts?thread_ids=7 "HTTP/1.1 200 OK"
2026-04-05 01:16:55,371 [httpx] INFO: HTTP Request: GET http://comment_service:8005/comments/thread-counts?thread_ids=7 "HTTP/1.1 200 OK"
2026-04-05 01:16:55,422 [httpx] INFO: HTTP Request: GET http://comment_service:8005/comments/thread-counts?thread_ids=7 "HTTP/1.1 200 OK"
2026-04-05 01:16:55,469 [httpx] INFO: HTTP Request: GET http://comment_service:8005/comments/thread-counts?thread_ids=7 "HTTP/1.1 200 OK"
2026-04-05 01:16:55,518 [httpx] INFO: HTTP Request: GET http://comment_service:8005/comments/thread-counts?thread_ids=7 "HTTP/1.1 200 OK"
2026-04-05 01:16:55,569 [httpx] INFO: HTTP Request: GET http://comment_service:8005/comments/thread-counts?thread_ids=7 "HTTP/1.1 200 OK"
2026-04-05 01:16:55,619 [httpx] INFO: HTTP Request: GET http://comment_service:8005/comments/thread-counts?thread_ids=8 "HTTP/1.1 200 OK"
2026-04-05 01:16:55,667 [httpx] INFO: HTTP Request: GET http://comment_service:8005/comments/thread-counts?thread_ids=8 "HTTP/1.1 200 OK"
2026-04-05 01:16:55,716 [httpx] INFO: HTTP Request: GET http://comment_service:8005/comments/thread-counts?thread_ids=8 "HTTP/1.1 200 OK"
2026-04-05 01:16:55,762 [httpx] INFO: HTTP Request: GET http://comment_service:8005/comments/thread-counts?thread_ids=8 "HTTP/1.1 200 OK"
2026-04-05 01:16:55,824 [httpx] INFO: HTTP Request: GET http://comment_service:8005/comments/thread-counts?thread_ids=9 "HTTP/1.1 200 OK"
2026-04-05 01:16:55,874 [httpx] INFO: HTTP Request: GET http://comment_service:8005/comments/thread-counts?thread_ids=9 "HTTP/1.1 200 OK"
2026-04-05 01:16:55,937 [httpx] INFO: HTTP Request: GET http://comment_service:8005/comments/thread-counts?thread_ids=9 "HTTP/1.1 200 OK"
2026-04-05 01:16:56,002 [httpx] INFO: HTTP Request: GET http://comment_service:8005/comments/thread-counts?thread_ids=9 "HTTP/1.1 200 OK"
2026-04-05 01:16:56,054 [httpx] INFO: HTTP Request: GET http://comment_service:8005/comments/thread-counts?thread_ids=9 "HTTP/1.1 200 OK"
2026-04-05 01:16:56,102 [httpx] INFO: HTTP Request: GET http://comment_service:8005/comments/thread-counts?thread_ids=9 "HTTP/1.1 200 OK"
2026-04-05 01:16:56,161 [httpx] INFO: HTTP Request: GET http://comment_service:8005/comments/thread-counts?thread_ids=9 "HTTP/1.1 200 OK"
2026-04-05 01:16:56,228 [httpx] INFO: HTTP Request: GET http://comment_service:8005/comments/thread-counts?thread_ids=10 "HTTP/1.1 200 OK"
2026-04-05 01:16:56,300 [httpx] INFO: HTTP Request: GET http://comment_service:8005/comments/thread-counts?thread_ids=10 "HTTP/1.1 200 OK"
2026-04-05 01:16:56,353 [httpx] INFO: HTTP Request: GET http://comment_service:8005/comments/thread-counts?thread_ids=10 "HTTP/1.1 200 OK"
2026-04-05 01:16:56,411 [httpx] INFO: HTTP Request: GET http://comment_service:8005/comments/thread-counts?thread_ids=10 "HTTP/1.1 200 OK"
2026-04-05 01:16:56,466 [httpx] INFO: HTTP Request: GET http://comment_service:8005/comments/thread-counts?thread_ids=11 "HTTP/1.1 200 OK"
2026-04-05 01:16:56,522 [httpx] INFO: HTTP Request: GET http://comment_service:8005/comments/thread-counts?thread_ids=11 "HTTP/1.1 200 OK"
2026-04-05 01:16:56,575 [httpx] INFO: HTTP Request: GET http://comment_service:8005/comments/thread-counts?thread_ids=11 "HTTP/1.1 200 OK"
2026-04-05 01:16:56,644 [httpx] INFO: HTTP Request: GET http://comment_service:8005/comments/thread-counts?thread_ids=11 "HTTP/1.1 200 OK"
2026-04-05 01:16:56,699 [httpx] INFO: HTTP Request: GET http://comment_service:8005/comments/thread-counts?thread_ids=11 "HTTP/1.1 200 OK"
2026-04-05 01:16:56,758 [httpx] INFO: HTTP Request: GET http://comment_service:8005/comments/thread-counts?thread_ids=12 "HTTP/1.1 200 OK"
2026-04-05 01:16:56,839 [httpx] INFO: HTTP Request: GET http://comment_service:8005/comments/thread-counts?thread_ids=12 "HTTP/1.1 200 OK"
2026-04-05 01:16:56,904 [httpx] INFO: HTTP Request: GET http://comment_service:8005/comments/thread-counts?thread_ids=12 "HTTP/1.1 200 OK"
2026-04-05 01:16:56,958 [httpx] INFO: HTTP Request: GET http://comment_service:8005/comments/thread-counts?thread_ids=12 "HTTP/1.1 200 OK"
2026-04-05 01:16:57,010 [httpx] INFO: HTTP Request: GET http://comment_service:8005/comments/thread-counts?thread_ids=12 "HTTP/1.1 200 OK"
2026-04-05 01:16:57,063 [httpx] INFO: HTTP Request: GET http://comment_service:8005/comments/thread-counts?thread_ids=13 "HTTP/1.1 200 OK"
2026-04-05 01:16:57,128 [httpx] INFO: HTTP Request: GET http://comment_service:8005/comments/thread-counts?thread_ids=13 "HTTP/1.1 200 OK"
2026-04-05 01:16:57,181 [httpx] INFO: HTTP Request: GET http://comment_service:8005/comments/thread-counts?thread_ids=13 "HTTP/1.1 200 OK"
2026-04-05 01:16:57,241 [httpx] INFO: HTTP Request: GET http://comment_service:8005/comments/thread-counts?thread_ids=13 "HTTP/1.1 200 OK"
2026-04-05 01:16:57,296 [httpx] INFO: HTTP Request: GET http://comment_service:8005/comments/thread-counts?thread_ids=13 "HTTP/1.1 200 OK"
2026-04-05 01:16:57,352 [httpx] INFO: HTTP Request: GET http://comment_service:8005/comments/thread-counts?thread_ids=13 "HTTP/1.1 200 OK"
2026-04-05 01:16:57,408 [httpx] INFO: HTTP Request: GET http://comment_service:8005/comments/thread-counts?thread_ids=14 "HTTP/1.1 200 OK"
2026-04-05 01:16:57,461 [httpx] INFO: HTTP Request: GET http://comment_service:8005/comments/thread-counts?thread_ids=14 "HTTP/1.1 200 OK"
2026-04-05 01:16:57,516 [httpx] INFO: HTTP Request: GET http://comment_service:8005/comments/thread-counts?thread_ids=14 "HTTP/1.1 200 OK"
2026-04-05 01:16:57,574 [httpx] INFO: HTTP Request: GET http://comment_service:8005/comments/thread-counts?thread_ids=14 "HTTP/1.1 200 OK"
2026-04-05 01:16:57,628 [httpx] INFO: HTTP Request: GET http://comment_service:8005/comments/thread-counts?thread_ids=15 "HTTP/1.1 200 OK"
2026-04-05 01:16:57,689 [httpx] INFO: HTTP Request: GET http://comment_service:8005/comments/thread-counts?thread_ids=15 "HTTP/1.1 200 OK"
2026-04-05 01:16:57,743 [httpx] INFO: HTTP Request: GET http://comment_service:8005/comments/thread-counts?thread_ids=15 "HTTP/1.1 200 OK"
2026-04-05 01:16:57,793 [httpx] INFO: HTTP Request: GET http://comment_service:8005/comments/thread-counts?thread_ids=15 "HTTP/1.1 200 OK"
2026-04-05 01:16:57,842 [httpx] INFO: HTTP Request: GET http://comment_service:8005/comments/thread-counts?thread_ids=16 "HTTP/1.1 200 OK"
2026-04-05 01:16:57,891 [httpx] INFO: HTTP Request: GET http://comment_service:8005/comments/thread-counts?thread_ids=16 "HTTP/1.1 200 OK"
2026-04-05 01:16:57,941 [httpx] INFO: HTTP Request: GET http://comment_service:8005/comments/thread-counts?thread_ids=16 "HTTP/1.1 200 OK"
2026-04-05 01:16:58,007 [httpx] INFO: HTTP Request: GET http://comment_service:8005/comments/thread-counts?thread_ids=16 "HTTP/1.1 200 OK"
2026-04-05 01:16:58,058 [httpx] INFO: HTTP Request: GET http://comment_service:8005/comments/thread-counts?thread_ids=16 "HTTP/1.1 200 OK"
2026-04-05 01:16:58,108 [httpx] INFO: HTTP Request: GET http://comment_service:8005/comments/thread-counts?thread_ids=17 "HTTP/1.1 200 OK"
2026-04-05 01:16:58,163 [httpx] INFO: HTTP Request: GET http://comment_service:8005/comments/thread-counts?thread_ids=17 "HTTP/1.1 200 OK"
2026-04-05 01:16:58,232 [httpx] INFO: HTTP Request: GET http://comment_service:8005/comments/thread-counts?thread_ids=17 "HTTP/1.1 200 OK"
2026-04-05 01:16:58,284 [httpx] INFO: HTTP Request: GET http://comment_service:8005/comments/thread-counts?thread_ids=17 "HTTP/1.1 200 OK"
2026-04-05 01:16:58,334 [httpx] INFO: HTTP Request: GET http://comment_service:8005/comments/thread-counts?thread_ids=18 "HTTP/1.1 200 OK"
2026-04-05 01:16:58,382 [httpx] INFO: HTTP Request: GET http://comment_service:8005/comments/thread-counts?thread_ids=18 "HTTP/1.1 200 OK"
2026-04-05 01:16:58,434 [httpx] INFO: HTTP Request: GET http://comment_service:8005/comments/thread-counts?thread_ids=18 "HTTP/1.1 200 OK"
2026-04-05 01:16:58,496 [httpx] INFO: HTTP Request: GET http://comment_service:8005/comments/thread-counts?thread_ids=18 "HTTP/1.1 200 OK"
2026-04-05 01:16:58,557 [httpx] INFO: HTTP Request: GET http://comment_service:8005/comments/thread-counts?thread_ids=19 "HTTP/1.1 200 OK"
2026-04-05 01:16:58,610 [httpx] INFO: HTTP Request: GET http://comment_service:8005/comments/thread-counts?thread_ids=19 "HTTP/1.1 200 OK"
2026-04-05 01:16:58,660 [httpx] INFO: HTTP Request: GET http://comment_service:8005/comments/thread-counts?thread_ids=19 "HTTP/1.1 200 OK"
2026-04-05 01:16:58,711 [httpx] INFO: HTTP Request: GET http://comment_service:8005/comments/thread-counts?thread_ids=19 "HTTP/1.1 200 OK"
2026-04-05 01:16:58,763 [httpx] INFO: HTTP Request: GET http://comment_service:8005/comments/thread-counts?thread_ids=20 "HTTP/1.1 200 OK"
2026-04-05 01:16:58,813 [httpx] INFO: HTTP Request: GET http://comment_service:8005/comments/thread-counts?thread_ids=20 "HTTP/1.1 200 OK"
2026-04-05 01:16:58,864 [httpx] INFO: HTTP Request: GET http://comment_service:8005/comments/thread-counts?thread_ids=20 "HTTP/1.1 200 OK"
2026-04-05 01:16:58,916 [httpx] INFO: HTTP Request: GET http://comment_service:8005/comments/thread-counts?thread_ids=20 "HTTP/1.1 200 OK"
2026-04-05 01:16:58,966 [httpx] INFO: HTTP Request: GET http://comment_service:8005/comments/thread-counts?thread_ids=20 "HTTP/1.1 200 OK"
2026-04-05 01:16:59,013 [httpx] INFO: HTTP Request: GET http://comment_service:8005/comments/thread-counts?thread_ids=20 "HTTP/1.1 200 OK"
2026-04-05 01:16:59,077 [httpx] INFO: HTTP Request: GET http://comment_service:8005/comments/thread-counts?thread_ids=8 "HTTP/1.1 200 OK"
2026-04-05 01:16:59,137 [httpx] INFO: HTTP Request: GET http://comment_service:8005/comments/thread-counts?thread_ids=12 "HTTP/1.1 200 OK"
2026-04-05 01:16:59,190 [httpx] INFO: HTTP Request: GET http://comment_service:8005/comments/thread-counts?thread_ids=19 "HTTP/1.1 200 OK"
2026-04-05 01:16:59,257 [httpx] INFO: HTTP Request: GET http://comment_service:8005/comments/thread-counts?thread_ids=3 "HTTP/1.1 200 OK"
2026-04-05 01:16:59,348 [httpx] INFO: HTTP Request: GET http://comment_service:8005/comments/thread-counts?thread_ids=9 "HTTP/1.1 200 OK"
2026-04-05 01:16:59,403 [httpx] INFO: HTTP Request: GET http://comment_service:8005/comments/thread-counts?thread_ids=12 "HTTP/1.1 200 OK"
2026-04-05 01:16:59,458 [httpx] INFO: HTTP Request: GET http://comment_service:8005/comments/thread-counts?thread_ids=7 "HTTP/1.1 200 OK"
2026-04-05 01:16:59,515 [httpx] INFO: HTTP Request: GET http://comment_service:8005/comments/thread-counts?thread_ids=7 "HTTP/1.1 200 OK"
2026-04-05 01:16:59,594 [httpx] INFO: HTTP Request: GET http://comment_service:8005/comments/thread-counts?thread_ids=2 "HTTP/1.1 200 OK"
2026-04-05 01:16:59,647 [httpx] INFO: HTTP Request: GET http://comment_service:8005/comments/thread-counts?thread_ids=5 "HTTP/1.1 200 OK"
2026-04-05 01:16:59,700 [httpx] INFO: HTTP Request: GET http://comment_service:8005/comments/thread-counts?thread_ids=15 "HTTP/1.1 200 OK"
2026-04-05 01:16:59,753 [httpx] INFO: HTTP Request: GET http://comment_service:8005/comments/thread-counts?thread_ids=14 "HTTP/1.1 200 OK"
2026-04-05 01:16:59,811 [httpx] INFO: HTTP Request: GET http://comment_service:8005/comments/thread-counts?thread_ids=2 "HTTP/1.1 200 OK"
2026-04-05 01:16:59,861 [httpx] INFO: HTTP Request: GET http://comment_service:8005/comments/thread-counts?thread_ids=7 "HTTP/1.1 200 OK"
2026-04-05 01:16:59,927 [httpx] INFO: HTTP Request: GET http://comment_service:8005/comments/thread-counts?thread_ids=17 "HTTP/1.1 200 OK"
2026-04-05 01:16:59,978 [httpx] INFO: HTTP Request: GET http://comment_service:8005/comments/thread-counts?thread_ids=11 "HTTP/1.1 200 OK"
2026-04-05 01:17:00,034 [httpx] INFO: HTTP Request: GET http://comment_service:8005/comments/thread-counts?thread_ids=13 "HTTP/1.1 200 OK"
2026-04-05 01:17:00,089 [httpx] INFO: HTTP Request: GET http://comment_service:8005/comments/thread-counts?thread_ids=5 "HTTP/1.1 200 OK"
2026-04-05 01:17:00,139 [httpx] INFO: HTTP Request: GET http://comment_service:8005/comments/thread-counts?thread_ids=20 "HTTP/1.1 200 OK"
2026-04-05 01:17:00,193 [httpx] INFO: HTTP Request: GET http://comment_service:8005/comments/thread-counts?thread_ids=7 "HTTP/1.1 200 OK"
2026-04-05 01:17:00,252 [httpx] INFO: HTTP Request: GET http://comment_service:8005/comments/thread-counts?thread_ids=19 "HTTP/1.1 200 OK"
2026-04-05 01:17:00,300 [httpx] INFO: HTTP Request: GET http://comment_service:8005/comments/thread-counts?thread_ids=13 "HTTP/1.1 200 OK"
2026-04-05 01:17:00,355 [httpx] INFO: HTTP Request: GET http://comment_service:8005/comments/thread-counts?thread_ids=12 "HTTP/1.1 200 OK"
2026-04-05 01:17:00,408 [httpx] INFO: HTTP Request: GET http://comment_service:8005/comments/thread-counts?thread_ids=1 "HTTP/1.1 200 OK"
2026-04-05 01:17:00,460 [httpx] INFO: HTTP Request: GET http://comment_service:8005/comments/thread-counts?thread_ids=7 "HTTP/1.1 200 OK"
2026-04-05 01:17:00,528 [httpx] INFO: HTTP Request: GET http://comment_service:8005/comments/thread-counts?thread_ids=6 "HTTP/1.1 200 OK"
2026-04-05 01:17:00,590 [httpx] INFO: HTTP Request: GET http://comment_service:8005/comments/thread-counts?thread_ids=11 "HTTP/1.1 200 OK"
2026-04-05 01:17:00,640 [httpx] INFO: HTTP Request: GET http://comment_service:8005/comments/thread-counts?thread_ids=20 "HTTP/1.1 200 OK"
2026-04-05 01:17:00,689 [httpx] INFO: HTTP Request: GET http://comment_service:8005/comments/thread-counts?thread_ids=18 "HTTP/1.1 200 OK"
2026-04-05 01:17:00,739 [httpx] INFO: HTTP Request: GET http://comment_service:8005/comments/thread-counts?thread_ids=16 "HTTP/1.1 200 OK"
2026-04-05 01:17:00,793 [httpx] INFO: HTTP Request: GET http://comment_service:8005/comments/thread-counts?thread_ids=15 "HTTP/1.1 200 OK"
2026-04-05 01:17:00,843 [httpx] INFO: HTTP Request: GET http://comment_service:8005/comments/thread-counts?thread_ids=9 "HTTP/1.1 200 OK"
2026-04-05 01:17:00,893 [httpx] INFO: HTTP Request: GET http://comment_service:8005/comments/thread-counts?thread_ids=16 "HTTP/1.1 200 OK"
2026-04-05 01:17:00,946 [httpx] INFO: HTTP Request: GET http://comment_service:8005/comments/thread-counts?thread_ids=1 "HTTP/1.1 200 OK"
2026-04-05 01:17:01,031 [httpx] INFO: HTTP Request: GET http://comment_service:8005/comments/thread-counts?thread_ids=11 "HTTP/1.1 200 OK"
2026-04-05 01:17:01,082 [httpx] INFO: HTTP Request: GET http://comment_service:8005/comments/thread-counts?thread_ids=10 "HTTP/1.1 200 OK"
2026-04-05 01:17:01,135 [httpx] INFO: HTTP Request: GET http://comment_service:8005/comments/thread-counts?thread_ids=13 "HTTP/1.1 200 OK"
2026-04-05 01:17:01,186 [httpx] INFO: HTTP Request: GET http://comment_service:8005/comments/thread-counts?thread_ids=3 "HTTP/1.1 200 OK"
2026-04-05 01:17:01,239 [httpx] INFO: HTTP Request: GET http://comment_service:8005/comments/thread-counts?thread_ids=18 "HTTP/1.1 200 OK"
2026-04-05 01:17:01,292 [httpx] INFO: HTTP Request: GET http://comment_service:8005/comments/thread-counts?thread_ids=5 "HTTP/1.1 200 OK"
2026-04-05 01:17:01,347 [httpx] INFO: HTTP Request: GET http://comment_service:8005/comments/thread-counts?thread_ids=1 "HTTP/1.1 200 OK"
2026-04-05 01:17:01,475 [httpx] INFO: HTTP Request: GET http://comment_service:8005/comments/thread-counts?thread_ids=16 "HTTP/1.1 200 OK"
2026-04-05 01:17:01,539 [httpx] INFO: HTTP Request: GET http://comment_service:8005/comments/thread-counts?thread_ids=20 "HTTP/1.1 200 OK"
2026-04-05 01:17:01,588 [httpx] INFO: HTTP Request: GET http://comment_service:8005/comments/thread-counts?thread_ids=1 "HTTP/1.1 200 OK"
2026-04-05 01:17:01,639 [httpx] INFO: HTTP Request: GET http://comment_service:8005/comments/thread-counts?thread_ids=5 "HTTP/1.1 200 OK"
2026-04-05 01:18:06,078 [httpx] INFO: HTTP Request: GET http://comment_service:8005/comments/thread-counts?thread_ids=20,19,18,17,16,15,14,13,12,11 "HTTP/1.1 200 OK"
2026-04-05 01:18:13,018 [httpx] INFO: HTTP Request: GET http://comment_service:8005/comments/thread-counts?thread_ids=19 "HTTP/1.1 200 OK"
2026-04-05 01:18:14,385 [app.kafka_producer] INFO: Sent to thread-events: {'broadcast': True, 'type': 'thread_like_update', 'thread_id': 19, 'like_count': 7}
2026-04-05 01:18:14,390 [app.kafka_producer] INFO: Sent to thread-events: {'event': 'thread_liked', 'user_id': 19, 'actor_id': 1, 'type': 'thread_like', 'message': 'alice liked your thread', 'reference_id': 19}
2026-04-05 01:18:26,273 [httpx] INFO: HTTP Request: GET http://comment_service:8005/comments/thread-counts?thread_ids=19 "HTTP/1.1 200 OK"
2026-04-05 01:18:41,797 [thread_service.consumer] INFO: Synced user 1 from Kafka event
2026-04-05 01:18:43,334 [thread_service.consumer] INFO: Synced user 1 from Kafka event
2026-04-05 01:18:54,747 [httpx] INFO: HTTP Request: GET http://comment_service:8005/comments/thread-counts?thread_ids=20,19,18,17,16,15,14,13,12,11,10,9,8,7,6,5,4,3,2,1 "HTTP/1.1 200 OK"
2026-04-05 01:18:59,233 [thread_service.consumer] INFO: Synced user 19 from Kafka event
2026-04-05 01:19:04,802 [app.kafka_producer] INFO: Sent to thread-events: {'event': 'thread_deleted', 'user_id': 11, 'type': 'thread_deleted', 'message': "Your thread 'Kubernetes for beginners' was removed by a moderator", 'reference_id': 11}
2026-04-05 01:19:04,807 [app.kafka_producer] INFO: Sent to thread-events: {'event': 'thread_deleted_broadcast', 'broadcast': True, 'type': 'thread_deleted', 'thread_id': 11}
2026-04-05 01:19:04,969 [httpx] INFO: HTTP Request: GET http://comment_service:8005/comments/thread-counts?thread_ids=20,19,18,17,16,15,14,13,12,10,9,8,7,6,5,4,3,2,1 "HTTP/1.1 200 OK"
2026-04-05 01:19:04,997 [httpx] INFO: HTTP Request: GET http://comment_service:8005/comments/thread-counts?thread_ids=20,19,18,17,16,15,14,13,12,10,9,8,7,6,5,4,3,2,1 "HTTP/1.1 200 OK"
2026-04-05 01:19:13,903 [httpx] INFO: HTTP Request: GET http://comment_service:8005/comments/thread-counts?thread_ids=20,19,18,17,16,15,14,13,12,10 "HTTP/1.1 200 OK"
2026-04-05 01:20:16,246 [httpx] INFO: HTTP Request: GET http://comment_service:8005/comments/thread-counts?thread_ids=20,19,18,17,16,15,14,13,12,10,9,8,7,6,5,4,3,2,1 "HTTP/1.1 200 OK"
2026-04-05 01:20:20,512 [httpx] INFO: HTTP Request: GET http://comment_service:8005/comments/thread-counts?thread_ids=19,3 "HTTP/1.1 200 OK"
2026-04-05 01:20:25,019 [httpx] INFO: HTTP Request: GET http://comment_service:8005/comments/thread-counts?thread_ids=20,19,18,17,16,15,14,13,12,10 "HTTP/1.1 200 OK"
2026-04-05 01:20:30,359 [httpx] INFO: HTTP Request: GET http://comment_service:8005/comments/thread-counts?thread_ids=18,16,13,12,9,7,2,1 "HTTP/1.1 200 OK"
2026-04-05 01:20:43,200 [httpx] INFO: HTTP Request: GET http://comment_service:8005/comments/thread-counts?thread_ids=9,8,7,6,5,4,3,2,1 "HTTP/1.1 200 OK"
2026-04-05 01:29:24,878 [httpx] INFO: HTTP Request: GET http://comment_service:8005/comments/thread-counts?thread_ids=20,19,18,17,16,15,14,13,12,10 "HTTP/1.1 200 OK"
2026-04-05 01:29:35,918 [httpx] INFO: HTTP Request: GET http://comment_service:8005/comments/thread-counts?thread_ids=13,5 "HTTP/1.1 200 OK"
2026-04-05 01:30:06,787 [httpx] INFO: HTTP Request: GET http://comment_service:8005/comments/thread-counts?thread_ids=17,9,1 "HTTP/1.1 200 OK"
2026-04-05 01:30:09,307 [httpx] INFO: HTTP Request: GET http://comment_service:8005/comments/thread-counts?thread_ids=9 "HTTP/1.1 200 OK"
2026-04-05 01:30:14,591 [httpx] INFO: HTTP Request: GET http://comment_service:8005/comments/thread-counts?thread_ids=9 "HTTP/1.1 200 OK"
2026-04-05 12:36:37,685 [aiokafka.consumer.group_coordinator] INFO: LeaveGroup request succeeded
2026-04-05 12:36:37,718 [thread_service.consumer] INFO: Kafka consumer stopped
2026-04-05 12:36:37,736 [app.kafka_producer] INFO: Kafka producer stopped
2026-04-05 12:37:50,040 [app.kafka_producer] INFO: Kafka producer started
2026-04-05 12:37:50,040 [thread_service] INFO: Thread service started successfully
2026-04-05 12:37:50,041 [aiokafka.consumer.subscription_state] INFO: Updating subscribed topics to: frozenset({'user-events'})
2026-04-05 12:37:50,050 [aiokafka.cluster] ERROR: Topic user-events not found in cluster metadata
2026-04-05 12:37:50,157 [aiokafka.cluster] WARNING: Topic user-events is not available during auto-create initialization
2026-04-05 12:37:50,262 [aiokafka.consumer.group_coordinator] ERROR: Group Coordinator Request failed: [Error 15] GroupCoordinatorNotAvailableError
2026-04-05 12:37:50,370 [aiokafka.consumer.group_coordinator] ERROR: Group Coordinator Request failed: [Error 15] GroupCoordinatorNotAvailableError
2026-04-05 12:37:50,480 [aiokafka.consumer.group_coordinator] ERROR: Group Coordinator Request failed: [Error 15] GroupCoordinatorNotAvailableError
2026-04-05 12:37:50,589 [aiokafka.consumer.group_coordinator] ERROR: Group Coordinator Request failed: [Error 15] GroupCoordinatorNotAvailableError
2026-04-05 12:37:50,698 [aiokafka.consumer.group_coordinator] ERROR: Group Coordinator Request failed: [Error 15] GroupCoordinatorNotAvailableError
2026-04-05 12:37:50,805 [aiokafka.consumer.group_coordinator] ERROR: Group Coordinator Request failed: [Error 15] GroupCoordinatorNotAvailableError
2026-04-05 12:37:50,909 [aiokafka.consumer.group_coordinator] ERROR: Group Coordinator Request failed: [Error 15] GroupCoordinatorNotAvailableError
2026-04-05 12:37:51,019 [aiokafka.consumer.group_coordinator] ERROR: Group Coordinator Request failed: [Error 15] GroupCoordinatorNotAvailableError
2026-04-05 12:37:51,128 [aiokafka.consumer.group_coordinator] INFO: Discovered coordinator 1 for group thread-service-user-sync
2026-04-05 12:37:51,128 [aiokafka.consumer.group_coordinator] INFO: Revoking previously assigned partitions set() for group thread-service-user-sync
2026-04-05 12:37:51,129 [aiokafka.consumer.group_coordinator] INFO: (Re-)joining group thread-service-user-sync
2026-04-05 12:37:54,153 [aiokafka.consumer.group_coordinator] INFO: Joined group 'thread-service-user-sync' (generation 1) with member_id aiokafka-0.13.0-2c0b01de-277d-4158-a16c-1e546d600a2c
2026-04-05 12:37:54,154 [aiokafka.consumer.group_coordinator] INFO: Elected group leader -- performing partition assignments using roundrobin
2026-04-05 12:37:54,221 [aiokafka.consumer.group_coordinator] INFO: Successfully synced group thread-service-user-sync with generation 1
2026-04-05 12:37:54,222 [aiokafka.consumer.group_coordinator] INFO: Setting newly assigned partitions {TopicPartition(topic='user-events', partition=0)} for group thread-service-user-sync
2026-04-05 12:37:54,223 [thread_service.consumer] INFO: Kafka consumer started, listening for user-events
2026-04-05 12:38:51,842 [httpx] INFO: HTTP Request: GET http://user_service:8002/users/1 "HTTP/1.1 200 OK"
2026-04-05 12:38:51,868 [httpx] INFO: HTTP Request: GET http://community_service:8006/communities/1 "HTTP/1.1 200 OK"
2026-04-05 12:38:51,890 [app.kafka_producer] INFO: Sent to thread-events: {'broadcast': True, 'type': 'new_thread', 'thread': {'id': 1, 'title': 'Best practices for async Python', 'description': 'What are your go-to patterns for writing clean async code? Share tips, libraries, and pitfalls to avoid.', 'tags': ['python', 'async', 'best-practices'], 'status': 'open', 'community_id': 1, 'author': {'id': 1, 'username': 'alice', 'avatar': None}, 'created_at': '2026-04-05 12:38:51.852146', 'updated_at': '2026-04-05 12:38:51.852146'}}
2026-04-05 12:38:51,920 [httpx] INFO: HTTP Request: GET http://user_service:8002/users/2 "HTTP/1.1 200 OK"
2026-04-05 12:38:51,943 [httpx] INFO: HTTP Request: GET http://community_service:8006/communities/2 "HTTP/1.1 200 OK"
2026-04-05 12:38:51,954 [app.kafka_producer] INFO: Sent to thread-events: {'broadcast': True, 'type': 'new_thread', 'thread': {'id': 2, 'title': 'React vs Vue vs Svelte in 2026', 'description': 'With all three frameworks maturing, which do you pick for new projects? Performance, DX, ecosystem.', 'tags': ['react', 'vue', 'svelte', 'frontend'], 'status': 'open', 'community_id': 2, 'author': {'id': 2, 'username': 'bob', 'avatar': None}, 'created_at': '2026-04-05 12:38:51.928679', 'updated_at': '2026-04-05 12:38:51.928679'}}
2026-04-05 12:38:51,984 [httpx] INFO: HTTP Request: GET http://user_service:8002/users/3 "HTTP/1.1 200 OK"
2026-04-05 12:38:52,002 [httpx] INFO: HTTP Request: GET http://community_service:8006/communities/3 "HTTP/1.1 200 OK"
2026-04-05 12:38:52,012 [app.kafka_producer] INFO: Sent to thread-events: {'broadcast': True, 'type': 'new_thread', 'thread': {'id': 3, 'title': 'Getting started with Docker Compose', 'description': 'A beginner-friendly thread on multi-container setups. Share your docker-compose.yml patterns!', 'tags': ['docker', 'devops', 'microservices'], 'status': 'open', 'community_id': 3, 'author': {'id': 3, 'username': 'charlie', 'avatar': None}, 'created_at': '2026-04-05 12:38:51.990363', 'updated_at': '2026-04-05 12:38:51.990363'}}
2026-04-05 12:38:52,040 [httpx] INFO: HTTP Request: GET http://user_service:8002/users/4 "HTTP/1.1 200 OK"
2026-04-05 12:38:52,059 [httpx] INFO: HTTP Request: GET http://community_service:8006/communities/4 "HTTP/1.1 200 OK"
2026-04-05 12:38:52,068 [app.kafka_producer] INFO: Sent to thread-events: {'broadcast': True, 'type': 'new_thread', 'thread': {'id': 4, 'title': 'FastAPI advanced patterns', 'description': 'Dependency injection, background tasks, middleware, WebSockets — share production FastAPI setups.', 'tags': ['python', 'fastapi', 'backend'], 'status': 'open', 'community_id': 4, 'author': {'id': 4, 'username': 'diana', 'avatar': None}, 'created_at': '2026-04-05 12:38:52.046843', 'updated_at': '2026-04-05 12:38:52.046843'}}
2026-04-05 12:38:52,097 [httpx] INFO: HTTP Request: GET http://user_service:8002/users/5 "HTTP/1.1 200 OK"
2026-04-05 12:38:52,116 [httpx] INFO: HTTP Request: GET http://community_service:8006/communities/5 "HTTP/1.1 200 OK"
2026-04-05 12:38:52,127 [app.kafka_producer] INFO: Sent to thread-events: {'broadcast': True, 'type': 'new_thread', 'thread': {'id': 5, 'title': 'Machine Learning project ideas for 2026', 'description': 'Looking for portfolio-worthy ML projects. What interesting datasets or problems have you tackled?', 'tags': ['machine-learning', 'portfolio', 'ai'], 'status': 'open', 'community_id': 5, 'author': {'id': 5, 'username': 'eve', 'avatar': None}, 'created_at': '2026-04-05 12:38:52.103258', 'updated_at': '2026-04-05 12:38:52.103258'}}
2026-04-05 12:38:52,186 [httpx] INFO: HTTP Request: GET http://user_service:8002/users/6 "HTTP/1.1 200 OK"
2026-04-05 12:38:52,204 [httpx] INFO: HTTP Request: GET http://community_service:8006/communities/6 "HTTP/1.1 200 OK"
2026-04-05 12:38:52,214 [app.kafka_producer] INFO: Sent to thread-events: {'broadcast': True, 'type': 'new_thread', 'thread': {'id': 6, 'title': 'PostgreSQL performance tuning', 'description': 'Indexes, query plans, connection pooling, partitioning — share your optimization tips.', 'tags': ['postgresql', 'database', 'performance'], 'status': 'open', 'community_id': 6, 'author': {'id': 6, 'username': 'frank', 'avatar': None}, 'created_at': '2026-04-05 12:38:52.192556', 'updated_at': '2026-04-05 12:38:52.192556'}}
2026-04-05 12:38:52,242 [httpx] INFO: HTTP Request: GET http://user_service:8002/users/7 "HTTP/1.1 200 OK"
2026-04-05 12:38:52,263 [httpx] INFO: HTTP Request: GET http://community_service:8006/communities/7 "HTTP/1.1 200 OK"
2026-04-05 12:38:52,274 [app.kafka_producer] INFO: Sent to thread-events: {'broadcast': True, 'type': 'new_thread', 'thread': {'id': 7, 'title': 'Microservices vs Monolith debate', 'description': 'When should you go microservices? Share real-world experiences, failures, and lessons learned.', 'tags': ['architecture', 'microservices', 'monolith'], 'status': 'open', 'community_id': 7, 'author': {'id': 7, 'username': 'grace', 'avatar': None}, 'created_at': '2026-04-05 12:38:52.249953', 'updated_at': '2026-04-05 12:38:52.249953'}}
2026-04-05 12:38:52,301 [httpx] INFO: HTTP Request: GET http://user_service:8002/users/8 "HTTP/1.1 200 OK"
2026-04-05 12:38:52,320 [httpx] INFO: HTTP Request: GET http://community_service:8006/communities/8 "HTTP/1.1 200 OK"
2026-04-05 12:38:52,329 [app.kafka_producer] INFO: Sent to thread-events: {'broadcast': True, 'type': 'new_thread', 'thread': {'id': 8, 'title': 'TypeScript tips you wish you knew earlier', 'description': 'Utility types, branded types, discriminated unions — what features changed your workflow?', 'tags': ['typescript', 'javascript', 'tips'], 'status': 'open', 'community_id': 8, 'author': {'id': 8, 'username': 'henry', 'avatar': None}, 'created_at': '2026-04-05 12:38:52.307119', 'updated_at': '2026-04-05 12:38:52.307119'}}
2026-04-05 12:38:52,360 [httpx] INFO: HTTP Request: GET http://user_service:8002/users/9 "HTTP/1.1 200 OK"
2026-04-05 12:38:52,379 [httpx] INFO: HTTP Request: GET http://community_service:8006/communities/1 "HTTP/1.1 200 OK"
2026-04-05 12:38:52,388 [app.kafka_producer] INFO: Sent to thread-events: {'event': 'thread_in_community', 'user_id': 1, 'type': 'community_thread', 'message': "ivy posted 'Building real-time apps with WebSockets' in your community 'Python Developers'", 'reference_id': 9}
2026-04-05 12:38:52,391 [app.kafka_producer] INFO: Sent to thread-events: {'broadcast': True, 'type': 'new_thread', 'thread': {'id': 9, 'title': 'Building real-time apps with WebSockets', 'description': 'Chat apps, live dashboards, notifications — how do you handle WebSocket connections at scale?', 'tags': ['websocket', 'real-time', 'backend'], 'status': 'open', 'community_id': 1, 'author': {'id': 9, 'username': 'ivy', 'avatar': None}, 'created_at': '2026-04-05 12:38:52.367169', 'updated_at': '2026-04-05 12:38:52.367169'}}
2026-04-05 12:38:52,419 [httpx] INFO: HTTP Request: GET http://user_service:8002/users/10 "HTTP/1.1 200 OK"
2026-04-05 12:38:52,436 [httpx] INFO: HTTP Request: GET http://community_service:8006/communities/2 "HTTP/1.1 200 OK"
2026-04-05 12:38:52,444 [app.kafka_producer] INFO: Sent to thread-events: {'event': 'thread_in_community', 'user_id': 2, 'type': 'community_thread', 'message': "jack posted 'Open source contribution guide' in your community 'Web Dev Hub'", 'reference_id': 10}
2026-04-05 12:38:52,447 [app.kafka_producer] INFO: Sent to thread-events: {'broadcast': True, 'type': 'new_thread', 'thread': {'id': 10, 'title': 'Open source contribution guide', 'description': 'How to find your first issue, write a good PR, and navigate large codebases.', 'tags': ['open-source', 'git', 'community'], 'status': 'open', 'community_id': 2, 'author': {'id': 10, 'username': 'jack', 'avatar': None}, 'created_at': '2026-04-05 12:38:52.424875', 'updated_at': '2026-04-05 12:38:52.424875'}}
2026-04-05 12:38:52,473 [httpx] INFO: HTTP Request: GET http://user_service:8002/users/11 "HTTP/1.1 200 OK"
2026-04-05 12:38:52,494 [httpx] INFO: HTTP Request: GET http://community_service:8006/communities/3 "HTTP/1.1 200 OK"
2026-04-05 12:38:52,520 [app.kafka_producer] INFO: Sent to thread-events: {'event': 'thread_in_community', 'user_id': 3, 'type': 'community_thread', 'message': "karen posted 'Kubernetes for beginners' in your community 'Data Science Lab'", 'reference_id': 11}
2026-04-05 12:38:52,523 [app.kafka_producer] INFO: Sent to thread-events: {'broadcast': True, 'type': 'new_thread', 'thread': {'id': 11, 'title': 'Kubernetes for beginners', 'description': 'Pods, services, deployments, configmaps — getting started with K8s from scratch.', 'tags': ['kubernetes', 'devops', 'containers'], 'status': 'open', 'community_id': 3, 'author': {'id': 11, 'username': 'karen', 'avatar': None}, 'created_at': '2026-04-05 12:38:52.481994', 'updated_at': '2026-04-05 12:38:52.481994'}}
2026-04-05 12:38:52,551 [httpx] INFO: HTTP Request: GET http://user_service:8002/users/12 "HTTP/1.1 200 OK"
2026-04-05 12:38:52,569 [httpx] INFO: HTTP Request: GET http://community_service:8006/communities/4 "HTTP/1.1 200 OK"
2026-04-05 12:38:52,578 [app.kafka_producer] INFO: Sent to thread-events: {'event': 'thread_in_community', 'user_id': 4, 'type': 'community_thread', 'message': "leo posted 'GraphQL vs REST in 2026' in your community 'DevOps Corner'", 'reference_id': 12}
2026-04-05 12:38:52,581 [app.kafka_producer] INFO: Sent to thread-events: {'broadcast': True, 'type': 'new_thread', 'thread': {'id': 12, 'title': 'GraphQL vs REST in 2026', 'description': 'Is GraphQL worth the complexity? When does REST still win? Real-world trade-offs.', 'tags': ['graphql', 'rest', 'api-design'], 'status': 'open', 'community_id': 4, 'author': {'id': 12, 'username': 'leo', 'avatar': None}, 'created_at': '2026-04-05 12:38:52.557871', 'updated_at': '2026-04-05 12:38:52.557871'}}
2026-04-05 12:38:52,607 [httpx] INFO: HTTP Request: GET http://user_service:8002/users/13 "HTTP/1.1 200 OK"
2026-04-05 12:38:52,625 [httpx] INFO: HTTP Request: GET http://community_service:8006/communities/5 "HTTP/1.1 200 OK"
2026-04-05 12:38:52,635 [app.kafka_producer] INFO: Sent to thread-events: {'event': 'thread_in_community', 'user_id': 5, 'type': 'community_thread', 'message': "mia posted 'How to ace system design interviews' in your community 'Open Source Cafe'", 'reference_id': 13}
2026-04-05 12:38:52,637 [app.kafka_producer] INFO: Sent to thread-events: {'broadcast': True, 'type': 'new_thread', 'thread': {'id': 13, 'title': 'How to ace system design interviews', 'description': 'Load balancers, caching, sharding, message queues — share your study strategies and resources.', 'tags': ['system-design', 'interviews', 'career'], 'status': 'open', 'community_id': 5, 'author': {'id': 13, 'username': 'mia', 'avatar': None}, 'created_at': '2026-04-05 12:38:52.613357', 'updated_at': '2026-04-05 12:38:52.613357'}}
2026-04-05 12:38:52,663 [httpx] INFO: HTTP Request: GET http://user_service:8002/users/14 "HTTP/1.1 200 OK"
2026-04-05 12:38:52,680 [httpx] INFO: HTTP Request: GET http://community_service:8006/communities/6 "HTTP/1.1 200 OK"
2026-04-05 12:38:52,690 [app.kafka_producer] INFO: Sent to thread-events: {'event': 'thread_in_community', 'user_id': 6, 'type': 'community_thread', 'message': "noah posted 'Rust for Python developers' in your community 'Mobile App Builders'", 'reference_id': 14}
2026-04-05 12:38:52,692 [app.kafka_producer] INFO: Sent to thread-events: {'broadcast': True, 'type': 'new_thread', 'thread': {'id': 14, 'title': 'Rust for Python developers', 'description': 'Making the jump from Python to Rust. What concepts transfer and what is completely new?', 'tags': ['rust', 'python', 'programming'], 'status': 'open', 'community_id': 6, 'author': {'id': 14, 'username': 'noah', 'avatar': None}, 'created_at': '2026-04-05 12:38:52.668819', 'updated_at': '2026-04-05 12:38:52.668819'}}
2026-04-05 12:38:52,719 [httpx] INFO: HTTP Request: GET http://user_service:8002/users/15 "HTTP/1.1 200 OK"
2026-04-05 12:38:52,738 [httpx] INFO: HTTP Request: GET http://community_service:8006/communities/7 "HTTP/1.1 200 OK"
2026-04-05 12:38:52,747 [app.kafka_producer] INFO: Sent to thread-events: {'event': 'thread_in_community', 'user_id': 7, 'type': 'community_thread', 'message': "olivia posted 'CI/CD pipeline best practices' in your community 'Cloud Architecture'", 'reference_id': 15}
2026-04-05 12:38:52,748 [app.kafka_producer] INFO: Sent to thread-events: {'broadcast': True, 'type': 'new_thread', 'thread': {'id': 15, 'title': 'CI/CD pipeline best practices', 'description': 'GitHub Actions, Jenkins, GitLab CI — share your battle-tested pipeline configurations.', 'tags': ['ci-cd', 'automation', 'devops'], 'status': 'open', 'community_id': 7, 'author': {'id': 15, 'username': 'olivia', 'avatar': None}, 'created_at': '2026-04-05 12:38:52.725689', 'updated_at': '2026-04-05 12:38:52.725689'}}
2026-04-05 12:38:52,776 [httpx] INFO: HTTP Request: GET http://user_service:8002/users/16 "HTTP/1.1 200 OK"
2026-04-05 12:38:52,796 [httpx] INFO: HTTP Request: GET http://community_service:8006/communities/8 "HTTP/1.1 200 OK"
2026-04-05 12:38:52,806 [app.kafka_producer] INFO: Sent to thread-events: {'event': 'thread_in_community', 'user_id': 8, 'type': 'community_thread', 'message': "peter posted 'Database migration strategies' in your community 'Cybersecurity Hub'", 'reference_id': 16}
2026-04-05 12:38:52,809 [app.kafka_producer] INFO: Sent to thread-events: {'broadcast': True, 'type': 'new_thread', 'thread': {'id': 16, 'title': 'Database migration strategies', 'description': 'Alembic, Flyway, zero-downtime migrations — how do you handle schema changes in production?', 'tags': ['database', 'migrations', 'backend'], 'status': 'open', 'community_id': 8, 'author': {'id': 16, 'username': 'peter', 'avatar': None}, 'created_at': '2026-04-05 12:38:52.783753', 'updated_at': '2026-04-05 12:38:52.783753'}}
2026-04-05 12:38:52,835 [httpx] INFO: HTTP Request: GET http://user_service:8002/users/17 "HTTP/1.1 200 OK"
2026-04-05 12:38:52,854 [httpx] INFO: HTTP Request: GET http://community_service:8006/communities/1 "HTTP/1.1 200 OK"
2026-04-05 12:38:52,864 [app.kafka_producer] INFO: Sent to thread-events: {'event': 'thread_in_community', 'user_id': 1, 'type': 'community_thread', 'message': "quinn posted 'Authentication patterns in microservices' in your community 'Python Developers'", 'reference_id': 17}
2026-04-05 12:38:52,866 [app.kafka_producer] INFO: Sent to thread-events: {'broadcast': True, 'type': 'new_thread', 'thread': {'id': 17, 'title': 'Authentication patterns in microservices', 'description': 'JWT, OAuth2, API keys, service mesh — securing inter-service communication.', 'tags': ['authentication', 'security', 'microservices'], 'status': 'open', 'community_id': 1, 'author': {'id': 17, 'username': 'quinn', 'avatar': None}, 'created_at': '2026-04-05 12:38:52.842084', 'updated_at': '2026-04-05 12:38:52.842084'}}
2026-04-05 12:38:52,893 [httpx] INFO: HTTP Request: GET http://user_service:8002/users/18 "HTTP/1.1 200 OK"
2026-04-05 12:38:52,911 [httpx] INFO: HTTP Request: GET http://community_service:8006/communities/2 "HTTP/1.1 200 OK"
2026-04-05 12:38:52,920 [app.kafka_producer] INFO: Sent to thread-events: {'event': 'thread_in_community', 'user_id': 2, 'type': 'community_thread', 'message': "rachel posted 'Frontend state management in 2026' in your community 'Web Dev Hub'", 'reference_id': 18}
2026-04-05 12:38:52,923 [app.kafka_producer] INFO: Sent to thread-events: {'broadcast': True, 'type': 'new_thread', 'thread': {'id': 18, 'title': 'Frontend state management in 2026', 'description': 'Redux, Zustand, Jotai, Signals — which state management solution do you prefer and why?', 'tags': ['frontend', 'state-management', 'react'], 'status': 'open', 'community_id': 2, 'author': {'id': 18, 'username': 'rachel', 'avatar': None}, 'created_at': '2026-04-05 12:38:52.899865', 'updated_at': '2026-04-05 12:38:52.899865'}}
2026-04-05 12:38:52,951 [httpx] INFO: HTTP Request: GET http://user_service:8002/users/19 "HTTP/1.1 200 OK"
2026-04-05 12:38:52,969 [httpx] INFO: HTTP Request: GET http://community_service:8006/communities/3 "HTTP/1.1 200 OK"
2026-04-05 12:38:52,978 [app.kafka_producer] INFO: Sent to thread-events: {'event': 'thread_in_community', 'user_id': 3, 'type': 'community_thread', 'message': "sam posted 'Monitoring and observability stack' in your community 'Data Science Lab'", 'reference_id': 19}
2026-04-05 12:38:52,981 [app.kafka_producer] INFO: Sent to thread-events: {'broadcast': True, 'type': 'new_thread', 'thread': {'id': 19, 'title': 'Monitoring and observability stack', 'description': 'Prometheus, Grafana, ELK, Jaeger — how do you monitor your services in production?', 'tags': ['monitoring', 'observability', 'devops'], 'status': 'open', 'community_id': 3, 'author': {'id': 19, 'username': 'sam', 'avatar': None}, 'created_at': '2026-04-05 12:38:52.957817', 'updated_at': '2026-04-05 12:38:52.957817'}}
2026-04-05 12:38:53,008 [httpx] INFO: HTTP Request: GET http://user_service:8002/users/20 "HTTP/1.1 200 OK"
2026-04-05 12:38:53,026 [httpx] INFO: HTTP Request: GET http://community_service:8006/communities/4 "HTTP/1.1 200 OK"
2026-04-05 12:38:53,035 [app.kafka_producer] INFO: Sent to thread-events: {'event': 'thread_in_community', 'user_id': 4, 'type': 'community_thread', 'message': "tina posted 'Building a design system from scratch' in your community 'DevOps Corner'", 'reference_id': 20}
2026-04-05 12:38:53,037 [app.kafka_producer] INFO: Sent to thread-events: {'broadcast': True, 'type': 'new_thread', 'thread': {'id': 20, 'title': 'Building a design system from scratch', 'description': 'Component libraries, tokens, accessibility — share your experience building design systems.', 'tags': ['design-system', 'ui-ux', 'frontend'], 'status': 'open', 'community_id': 4, 'author': {'id': 20, 'username': 'tina', 'avatar': None}, 'created_at': '2026-04-05 12:38:53.014697', 'updated_at': '2026-04-05 12:38:53.014697'}}
2026-04-05 12:38:53,094 [app.kafka_producer] INFO: Sent to thread-events: {'broadcast': True, 'type': 'thread_like_update', 'thread_id': 1, 'like_count': 1}
2026-04-05 12:38:53,100 [app.kafka_producer] INFO: Sent to thread-events: {'event': 'thread_liked', 'user_id': 1, 'actor_id': 13, 'type': 'thread_like', 'message': 'mia liked your thread', 'reference_id': 1}
2026-04-05 12:38:53,130 [app.kafka_producer] INFO: Sent to thread-events: {'broadcast': True, 'type': 'thread_like_update', 'thread_id': 1, 'like_count': 2}
2026-04-05 12:38:53,137 [app.kafka_producer] INFO: Sent to thread-events: {'event': 'thread_liked', 'user_id': 1, 'actor_id': 14, 'type': 'thread_like', 'message': 'noah liked your thread', 'reference_id': 1}
2026-04-05 12:38:53,167 [app.kafka_producer] INFO: Sent to thread-events: {'broadcast': True, 'type': 'thread_like_update', 'thread_id': 1, 'like_count': 3}
2026-04-05 12:38:53,171 [app.kafka_producer] INFO: Sent to thread-events: {'event': 'thread_liked', 'user_id': 1, 'actor_id': 2, 'type': 'thread_like', 'message': 'bob liked your thread', 'reference_id': 1}
2026-04-05 12:38:53,199 [app.kafka_producer] INFO: Sent to thread-events: {'broadcast': True, 'type': 'thread_like_update', 'thread_id': 1, 'like_count': 4}
2026-04-05 12:38:53,203 [app.kafka_producer] INFO: Sent to thread-events: {'event': 'thread_liked', 'user_id': 1, 'actor_id': 19, 'type': 'thread_like', 'message': 'sam liked your thread', 'reference_id': 1}
2026-04-05 12:38:53,229 [app.kafka_producer] INFO: Sent to thread-events: {'broadcast': True, 'type': 'thread_like_update', 'thread_id': 1, 'like_count': 5}
2026-04-05 12:38:53,232 [app.kafka_producer] INFO: Sent to thread-events: {'event': 'thread_liked', 'user_id': 1, 'actor_id': 20, 'type': 'thread_like', 'message': 'tina liked your thread', 'reference_id': 1}
2026-04-05 12:38:53,259 [app.kafka_producer] INFO: Sent to thread-events: {'broadcast': True, 'type': 'thread_like_update', 'thread_id': 1, 'like_count': 6}
2026-04-05 12:38:53,262 [app.kafka_producer] INFO: Sent to thread-events: {'event': 'thread_liked', 'user_id': 1, 'actor_id': 10, 'type': 'thread_like', 'message': 'jack liked your thread', 'reference_id': 1}
2026-04-05 12:38:53,286 [app.kafka_producer] INFO: Sent to thread-events: {'broadcast': True, 'type': 'thread_like_update', 'thread_id': 1, 'like_count': 7}
2026-04-05 12:38:53,291 [app.kafka_producer] INFO: Sent to thread-events: {'event': 'thread_liked', 'user_id': 1, 'actor_id': 16, 'type': 'thread_like', 'message': 'peter liked your thread', 'reference_id': 1}
2026-04-05 12:38:53,320 [app.kafka_producer] INFO: Sent to thread-events: {'broadcast': True, 'type': 'thread_like_update', 'thread_id': 1, 'like_count': 8}
2026-04-05 12:38:53,327 [app.kafka_producer] INFO: Sent to thread-events: {'event': 'thread_liked', 'user_id': 1, 'actor_id': 17, 'type': 'thread_like', 'message': 'quinn liked your thread', 'reference_id': 1}
2026-04-05 12:38:53,366 [app.kafka_producer] INFO: Sent to thread-events: {'broadcast': True, 'type': 'thread_like_update', 'thread_id': 2, 'like_count': 1}
2026-04-05 12:38:53,373 [app.kafka_producer] INFO: Sent to thread-events: {'event': 'thread_liked', 'user_id': 2, 'actor_id': 5, 'type': 'thread_like', 'message': 'eve liked your thread', 'reference_id': 2}
2026-04-05 12:38:53,412 [app.kafka_producer] INFO: Sent to thread-events: {'broadcast': True, 'type': 'thread_like_update', 'thread_id': 2, 'like_count': 2}
2026-04-05 12:38:53,420 [app.kafka_producer] INFO: Sent to thread-events: {'event': 'thread_liked', 'user_id': 2, 'actor_id': 9, 'type': 'thread_like', 'message': 'ivy liked your thread', 'reference_id': 2}
2026-04-05 12:38:53,449 [app.kafka_producer] INFO: Sent to thread-events: {'broadcast': True, 'type': 'thread_like_update', 'thread_id': 2, 'like_count': 3}
2026-04-05 12:38:53,455 [app.kafka_producer] INFO: Sent to thread-events: {'event': 'thread_liked', 'user_id': 2, 'actor_id': 13, 'type': 'thread_like', 'message': 'mia liked your thread', 'reference_id': 2}
2026-04-05 12:38:53,484 [app.kafka_producer] INFO: Sent to thread-events: {'broadcast': True, 'type': 'thread_like_update', 'thread_id': 2, 'like_count': 4}
2026-04-05 12:38:53,488 [app.kafka_producer] INFO: Sent to thread-events: {'event': 'thread_liked', 'user_id': 2, 'actor_id': 15, 'type': 'thread_like', 'message': 'olivia liked your thread', 'reference_id': 2}
2026-04-05 12:38:53,515 [app.kafka_producer] INFO: Sent to thread-events: {'broadcast': True, 'type': 'thread_like_update', 'thread_id': 2, 'like_count': 5}
2026-04-05 12:38:53,519 [app.kafka_producer] INFO: Sent to thread-events: {'event': 'thread_liked', 'user_id': 2, 'actor_id': 6, 'type': 'thread_like', 'message': 'frank liked your thread', 'reference_id': 2}
2026-04-05 12:38:53,544 [app.kafka_producer] INFO: Sent to thread-events: {'broadcast': True, 'type': 'thread_like_update', 'thread_id': 2, 'like_count': 6}
2026-04-05 12:38:53,547 [app.kafka_producer] INFO: Sent to thread-events: {'event': 'thread_liked', 'user_id': 2, 'actor_id': 16, 'type': 'thread_like', 'message': 'peter liked your thread', 'reference_id': 2}
2026-04-05 12:38:53,572 [app.kafka_producer] INFO: Sent to thread-events: {'broadcast': True, 'type': 'thread_like_update', 'thread_id': 3, 'like_count': 1}
2026-04-05 12:38:53,626 [app.kafka_producer] INFO: Sent to thread-events: {'broadcast': True, 'type': 'thread_like_update', 'thread_id': 3, 'like_count': 2}
2026-04-05 12:38:53,630 [app.kafka_producer] INFO: Sent to thread-events: {'event': 'thread_liked', 'user_id': 3, 'actor_id': 18, 'type': 'thread_like', 'message': 'rachel liked your thread', 'reference_id': 3}
2026-04-05 12:38:53,658 [app.kafka_producer] INFO: Sent to thread-events: {'broadcast': True, 'type': 'thread_like_update', 'thread_id': 3, 'like_count': 3}
2026-04-05 12:38:53,662 [app.kafka_producer] INFO: Sent to thread-events: {'event': 'thread_liked', 'user_id': 3, 'actor_id': 5, 'type': 'thread_like', 'message': 'eve liked your thread', 'reference_id': 3}
2026-04-05 12:38:53,687 [app.kafka_producer] INFO: Sent to thread-events: {'broadcast': True, 'type': 'thread_like_update', 'thread_id': 3, 'like_count': 4}
2026-04-05 12:38:53,691 [app.kafka_producer] INFO: Sent to thread-events: {'event': 'thread_liked', 'user_id': 3, 'actor_id': 13, 'type': 'thread_like', 'message': 'mia liked your thread', 'reference_id': 3}
2026-04-05 12:38:53,717 [app.kafka_producer] INFO: Sent to thread-events: {'broadcast': True, 'type': 'thread_like_update', 'thread_id': 3, 'like_count': 5}
2026-04-05 12:38:53,721 [app.kafka_producer] INFO: Sent to thread-events: {'event': 'thread_liked', 'user_id': 3, 'actor_id': 2, 'type': 'thread_like', 'message': 'bob liked your thread', 'reference_id': 3}
2026-04-05 12:38:53,746 [app.kafka_producer] INFO: Sent to thread-events: {'broadcast': True, 'type': 'thread_like_update', 'thread_id': 3, 'like_count': 6}
2026-04-05 12:38:53,749 [app.kafka_producer] INFO: Sent to thread-events: {'event': 'thread_liked', 'user_id': 3, 'actor_id': 17, 'type': 'thread_like', 'message': 'quinn liked your thread', 'reference_id': 3}
2026-04-05 12:38:53,774 [app.kafka_producer] INFO: Sent to thread-events: {'broadcast': True, 'type': 'thread_like_update', 'thread_id': 3, 'like_count': 7}
2026-04-05 12:38:53,779 [app.kafka_producer] INFO: Sent to thread-events: {'event': 'thread_liked', 'user_id': 3, 'actor_id': 6, 'type': 'thread_like', 'message': 'frank liked your thread', 'reference_id': 3}
2026-04-05 12:38:53,803 [app.kafka_producer] INFO: Sent to thread-events: {'broadcast': True, 'type': 'thread_like_update', 'thread_id': 3, 'like_count': 8}
2026-04-05 12:38:53,806 [app.kafka_producer] INFO: Sent to thread-events: {'event': 'thread_liked', 'user_id': 3, 'actor_id': 20, 'type': 'thread_like', 'message': 'tina liked your thread', 'reference_id': 3}
2026-04-05 12:38:53,833 [app.kafka_producer] INFO: Sent to thread-events: {'broadcast': True, 'type': 'thread_like_update', 'thread_id': 4, 'like_count': 1}
2026-04-05 12:38:53,838 [app.kafka_producer] INFO: Sent to thread-events: {'event': 'thread_liked', 'user_id': 4, 'actor_id': 6, 'type': 'thread_like', 'message': 'frank liked your thread', 'reference_id': 4}
2026-04-05 12:38:53,861 [app.kafka_producer] INFO: Sent to thread-events: {'broadcast': True, 'type': 'thread_like_update', 'thread_id': 4, 'like_count': 2}
2026-04-05 12:38:53,866 [app.kafka_producer] INFO: Sent to thread-events: {'event': 'thread_liked', 'user_id': 4, 'actor_id': 18, 'type': 'thread_like', 'message': 'rachel liked your thread', 'reference_id': 4}
2026-04-05 12:38:53,891 [app.kafka_producer] INFO: Sent to thread-events: {'broadcast': True, 'type': 'thread_like_update', 'thread_id': 4, 'like_count': 3}
2026-04-05 12:38:53,895 [app.kafka_producer] INFO: Sent to thread-events: {'event': 'thread_liked', 'user_id': 4, 'actor_id': 12, 'type': 'thread_like', 'message': 'leo liked your thread', 'reference_id': 4}
2026-04-05 12:38:53,923 [app.kafka_producer] INFO: Sent to thread-events: {'broadcast': True, 'type': 'thread_like_update', 'thread_id': 5, 'like_count': 1}
2026-04-05 12:38:53,927 [app.kafka_producer] INFO: Sent to thread-events: {'event': 'thread_liked', 'user_id': 5, 'actor_id': 19, 'type': 'thread_like', 'message': 'sam liked your thread', 'reference_id': 5}
2026-04-05 12:38:53,953 [app.kafka_producer] INFO: Sent to thread-events: {'broadcast': True, 'type': 'thread_like_update', 'thread_id': 5, 'like_count': 2}
2026-04-05 12:38:53,956 [app.kafka_producer] INFO: Sent to thread-events: {'event': 'thread_liked', 'user_id': 5, 'actor_id': 16, 'type': 'thread_like', 'message': 'peter liked your thread', 'reference_id': 5}
2026-04-05 12:38:53,981 [app.kafka_producer] INFO: Sent to thread-events: {'broadcast': True, 'type': 'thread_like_update', 'thread_id': 5, 'like_count': 3}
2026-04-05 12:38:53,986 [app.kafka_producer] INFO: Sent to thread-events: {'event': 'thread_liked', 'user_id': 5, 'actor_id': 18, 'type': 'thread_like', 'message': 'rachel liked your thread', 'reference_id': 5}
2026-04-05 12:38:54,011 [app.kafka_producer] INFO: Sent to thread-events: {'broadcast': True, 'type': 'thread_like_update', 'thread_id': 5, 'like_count': 4}
2026-04-05 12:38:54,015 [app.kafka_producer] INFO: Sent to thread-events: {'event': 'thread_liked', 'user_id': 5, 'actor_id': 9, 'type': 'thread_like', 'message': 'ivy liked your thread', 'reference_id': 5}
2026-04-05 12:38:54,041 [app.kafka_producer] INFO: Sent to thread-events: {'broadcast': True, 'type': 'thread_like_update', 'thread_id': 6, 'like_count': 1}
2026-04-05 12:38:54,066 [app.kafka_producer] INFO: Sent to thread-events: {'broadcast': True, 'type': 'thread_like_update', 'thread_id': 6, 'like_count': 2}
2026-04-05 12:38:54,070 [app.kafka_producer] INFO: Sent to thread-events: {'event': 'thread_liked', 'user_id': 6, 'actor_id': 14, 'type': 'thread_like', 'message': 'noah liked your thread', 'reference_id': 6}
2026-04-05 12:38:54,097 [app.kafka_producer] INFO: Sent to thread-events: {'broadcast': True, 'type': 'thread_like_update', 'thread_id': 6, 'like_count': 3}
2026-04-05 12:38:54,100 [app.kafka_producer] INFO: Sent to thread-events: {'event': 'thread_liked', 'user_id': 6, 'actor_id': 18, 'type': 'thread_like', 'message': 'rachel liked your thread', 'reference_id': 6}
2026-04-05 12:38:54,126 [app.kafka_producer] INFO: Sent to thread-events: {'broadcast': True, 'type': 'thread_like_update', 'thread_id': 7, 'like_count': 1}
2026-04-05 12:38:54,129 [app.kafka_producer] INFO: Sent to thread-events: {'event': 'thread_liked', 'user_id': 7, 'actor_id': 14, 'type': 'thread_like', 'message': 'noah liked your thread', 'reference_id': 7}
2026-04-05 12:38:54,153 [app.kafka_producer] INFO: Sent to thread-events: {'broadcast': True, 'type': 'thread_like_update', 'thread_id': 7, 'like_count': 2}
2026-04-05 12:38:54,158 [app.kafka_producer] INFO: Sent to thread-events: {'event': 'thread_liked', 'user_id': 7, 'actor_id': 19, 'type': 'thread_like', 'message': 'sam liked your thread', 'reference_id': 7}
2026-04-05 12:38:54,184 [app.kafka_producer] INFO: Sent to thread-events: {'broadcast': True, 'type': 'thread_like_update', 'thread_id': 7, 'like_count': 3}
2026-04-05 12:38:54,188 [app.kafka_producer] INFO: Sent to thread-events: {'event': 'thread_liked', 'user_id': 7, 'actor_id': 6, 'type': 'thread_like', 'message': 'frank liked your thread', 'reference_id': 7}
2026-04-05 12:38:54,215 [app.kafka_producer] INFO: Sent to thread-events: {'broadcast': True, 'type': 'thread_like_update', 'thread_id': 7, 'like_count': 4}
2026-04-05 12:38:54,218 [app.kafka_producer] INFO: Sent to thread-events: {'event': 'thread_liked', 'user_id': 7, 'actor_id': 20, 'type': 'thread_like', 'message': 'tina liked your thread', 'reference_id': 7}
2026-04-05 12:38:54,242 [app.kafka_producer] INFO: Sent to thread-events: {'broadcast': True, 'type': 'thread_like_update', 'thread_id': 7, 'like_count': 5}
2026-04-05 12:38:54,246 [app.kafka_producer] INFO: Sent to thread-events: {'event': 'thread_liked', 'user_id': 7, 'actor_id': 16, 'type': 'thread_like', 'message': 'peter liked your thread', 'reference_id': 7}
2026-04-05 12:38:54,272 [app.kafka_producer] INFO: Sent to thread-events: {'broadcast': True, 'type': 'thread_like_update', 'thread_id': 7, 'like_count': 6}
2026-04-05 12:38:54,276 [app.kafka_producer] INFO: Sent to thread-events: {'event': 'thread_liked', 'user_id': 7, 'actor_id': 3, 'type': 'thread_like', 'message': 'charlie liked your thread', 'reference_id': 7}
2026-04-05 12:38:54,301 [app.kafka_producer] INFO: Sent to thread-events: {'broadcast': True, 'type': 'thread_like_update', 'thread_id': 7, 'like_count': 7}
2026-04-05 12:38:54,304 [app.kafka_producer] INFO: Sent to thread-events: {'event': 'thread_liked', 'user_id': 7, 'actor_id': 5, 'type': 'thread_like', 'message': 'eve liked your thread', 'reference_id': 7}
2026-04-05 12:38:54,330 [app.kafka_producer] INFO: Sent to thread-events: {'broadcast': True, 'type': 'thread_like_update', 'thread_id': 8, 'like_count': 1}
2026-04-05 12:38:54,335 [app.kafka_producer] INFO: Sent to thread-events: {'event': 'thread_liked', 'user_id': 8, 'actor_id': 3, 'type': 'thread_like', 'message': 'charlie liked your thread', 'reference_id': 8}
2026-04-05 12:38:54,360 [app.kafka_producer] INFO: Sent to thread-events: {'broadcast': True, 'type': 'thread_like_update', 'thread_id': 8, 'like_count': 2}
2026-04-05 12:38:54,363 [app.kafka_producer] INFO: Sent to thread-events: {'event': 'thread_liked', 'user_id': 8, 'actor_id': 10, 'type': 'thread_like', 'message': 'jack liked your thread', 'reference_id': 8}
2026-04-05 12:38:54,397 [app.kafka_producer] INFO: Sent to thread-events: {'broadcast': True, 'type': 'thread_like_update', 'thread_id': 8, 'like_count': 3}
2026-04-05 12:38:54,427 [app.kafka_producer] INFO: Sent to thread-events: {'broadcast': True, 'type': 'thread_like_update', 'thread_id': 8, 'like_count': 4}
2026-04-05 12:38:54,432 [app.kafka_producer] INFO: Sent to thread-events: {'event': 'thread_liked', 'user_id': 8, 'actor_id': 12, 'type': 'thread_like', 'message': 'leo liked your thread', 'reference_id': 8}
2026-04-05 12:38:54,460 [app.kafka_producer] INFO: Sent to thread-events: {'broadcast': True, 'type': 'thread_like_update', 'thread_id': 9, 'like_count': 1}
2026-04-05 12:38:54,464 [app.kafka_producer] INFO: Sent to thread-events: {'event': 'thread_liked', 'user_id': 9, 'actor_id': 16, 'type': 'thread_like', 'message': 'peter liked your thread', 'reference_id': 9}
2026-04-05 12:38:53,958 [app.kafka_producer] INFO: Sent to thread-events: {'broadcast': True, 'type': 'thread_like_update', 'thread_id': 9, 'like_count': 2}
2026-04-05 12:38:53,962 [app.kafka_producer] INFO: Sent to thread-events: {'event': 'thread_liked', 'user_id': 9, 'actor_id': 1, 'type': 'thread_like', 'message': 'alice liked your thread', 'reference_id': 9}
2026-04-05 12:38:54,014 [app.kafka_producer] INFO: Sent to thread-events: {'broadcast': True, 'type': 'thread_like_update', 'thread_id': 9, 'like_count': 3}
2026-04-05 12:38:54,017 [app.kafka_producer] INFO: Sent to thread-events: {'event': 'thread_liked', 'user_id': 9, 'actor_id': 3, 'type': 'thread_like', 'message': 'charlie liked your thread', 'reference_id': 9}
2026-04-05 12:38:54,043 [app.kafka_producer] INFO: Sent to thread-events: {'broadcast': True, 'type': 'thread_like_update', 'thread_id': 9, 'like_count': 4}
2026-04-05 12:38:54,047 [app.kafka_producer] INFO: Sent to thread-events: {'event': 'thread_liked', 'user_id': 9, 'actor_id': 2, 'type': 'thread_like', 'message': 'bob liked your thread', 'reference_id': 9}
2026-04-05 12:38:54,075 [app.kafka_producer] INFO: Sent to thread-events: {'broadcast': True, 'type': 'thread_like_update', 'thread_id': 9, 'like_count': 5}
2026-04-05 12:38:54,080 [app.kafka_producer] INFO: Sent to thread-events: {'event': 'thread_liked', 'user_id': 9, 'actor_id': 15, 'type': 'thread_like', 'message': 'olivia liked your thread', 'reference_id': 9}
2026-04-05 12:38:54,113 [app.kafka_producer] INFO: Sent to thread-events: {'broadcast': True, 'type': 'thread_like_update', 'thread_id': 9, 'like_count': 6}
2026-04-05 12:38:54,117 [app.kafka_producer] INFO: Sent to thread-events: {'event': 'thread_liked', 'user_id': 9, 'actor_id': 12, 'type': 'thread_like', 'message': 'leo liked your thread', 'reference_id': 9}
2026-04-05 12:38:54,143 [app.kafka_producer] INFO: Sent to thread-events: {'broadcast': True, 'type': 'thread_like_update', 'thread_id': 10, 'like_count': 1}
2026-04-05 12:38:54,147 [app.kafka_producer] INFO: Sent to thread-events: {'event': 'thread_liked', 'user_id': 10, 'actor_id': 1, 'type': 'thread_like', 'message': 'alice liked your thread', 'reference_id': 10}
2026-04-05 12:38:53,526 [app.kafka_producer] INFO: Sent to thread-events: {'broadcast': True, 'type': 'thread_like_update', 'thread_id': 10, 'like_count': 2}
2026-04-05 12:38:53,530 [app.kafka_producer] INFO: Sent to thread-events: {'event': 'thread_liked', 'user_id': 10, 'actor_id': 8, 'type': 'thread_like', 'message': 'henry liked your thread', 'reference_id': 10}
2026-04-05 12:38:53,557 [app.kafka_producer] INFO: Sent to thread-events: {'broadcast': True, 'type': 'thread_like_update', 'thread_id': 10, 'like_count': 3}
2026-04-05 12:38:53,562 [app.kafka_producer] INFO: Sent to thread-events: {'event': 'thread_liked', 'user_id': 10, 'actor_id': 11, 'type': 'thread_like', 'message': 'karen liked your thread', 'reference_id': 10}
2026-04-05 12:38:53,587 [app.kafka_producer] INFO: Sent to thread-events: {'broadcast': True, 'type': 'thread_like_update', 'thread_id': 10, 'like_count': 4}
2026-04-05 12:38:53,593 [app.kafka_producer] INFO: Sent to thread-events: {'event': 'thread_liked', 'user_id': 10, 'actor_id': 7, 'type': 'thread_like', 'message': 'grace liked your thread', 'reference_id': 10}
2026-04-05 12:38:53,618 [app.kafka_producer] INFO: Sent to thread-events: {'broadcast': True, 'type': 'thread_like_update', 'thread_id': 10, 'like_count': 5}
2026-04-05 12:38:53,622 [app.kafka_producer] INFO: Sent to thread-events: {'event': 'thread_liked', 'user_id': 10, 'actor_id': 16, 'type': 'thread_like', 'message': 'peter liked your thread', 'reference_id': 10}
2026-04-05 12:38:53,647 [app.kafka_producer] INFO: Sent to thread-events: {'broadcast': True, 'type': 'thread_like_update', 'thread_id': 10, 'like_count': 6}
2026-04-05 12:38:53,651 [app.kafka_producer] INFO: Sent to thread-events: {'event': 'thread_liked', 'user_id': 10, 'actor_id': 9, 'type': 'thread_like', 'message': 'ivy liked your thread', 'reference_id': 10}
2026-04-05 12:38:53,677 [app.kafka_producer] INFO: Sent to thread-events: {'broadcast': True, 'type': 'thread_like_update', 'thread_id': 10, 'like_count': 7}
2026-04-05 12:38:53,680 [app.kafka_producer] INFO: Sent to thread-events: {'event': 'thread_liked', 'user_id': 10, 'actor_id': 13, 'type': 'thread_like', 'message': 'mia liked your thread', 'reference_id': 10}
2026-04-05 12:38:53,705 [app.kafka_producer] INFO: Sent to thread-events: {'broadcast': True, 'type': 'thread_like_update', 'thread_id': 11, 'like_count': 1}
2026-04-05 12:38:53,709 [app.kafka_producer] INFO: Sent to thread-events: {'event': 'thread_liked', 'user_id': 11, 'actor_id': 3, 'type': 'thread_like', 'message': 'charlie liked your thread', 'reference_id': 11}
2026-04-05 12:38:53,738 [app.kafka_producer] INFO: Sent to thread-events: {'broadcast': True, 'type': 'thread_like_update', 'thread_id': 11, 'like_count': 2}
2026-04-05 12:38:53,742 [app.kafka_producer] INFO: Sent to thread-events: {'event': 'thread_liked', 'user_id': 11, 'actor_id': 5, 'type': 'thread_like', 'message': 'eve liked your thread', 'reference_id': 11}
2026-04-05 12:38:53,771 [app.kafka_producer] INFO: Sent to thread-events: {'broadcast': True, 'type': 'thread_like_update', 'thread_id': 11, 'like_count': 3}
2026-04-05 12:38:53,774 [app.kafka_producer] INFO: Sent to thread-events: {'event': 'thread_liked', 'user_id': 11, 'actor_id': 2, 'type': 'thread_like', 'message': 'bob liked your thread', 'reference_id': 11}
2026-04-05 12:38:53,799 [app.kafka_producer] INFO: Sent to thread-events: {'broadcast': True, 'type': 'thread_like_update', 'thread_id': 11, 'like_count': 4}
2026-04-05 12:38:53,803 [app.kafka_producer] INFO: Sent to thread-events: {'event': 'thread_liked', 'user_id': 11, 'actor_id': 16, 'type': 'thread_like', 'message': 'peter liked your thread', 'reference_id': 11}
2026-04-05 12:38:53,829 [app.kafka_producer] INFO: Sent to thread-events: {'broadcast': True, 'type': 'thread_like_update', 'thread_id': 11, 'like_count': 5}
2026-04-05 12:38:53,834 [app.kafka_producer] INFO: Sent to thread-events: {'event': 'thread_liked', 'user_id': 11, 'actor_id': 15, 'type': 'thread_like', 'message': 'olivia liked your thread', 'reference_id': 11}
2026-04-05 12:38:53,860 [app.kafka_producer] INFO: Sent to thread-events: {'broadcast': True, 'type': 'thread_like_update', 'thread_id': 11, 'like_count': 6}
2026-04-05 12:38:53,865 [app.kafka_producer] INFO: Sent to thread-events: {'event': 'thread_liked', 'user_id': 11, 'actor_id': 7, 'type': 'thread_like', 'message': 'grace liked your thread', 'reference_id': 11}
2026-04-05 12:38:53,889 [app.kafka_producer] INFO: Sent to thread-events: {'broadcast': True, 'type': 'thread_like_update', 'thread_id': 11, 'like_count': 7}
2026-04-05 12:38:53,892 [app.kafka_producer] INFO: Sent to thread-events: {'event': 'thread_liked', 'user_id': 11, 'actor_id': 9, 'type': 'thread_like', 'message': 'ivy liked your thread', 'reference_id': 11}
2026-04-05 12:38:53,916 [app.kafka_producer] INFO: Sent to thread-events: {'broadcast': True, 'type': 'thread_like_update', 'thread_id': 12, 'like_count': 1}
2026-04-05 12:38:53,920 [app.kafka_producer] INFO: Sent to thread-events: {'event': 'thread_liked', 'user_id': 12, 'actor_id': 9, 'type': 'thread_like', 'message': 'ivy liked your thread', 'reference_id': 12}
2026-04-05 12:38:53,943 [app.kafka_producer] INFO: Sent to thread-events: {'broadcast': True, 'type': 'thread_like_update', 'thread_id': 12, 'like_count': 2}
2026-04-05 12:38:53,947 [app.kafka_producer] INFO: Sent to thread-events: {'event': 'thread_liked', 'user_id': 12, 'actor_id': 7, 'type': 'thread_like', 'message': 'grace liked your thread', 'reference_id': 12}
2026-04-05 12:38:53,974 [app.kafka_producer] INFO: Sent to thread-events: {'broadcast': True, 'type': 'thread_like_update', 'thread_id': 12, 'like_count': 3}
2026-04-05 12:38:53,978 [app.kafka_producer] INFO: Sent to thread-events: {'event': 'thread_liked', 'user_id': 12, 'actor_id': 4, 'type': 'thread_like', 'message': 'diana liked your thread', 'reference_id': 12}
2026-04-05 12:38:54,002 [app.kafka_producer] INFO: Sent to thread-events: {'broadcast': True, 'type': 'thread_like_update', 'thread_id': 13, 'like_count': 1}
2026-04-05 12:38:54,008 [app.kafka_producer] INFO: Sent to thread-events: {'event': 'thread_liked', 'user_id': 13, 'actor_id': 1, 'type': 'thread_like', 'message': 'alice liked your thread', 'reference_id': 13}
2026-04-05 12:38:54,036 [app.kafka_producer] INFO: Sent to thread-events: {'broadcast': True, 'type': 'thread_like_update', 'thread_id': 13, 'like_count': 2}
2026-04-05 12:38:54,041 [app.kafka_producer] INFO: Sent to thread-events: {'event': 'thread_liked', 'user_id': 13, 'actor_id': 19, 'type': 'thread_like', 'message': 'sam liked your thread', 'reference_id': 13}
2026-04-05 12:38:54,067 [app.kafka_producer] INFO: Sent to thread-events: {'broadcast': True, 'type': 'thread_like_update', 'thread_id': 13, 'like_count': 3}
2026-04-05 12:38:54,072 [app.kafka_producer] INFO: Sent to thread-events: {'event': 'thread_liked', 'user_id': 13, 'actor_id': 14, 'type': 'thread_like', 'message': 'noah liked your thread', 'reference_id': 13}
2026-04-05 12:38:54,098 [app.kafka_producer] INFO: Sent to thread-events: {'broadcast': True, 'type': 'thread_like_update', 'thread_id': 14, 'like_count': 1}
2026-04-05 12:38:54,101 [app.kafka_producer] INFO: Sent to thread-events: {'event': 'thread_liked', 'user_id': 14, 'actor_id': 10, 'type': 'thread_like', 'message': 'jack liked your thread', 'reference_id': 14}
2026-04-05 12:38:54,126 [app.kafka_producer] INFO: Sent to thread-events: {'broadcast': True, 'type': 'thread_like_update', 'thread_id': 14, 'like_count': 2}
2026-04-05 12:38:54,129 [app.kafka_producer] INFO: Sent to thread-events: {'event': 'thread_liked', 'user_id': 14, 'actor_id': 16, 'type': 'thread_like', 'message': 'peter liked your thread', 'reference_id': 14}
2026-04-05 12:38:54,153 [app.kafka_producer] INFO: Sent to thread-events: {'broadcast': True, 'type': 'thread_like_update', 'thread_id': 14, 'like_count': 3}
2026-04-05 12:38:54,156 [app.kafka_producer] INFO: Sent to thread-events: {'event': 'thread_liked', 'user_id': 14, 'actor_id': 2, 'type': 'thread_like', 'message': 'bob liked your thread', 'reference_id': 14}
2026-04-05 12:38:54,182 [app.kafka_producer] INFO: Sent to thread-events: {'broadcast': True, 'type': 'thread_like_update', 'thread_id': 14, 'like_count': 4}
2026-04-05 12:38:54,186 [app.kafka_producer] INFO: Sent to thread-events: {'event': 'thread_liked', 'user_id': 14, 'actor_id': 18, 'type': 'thread_like', 'message': 'rachel liked your thread', 'reference_id': 14}
2026-04-05 12:38:54,213 [app.kafka_producer] INFO: Sent to thread-events: {'broadcast': True, 'type': 'thread_like_update', 'thread_id': 14, 'like_count': 5}
2026-04-05 12:38:54,218 [app.kafka_producer] INFO: Sent to thread-events: {'event': 'thread_liked', 'user_id': 14, 'actor_id': 12, 'type': 'thread_like', 'message': 'leo liked your thread', 'reference_id': 14}
2026-04-05 12:38:54,244 [app.kafka_producer] INFO: Sent to thread-events: {'broadcast': True, 'type': 'thread_like_update', 'thread_id': 15, 'like_count': 1}
2026-04-05 12:38:54,251 [app.kafka_producer] INFO: Sent to thread-events: {'event': 'thread_liked', 'user_id': 15, 'actor_id': 1, 'type': 'thread_like', 'message': 'alice liked your thread', 'reference_id': 15}
2026-04-05 12:38:54,305 [app.kafka_producer] INFO: Sent to thread-events: {'broadcast': True, 'type': 'thread_like_update', 'thread_id': 15, 'like_count': 2}
2026-04-05 12:38:54,308 [app.kafka_producer] INFO: Sent to thread-events: {'event': 'thread_liked', 'user_id': 15, 'actor_id': 4, 'type': 'thread_like', 'message': 'diana liked your thread', 'reference_id': 15}
2026-04-05 12:38:54,334 [app.kafka_producer] INFO: Sent to thread-events: {'broadcast': True, 'type': 'thread_like_update', 'thread_id': 15, 'like_count': 3}
2026-04-05 12:38:54,338 [app.kafka_producer] INFO: Sent to thread-events: {'event': 'thread_liked', 'user_id': 15, 'actor_id': 8, 'type': 'thread_like', 'message': 'henry liked your thread', 'reference_id': 15}
2026-04-05 12:38:54,363 [app.kafka_producer] INFO: Sent to thread-events: {'broadcast': True, 'type': 'thread_like_update', 'thread_id': 16, 'like_count': 1}
2026-04-05 12:38:54,366 [app.kafka_producer] INFO: Sent to thread-events: {'event': 'thread_liked', 'user_id': 16, 'actor_id': 6, 'type': 'thread_like', 'message': 'frank liked your thread', 'reference_id': 16}
2026-04-05 12:38:54,393 [app.kafka_producer] INFO: Sent to thread-events: {'broadcast': True, 'type': 'thread_like_update', 'thread_id': 16, 'like_count': 2}
2026-04-05 12:38:54,397 [app.kafka_producer] INFO: Sent to thread-events: {'event': 'thread_liked', 'user_id': 16, 'actor_id': 18, 'type': 'thread_like', 'message': 'rachel liked your thread', 'reference_id': 16}
2026-04-05 12:38:54,420 [app.kafka_producer] INFO: Sent to thread-events: {'broadcast': True, 'type': 'thread_like_update', 'thread_id': 16, 'like_count': 3}
2026-04-05 12:38:54,425 [app.kafka_producer] INFO: Sent to thread-events: {'event': 'thread_liked', 'user_id': 16, 'actor_id': 9, 'type': 'thread_like', 'message': 'ivy liked your thread', 'reference_id': 16}
2026-04-05 12:38:54,449 [app.kafka_producer] INFO: Sent to thread-events: {'broadcast': True, 'type': 'thread_like_update', 'thread_id': 16, 'like_count': 4}
2026-04-05 12:38:54,453 [app.kafka_producer] INFO: Sent to thread-events: {'event': 'thread_liked', 'user_id': 16, 'actor_id': 19, 'type': 'thread_like', 'message': 'sam liked your thread', 'reference_id': 16}
2026-04-05 12:38:54,478 [app.kafka_producer] INFO: Sent to thread-events: {'broadcast': True, 'type': 'thread_like_update', 'thread_id': 16, 'like_count': 5}
2026-04-05 12:38:54,481 [app.kafka_producer] INFO: Sent to thread-events: {'event': 'thread_liked', 'user_id': 16, 'actor_id': 7, 'type': 'thread_like', 'message': 'grace liked your thread', 'reference_id': 16}
2026-04-05 12:38:54,505 [app.kafka_producer] INFO: Sent to thread-events: {'broadcast': True, 'type': 'thread_like_update', 'thread_id': 16, 'like_count': 6}
2026-04-05 12:38:54,510 [app.kafka_producer] INFO: Sent to thread-events: {'event': 'thread_liked', 'user_id': 16, 'actor_id': 11, 'type': 'thread_like', 'message': 'karen liked your thread', 'reference_id': 16}
2026-04-05 12:38:54,534 [app.kafka_producer] INFO: Sent to thread-events: {'broadcast': True, 'type': 'thread_like_update', 'thread_id': 16, 'like_count': 7}
2026-04-05 12:38:54,536 [app.kafka_producer] INFO: Sent to thread-events: {'event': 'thread_liked', 'user_id': 16, 'actor_id': 10, 'type': 'thread_like', 'message': 'jack liked your thread', 'reference_id': 16}
2026-04-05 12:38:54,562 [app.kafka_producer] INFO: Sent to thread-events: {'broadcast': True, 'type': 'thread_like_update', 'thread_id': 16, 'like_count': 8}
2026-04-05 12:38:54,565 [app.kafka_producer] INFO: Sent to thread-events: {'event': 'thread_liked', 'user_id': 16, 'actor_id': 13, 'type': 'thread_like', 'message': 'mia liked your thread', 'reference_id': 16}
2026-04-05 12:38:54,589 [app.kafka_producer] INFO: Sent to thread-events: {'broadcast': True, 'type': 'thread_like_update', 'thread_id': 17, 'like_count': 1}
2026-04-05 12:38:54,594 [app.kafka_producer] INFO: Sent to thread-events: {'event': 'thread_liked', 'user_id': 17, 'actor_id': 15, 'type': 'thread_like', 'message': 'olivia liked your thread', 'reference_id': 17}
2026-04-05 12:38:54,619 [app.kafka_producer] INFO: Sent to thread-events: {'broadcast': True, 'type': 'thread_like_update', 'thread_id': 17, 'like_count': 2}
2026-04-05 12:38:54,624 [app.kafka_producer] INFO: Sent to thread-events: {'event': 'thread_liked', 'user_id': 17, 'actor_id': 5, 'type': 'thread_like', 'message': 'eve liked your thread', 'reference_id': 17}
2026-04-05 12:38:54,650 [app.kafka_producer] INFO: Sent to thread-events: {'broadcast': True, 'type': 'thread_like_update', 'thread_id': 17, 'like_count': 3}
2026-04-05 12:38:54,676 [app.kafka_producer] INFO: Sent to thread-events: {'broadcast': True, 'type': 'thread_like_update', 'thread_id': 17, 'like_count': 4}
2026-04-05 12:38:54,680 [app.kafka_producer] INFO: Sent to thread-events: {'event': 'thread_liked', 'user_id': 17, 'actor_id': 8, 'type': 'thread_like', 'message': 'henry liked your thread', 'reference_id': 17}
2026-04-05 12:38:54,707 [app.kafka_producer] INFO: Sent to thread-events: {'broadcast': True, 'type': 'thread_like_update', 'thread_id': 18, 'like_count': 1}
2026-04-05 12:38:54,710 [app.kafka_producer] INFO: Sent to thread-events: {'event': 'thread_liked', 'user_id': 18, 'actor_id': 14, 'type': 'thread_like', 'message': 'noah liked your thread', 'reference_id': 18}
2026-04-05 12:38:54,736 [app.kafka_producer] INFO: Sent to thread-events: {'broadcast': True, 'type': 'thread_like_update', 'thread_id': 18, 'like_count': 2}
2026-04-05 12:38:54,739 [app.kafka_producer] INFO: Sent to thread-events: {'event': 'thread_liked', 'user_id': 18, 'actor_id': 6, 'type': 'thread_like', 'message': 'frank liked your thread', 'reference_id': 18}
2026-04-05 12:38:54,764 [app.kafka_producer] INFO: Sent to thread-events: {'broadcast': True, 'type': 'thread_like_update', 'thread_id': 18, 'like_count': 3}
2026-04-05 12:38:54,770 [app.kafka_producer] INFO: Sent to thread-events: {'event': 'thread_liked', 'user_id': 18, 'actor_id': 19, 'type': 'thread_like', 'message': 'sam liked your thread', 'reference_id': 18}
2026-04-05 12:38:54,795 [app.kafka_producer] INFO: Sent to thread-events: {'broadcast': True, 'type': 'thread_like_update', 'thread_id': 18, 'like_count': 4}
2026-04-05 12:38:54,825 [app.kafka_producer] INFO: Sent to thread-events: {'broadcast': True, 'type': 'thread_like_update', 'thread_id': 18, 'like_count': 5}
2026-04-05 12:38:54,828 [app.kafka_producer] INFO: Sent to thread-events: {'event': 'thread_liked', 'user_id': 18, 'actor_id': 16, 'type': 'thread_like', 'message': 'peter liked your thread', 'reference_id': 18}
2026-04-05 12:38:54,852 [app.kafka_producer] INFO: Sent to thread-events: {'broadcast': True, 'type': 'thread_like_update', 'thread_id': 19, 'like_count': 1}
2026-04-05 12:38:54,855 [app.kafka_producer] INFO: Sent to thread-events: {'event': 'thread_liked', 'user_id': 19, 'actor_id': 4, 'type': 'thread_like', 'message': 'diana liked your thread', 'reference_id': 19}
2026-04-05 12:38:54,880 [app.kafka_producer] INFO: Sent to thread-events: {'broadcast': True, 'type': 'thread_like_update', 'thread_id': 19, 'like_count': 2}
2026-04-05 12:38:54,883 [app.kafka_producer] INFO: Sent to thread-events: {'event': 'thread_liked', 'user_id': 19, 'actor_id': 1, 'type': 'thread_like', 'message': 'alice liked your thread', 'reference_id': 19}
2026-04-05 12:38:54,910 [app.kafka_producer] INFO: Sent to thread-events: {'broadcast': True, 'type': 'thread_like_update', 'thread_id': 19, 'like_count': 3}
2026-04-05 12:38:54,913 [app.kafka_producer] INFO: Sent to thread-events: {'event': 'thread_liked', 'user_id': 19, 'actor_id': 9, 'type': 'thread_like', 'message': 'ivy liked your thread', 'reference_id': 19}
2026-04-05 12:38:54,938 [app.kafka_producer] INFO: Sent to thread-events: {'broadcast': True, 'type': 'thread_like_update', 'thread_id': 19, 'like_count': 4}
2026-04-05 12:38:54,942 [app.kafka_producer] INFO: Sent to thread-events: {'event': 'thread_liked', 'user_id': 19, 'actor_id': 20, 'type': 'thread_like', 'message': 'tina liked your thread', 'reference_id': 19}
2026-04-05 12:38:54,967 [app.kafka_producer] INFO: Sent to thread-events: {'broadcast': True, 'type': 'thread_like_update', 'thread_id': 19, 'like_count': 5}
2026-04-05 12:38:54,970 [app.kafka_producer] INFO: Sent to thread-events: {'event': 'thread_liked', 'user_id': 19, 'actor_id': 12, 'type': 'thread_like', 'message': 'leo liked your thread', 'reference_id': 19}
2026-04-05 12:38:54,995 [app.kafka_producer] INFO: Sent to thread-events: {'broadcast': True, 'type': 'thread_like_update', 'thread_id': 19, 'like_count': 6}
2026-04-05 12:38:54,998 [app.kafka_producer] INFO: Sent to thread-events: {'event': 'thread_liked', 'user_id': 19, 'actor_id': 10, 'type': 'thread_like', 'message': 'jack liked your thread', 'reference_id': 19}
2026-04-05 12:38:55,022 [app.kafka_producer] INFO: Sent to thread-events: {'broadcast': True, 'type': 'thread_like_update', 'thread_id': 19, 'like_count': 7}
2026-04-05 12:38:55,025 [app.kafka_producer] INFO: Sent to thread-events: {'event': 'thread_liked', 'user_id': 19, 'actor_id': 5, 'type': 'thread_like', 'message': 'eve liked your thread', 'reference_id': 19}
2026-04-05 12:38:55,051 [app.kafka_producer] INFO: Sent to thread-events: {'broadcast': True, 'type': 'thread_like_update', 'thread_id': 20, 'like_count': 1}
2026-04-05 12:38:55,054 [app.kafka_producer] INFO: Sent to thread-events: {'event': 'thread_liked', 'user_id': 20, 'actor_id': 2, 'type': 'thread_like', 'message': 'bob liked your thread', 'reference_id': 20}
2026-04-05 12:38:55,078 [app.kafka_producer] INFO: Sent to thread-events: {'broadcast': True, 'type': 'thread_like_update', 'thread_id': 20, 'like_count': 2}
2026-04-05 12:38:55,082 [app.kafka_producer] INFO: Sent to thread-events: {'event': 'thread_liked', 'user_id': 20, 'actor_id': 12, 'type': 'thread_like', 'message': 'leo liked your thread', 'reference_id': 20}
2026-04-05 12:38:55,107 [app.kafka_producer] INFO: Sent to thread-events: {'broadcast': True, 'type': 'thread_like_update', 'thread_id': 20, 'like_count': 3}
2026-04-05 12:38:55,110 [app.kafka_producer] INFO: Sent to thread-events: {'event': 'thread_liked', 'user_id': 20, 'actor_id': 13, 'type': 'thread_like', 'message': 'mia liked your thread', 'reference_id': 20}
2026-04-05 12:38:55,135 [app.kafka_producer] INFO: Sent to thread-events: {'broadcast': True, 'type': 'thread_like_update', 'thread_id': 20, 'like_count': 4}
2026-04-05 12:38:55,138 [app.kafka_producer] INFO: Sent to thread-events: {'event': 'thread_liked', 'user_id': 20, 'actor_id': 14, 'type': 'thread_like', 'message': 'noah liked your thread', 'reference_id': 20}
2026-04-05 12:38:55,189 [app.kafka_producer] INFO: Sent to thread-events: {'broadcast': True, 'type': 'thread_like_update', 'thread_id': 20, 'like_count': 5}
2026-04-05 12:38:55,192 [app.kafka_producer] INFO: Sent to thread-events: {'event': 'thread_liked', 'user_id': 20, 'actor_id': 3, 'type': 'thread_like', 'message': 'charlie liked your thread', 'reference_id': 20}
2026-04-05 12:38:55,403 [httpx] INFO: HTTP Request: GET http://comment_service:8005/comments/thread-counts?thread_ids=1 "HTTP/1.1 200 OK"
2026-04-05 12:38:55,469 [httpx] INFO: HTTP Request: GET http://comment_service:8005/comments/thread-counts?thread_ids=1 "HTTP/1.1 200 OK"
2026-04-05 12:38:55,541 [httpx] INFO: HTTP Request: GET http://comment_service:8005/comments/thread-counts?thread_ids=1 "HTTP/1.1 200 OK"
2026-04-05 12:38:55,612 [httpx] INFO: HTTP Request: GET http://comment_service:8005/comments/thread-counts?thread_ids=1 "HTTP/1.1 200 OK"
2026-04-05 12:38:55,684 [httpx] INFO: HTTP Request: GET http://comment_service:8005/comments/thread-counts?thread_ids=1 "HTTP/1.1 200 OK"
2026-04-05 12:38:55,756 [httpx] INFO: HTTP Request: GET http://comment_service:8005/comments/thread-counts?thread_ids=1 "HTTP/1.1 200 OK"
2026-04-05 12:38:55,825 [httpx] INFO: HTTP Request: GET http://comment_service:8005/comments/thread-counts?thread_ids=2 "HTTP/1.1 200 OK"
2026-04-05 12:38:55,917 [httpx] INFO: HTTP Request: GET http://comment_service:8005/comments/thread-counts?thread_ids=2 "HTTP/1.1 200 OK"
2026-04-05 12:38:55,969 [httpx] INFO: HTTP Request: GET http://comment_service:8005/comments/thread-counts?thread_ids=2 "HTTP/1.1 200 OK"
2026-04-05 12:38:56,036 [httpx] INFO: HTTP Request: GET http://comment_service:8005/comments/thread-counts?thread_ids=2 "HTTP/1.1 200 OK"
2026-04-05 12:38:56,101 [httpx] INFO: HTTP Request: GET http://comment_service:8005/comments/thread-counts?thread_ids=3 "HTTP/1.1 200 OK"
2026-04-05 12:38:56,169 [httpx] INFO: HTTP Request: GET http://comment_service:8005/comments/thread-counts?thread_ids=3 "HTTP/1.1 200 OK"
2026-04-05 12:38:56,238 [httpx] INFO: HTTP Request: GET http://comment_service:8005/comments/thread-counts?thread_ids=3 "HTTP/1.1 200 OK"
2026-04-05 12:38:56,291 [httpx] INFO: HTTP Request: GET http://comment_service:8005/comments/thread-counts?thread_ids=3 "HTTP/1.1 200 OK"
2026-04-05 12:38:56,344 [httpx] INFO: HTTP Request: GET http://comment_service:8005/comments/thread-counts?thread_ids=3 "HTTP/1.1 200 OK"
2026-04-05 12:38:56,416 [httpx] INFO: HTTP Request: GET http://comment_service:8005/comments/thread-counts?thread_ids=4 "HTTP/1.1 200 OK"
2026-04-05 12:38:56,469 [httpx] INFO: HTTP Request: GET http://comment_service:8005/comments/thread-counts?thread_ids=4 "HTTP/1.1 200 OK"
2026-04-05 12:38:56,554 [httpx] INFO: HTTP Request: GET http://comment_service:8005/comments/thread-counts?thread_ids=4 "HTTP/1.1 200 OK"
2026-04-05 12:38:56,625 [httpx] INFO: HTTP Request: GET http://comment_service:8005/comments/thread-counts?thread_ids=4 "HTTP/1.1 200 OK"
2026-04-05 12:38:56,680 [httpx] INFO: HTTP Request: GET http://comment_service:8005/comments/thread-counts?thread_ids=4 "HTTP/1.1 200 OK"
2026-04-05 12:38:56,729 [httpx] INFO: HTTP Request: GET http://comment_service:8005/comments/thread-counts?thread_ids=5 "HTTP/1.1 200 OK"
2026-04-05 12:38:56,796 [httpx] INFO: HTTP Request: GET http://comment_service:8005/comments/thread-counts?thread_ids=5 "HTTP/1.1 200 OK"
2026-04-05 12:38:56,846 [httpx] INFO: HTTP Request: GET http://comment_service:8005/comments/thread-counts?thread_ids=5 "HTTP/1.1 200 OK"
2026-04-05 12:38:56,896 [httpx] INFO: HTTP Request: GET http://comment_service:8005/comments/thread-counts?thread_ids=5 "HTTP/1.1 200 OK"
2026-04-05 12:38:56,947 [httpx] INFO: HTTP Request: GET http://comment_service:8005/comments/thread-counts?thread_ids=6 "HTTP/1.1 200 OK"
2026-04-05 12:38:57,014 [httpx] INFO: HTTP Request: GET http://comment_service:8005/comments/thread-counts?thread_ids=6 "HTTP/1.1 200 OK"
2026-04-05 12:38:57,067 [httpx] INFO: HTTP Request: GET http://comment_service:8005/comments/thread-counts?thread_ids=6 "HTTP/1.1 200 OK"
2026-04-05 12:38:57,121 [httpx] INFO: HTTP Request: GET http://comment_service:8005/comments/thread-counts?thread_ids=6 "HTTP/1.1 200 OK"
2026-04-05 12:38:57,174 [httpx] INFO: HTTP Request: GET http://comment_service:8005/comments/thread-counts?thread_ids=6 "HTTP/1.1 200 OK"
2026-04-05 12:38:57,256 [httpx] INFO: HTTP Request: GET http://comment_service:8005/comments/thread-counts?thread_ids=6 "HTTP/1.1 200 OK"
2026-04-05 12:38:57,338 [httpx] INFO: HTTP Request: GET http://comment_service:8005/comments/thread-counts?thread_ids=6 "HTTP/1.1 200 OK"
2026-04-05 12:38:57,390 [httpx] INFO: HTTP Request: GET http://comment_service:8005/comments/thread-counts?thread_ids=7 "HTTP/1.1 200 OK"
2026-04-05 12:38:57,442 [httpx] INFO: HTTP Request: GET http://comment_service:8005/comments/thread-counts?thread_ids=7 "HTTP/1.1 200 OK"
2026-04-05 12:38:57,495 [httpx] INFO: HTTP Request: GET http://comment_service:8005/comments/thread-counts?thread_ids=7 "HTTP/1.1 200 OK"
2026-04-05 12:38:57,548 [httpx] INFO: HTTP Request: GET http://comment_service:8005/comments/thread-counts?thread_ids=7 "HTTP/1.1 200 OK"
2026-04-05 12:38:57,599 [httpx] INFO: HTTP Request: GET http://comment_service:8005/comments/thread-counts?thread_ids=7 "HTTP/1.1 200 OK"
2026-04-05 12:38:57,665 [httpx] INFO: HTTP Request: GET http://comment_service:8005/comments/thread-counts?thread_ids=8 "HTTP/1.1 200 OK"
2026-04-05 12:38:57,715 [httpx] INFO: HTTP Request: GET http://comment_service:8005/comments/thread-counts?thread_ids=8 "HTTP/1.1 200 OK"
2026-04-05 12:38:57,772 [httpx] INFO: HTTP Request: GET http://comment_service:8005/comments/thread-counts?thread_ids=8 "HTTP/1.1 200 OK"
2026-04-05 12:38:57,827 [httpx] INFO: HTTP Request: GET http://comment_service:8005/comments/thread-counts?thread_ids=8 "HTTP/1.1 200 OK"
2026-04-05 12:38:57,879 [httpx] INFO: HTTP Request: GET http://comment_service:8005/comments/thread-counts?thread_ids=9 "HTTP/1.1 200 OK"
2026-04-05 12:38:57,949 [httpx] INFO: HTTP Request: GET http://comment_service:8005/comments/thread-counts?thread_ids=9 "HTTP/1.1 200 OK"
2026-04-05 12:38:58,004 [httpx] INFO: HTTP Request: GET http://comment_service:8005/comments/thread-counts?thread_ids=9 "HTTP/1.1 200 OK"
2026-04-05 12:38:58,072 [httpx] INFO: HTTP Request: GET http://comment_service:8005/comments/thread-counts?thread_ids=9 "HTTP/1.1 200 OK"
2026-04-05 12:38:58,124 [httpx] INFO: HTTP Request: GET http://comment_service:8005/comments/thread-counts?thread_ids=10 "HTTP/1.1 200 OK"
2026-04-05 12:38:58,205 [httpx] INFO: HTTP Request: GET http://comment_service:8005/comments/thread-counts?thread_ids=10 "HTTP/1.1 200 OK"
2026-04-05 12:38:58,256 [httpx] INFO: HTTP Request: GET http://comment_service:8005/comments/thread-counts?thread_ids=10 "HTTP/1.1 200 OK"
2026-04-05 12:38:58,316 [httpx] INFO: HTTP Request: GET http://comment_service:8005/comments/thread-counts?thread_ids=10 "HTTP/1.1 200 OK"
2026-04-05 12:38:58,374 [httpx] INFO: HTTP Request: GET http://comment_service:8005/comments/thread-counts?thread_ids=10 "HTTP/1.1 200 OK"
2026-04-05 12:38:58,428 [httpx] INFO: HTTP Request: GET http://comment_service:8005/comments/thread-counts?thread_ids=11 "HTTP/1.1 200 OK"
2026-04-05 12:38:58,500 [httpx] INFO: HTTP Request: GET http://comment_service:8005/comments/thread-counts?thread_ids=11 "HTTP/1.1 200 OK"
2026-04-05 12:38:58,558 [httpx] INFO: HTTP Request: GET http://comment_service:8005/comments/thread-counts?thread_ids=11 "HTTP/1.1 200 OK"
2026-04-05 12:38:58,610 [httpx] INFO: HTTP Request: GET http://comment_service:8005/comments/thread-counts?thread_ids=11 "HTTP/1.1 200 OK"
2026-04-05 12:38:58,662 [httpx] INFO: HTTP Request: GET http://comment_service:8005/comments/thread-counts?thread_ids=12 "HTTP/1.1 200 OK"
2026-04-05 12:38:58,716 [httpx] INFO: HTTP Request: GET http://comment_service:8005/comments/thread-counts?thread_ids=12 "HTTP/1.1 200 OK"
2026-04-05 12:38:58,766 [httpx] INFO: HTTP Request: GET http://comment_service:8005/comments/thread-counts?thread_ids=12 "HTTP/1.1 200 OK"
2026-04-05 12:38:58,817 [httpx] INFO: HTTP Request: GET http://comment_service:8005/comments/thread-counts?thread_ids=12 "HTTP/1.1 200 OK"
2026-04-05 12:38:58,882 [httpx] INFO: HTTP Request: GET http://comment_service:8005/comments/thread-counts?thread_ids=12 "HTTP/1.1 200 OK"
2026-04-05 12:38:58,933 [httpx] INFO: HTTP Request: GET http://comment_service:8005/comments/thread-counts?thread_ids=12 "HTTP/1.1 200 OK"
2026-04-05 12:38:59,014 [httpx] INFO: HTTP Request: GET http://comment_service:8005/comments/thread-counts?thread_ids=13 "HTTP/1.1 200 OK"
2026-04-05 12:38:59,065 [httpx] INFO: HTTP Request: GET http://comment_service:8005/comments/thread-counts?thread_ids=13 "HTTP/1.1 200 OK"
2026-04-05 12:38:59,118 [httpx] INFO: HTTP Request: GET http://comment_service:8005/comments/thread-counts?thread_ids=13 "HTTP/1.1 200 OK"
2026-04-05 12:38:59,172 [httpx] INFO: HTTP Request: GET http://comment_service:8005/comments/thread-counts?thread_ids=13 "HTTP/1.1 200 OK"
2026-04-05 12:38:59,226 [httpx] INFO: HTTP Request: GET http://comment_service:8005/comments/thread-counts?thread_ids=13 "HTTP/1.1 200 OK"
2026-04-05 12:38:59,294 [httpx] INFO: HTTP Request: GET http://comment_service:8005/comments/thread-counts?thread_ids=13 "HTTP/1.1 200 OK"
2026-04-05 12:38:59,347 [httpx] INFO: HTTP Request: GET http://comment_service:8005/comments/thread-counts?thread_ids=14 "HTTP/1.1 200 OK"
2026-04-05 12:38:59,401 [httpx] INFO: HTTP Request: GET http://comment_service:8005/comments/thread-counts?thread_ids=14 "HTTP/1.1 200 OK"
2026-04-05 12:38:59,457 [httpx] INFO: HTTP Request: GET http://comment_service:8005/comments/thread-counts?thread_ids=14 "HTTP/1.1 200 OK"
2026-04-05 12:38:59,514 [httpx] INFO: HTTP Request: GET http://comment_service:8005/comments/thread-counts?thread_ids=14 "HTTP/1.1 200 OK"
2026-04-05 12:38:59,569 [httpx] INFO: HTTP Request: GET http://comment_service:8005/comments/thread-counts?thread_ids=14 "HTTP/1.1 200 OK"
2026-04-05 12:38:59,629 [httpx] INFO: HTTP Request: GET http://comment_service:8005/comments/thread-counts?thread_ids=14 "HTTP/1.1 200 OK"
2026-04-05 12:38:59,687 [httpx] INFO: HTTP Request: GET http://comment_service:8005/comments/thread-counts?thread_ids=14 "HTTP/1.1 200 OK"
2026-04-05 12:38:59,752 [httpx] INFO: HTTP Request: GET http://comment_service:8005/comments/thread-counts?thread_ids=15 "HTTP/1.1 200 OK"
2026-04-05 12:38:59,809 [httpx] INFO: HTTP Request: GET http://comment_service:8005/comments/thread-counts?thread_ids=15 "HTTP/1.1 200 OK"
2026-04-05 12:38:59,861 [httpx] INFO: HTTP Request: GET http://comment_service:8005/comments/thread-counts?thread_ids=15 "HTTP/1.1 200 OK"
2026-04-05 12:38:59,925 [httpx] INFO: HTTP Request: GET http://comment_service:8005/comments/thread-counts?thread_ids=15 "HTTP/1.1 200 OK"
2026-04-05 12:38:59,984 [httpx] INFO: HTTP Request: GET http://comment_service:8005/comments/thread-counts?thread_ids=16 "HTTP/1.1 200 OK"
2026-04-05 12:39:00,035 [httpx] INFO: HTTP Request: GET http://comment_service:8005/comments/thread-counts?thread_ids=16 "HTTP/1.1 200 OK"
2026-04-05 12:39:00,087 [httpx] INFO: HTTP Request: GET http://comment_service:8005/comments/thread-counts?thread_ids=16 "HTTP/1.1 200 OK"
2026-04-05 12:39:00,143 [httpx] INFO: HTTP Request: GET http://comment_service:8005/comments/thread-counts?thread_ids=16 "HTTP/1.1 200 OK"
2026-04-05 12:39:00,197 [httpx] INFO: HTTP Request: GET http://comment_service:8005/comments/thread-counts?thread_ids=16 "HTTP/1.1 200 OK"
2026-04-05 12:39:00,252 [httpx] INFO: HTTP Request: GET http://comment_service:8005/comments/thread-counts?thread_ids=16 "HTTP/1.1 200 OK"
2026-04-05 12:39:00,303 [httpx] INFO: HTTP Request: GET http://comment_service:8005/comments/thread-counts?thread_ids=17 "HTTP/1.1 200 OK"
2026-04-05 12:39:00,371 [httpx] INFO: HTTP Request: GET http://comment_service:8005/comments/thread-counts?thread_ids=17 "HTTP/1.1 200 OK"
2026-04-05 12:39:00,421 [httpx] INFO: HTTP Request: GET http://comment_service:8005/comments/thread-counts?thread_ids=17 "HTTP/1.1 200 OK"
2026-04-05 12:39:00,472 [httpx] INFO: HTTP Request: GET http://comment_service:8005/comments/thread-counts?thread_ids=17 "HTTP/1.1 200 OK"
2026-04-05 12:39:00,526 [httpx] INFO: HTTP Request: GET http://comment_service:8005/comments/thread-counts?thread_ids=17 "HTTP/1.1 200 OK"
2026-04-05 12:39:00,589 [httpx] INFO: HTTP Request: GET http://comment_service:8005/comments/thread-counts?thread_ids=17 "HTTP/1.1 200 OK"
2026-04-05 12:39:00,639 [httpx] INFO: HTTP Request: GET http://comment_service:8005/comments/thread-counts?thread_ids=17 "HTTP/1.1 200 OK"
2026-04-05 12:39:00,718 [httpx] INFO: HTTP Request: GET http://comment_service:8005/comments/thread-counts?thread_ids=18 "HTTP/1.1 200 OK"
2026-04-05 12:39:00,776 [httpx] INFO: HTTP Request: GET http://comment_service:8005/comments/thread-counts?thread_ids=18 "HTTP/1.1 200 OK"
2026-04-05 12:39:00,830 [httpx] INFO: HTTP Request: GET http://comment_service:8005/comments/thread-counts?thread_ids=18 "HTTP/1.1 200 OK"
2026-04-05 12:39:00,881 [httpx] INFO: HTTP Request: GET http://comment_service:8005/comments/thread-counts?thread_ids=18 "HTTP/1.1 200 OK"
2026-04-05 12:39:00,931 [httpx] INFO: HTTP Request: GET http://comment_service:8005/comments/thread-counts?thread_ids=18 "HTTP/1.1 200 OK"
2026-04-05 12:39:00,983 [httpx] INFO: HTTP Request: GET http://comment_service:8005/comments/thread-counts?thread_ids=19 "HTTP/1.1 200 OK"
2026-04-05 12:39:01,035 [httpx] INFO: HTTP Request: GET http://comment_service:8005/comments/thread-counts?thread_ids=19 "HTTP/1.1 200 OK"
2026-04-05 12:39:01,088 [httpx] INFO: HTTP Request: GET http://comment_service:8005/comments/thread-counts?thread_ids=19 "HTTP/1.1 200 OK"
2026-04-05 12:39:01,139 [httpx] INFO: HTTP Request: GET http://comment_service:8005/comments/thread-counts?thread_ids=19 "HTTP/1.1 200 OK"
2026-04-05 12:39:01,190 [httpx] INFO: HTTP Request: GET http://comment_service:8005/comments/thread-counts?thread_ids=19 "HTTP/1.1 200 OK"
2026-04-05 12:39:01,238 [httpx] INFO: HTTP Request: GET http://comment_service:8005/comments/thread-counts?thread_ids=19 "HTTP/1.1 200 OK"
2026-04-05 12:39:01,289 [httpx] INFO: HTTP Request: GET http://comment_service:8005/comments/thread-counts?thread_ids=20 "HTTP/1.1 200 OK"
2026-04-05 12:39:01,340 [httpx] INFO: HTTP Request: GET http://comment_service:8005/comments/thread-counts?thread_ids=20 "HTTP/1.1 200 OK"
2026-04-05 12:39:01,402 [httpx] INFO: HTTP Request: GET http://comment_service:8005/comments/thread-counts?thread_ids=20 "HTTP/1.1 200 OK"
2026-04-05 12:39:01,477 [httpx] INFO: HTTP Request: GET http://comment_service:8005/comments/thread-counts?thread_ids=20 "HTTP/1.1 200 OK"
2026-04-05 12:39:01,528 [httpx] INFO: HTTP Request: GET http://comment_service:8005/comments/thread-counts?thread_ids=20 "HTTP/1.1 200 OK"
2026-04-05 12:39:01,585 [httpx] INFO: HTTP Request: GET http://comment_service:8005/comments/thread-counts?thread_ids=1 "HTTP/1.1 200 OK"
2026-04-05 12:39:01,640 [httpx] INFO: HTTP Request: GET http://comment_service:8005/comments/thread-counts?thread_ids=11 "HTTP/1.1 200 OK"
2026-04-05 12:39:01,697 [httpx] INFO: HTTP Request: GET http://comment_service:8005/comments/thread-counts?thread_ids=6 "HTTP/1.1 200 OK"
2026-04-05 12:39:01,754 [httpx] INFO: HTTP Request: GET http://comment_service:8005/comments/thread-counts?thread_ids=2 "HTTP/1.1 200 OK"
2026-04-05 12:39:01,811 [httpx] INFO: HTTP Request: GET http://comment_service:8005/comments/thread-counts?thread_ids=15 "HTTP/1.1 200 OK"
2026-04-05 12:39:01,866 [httpx] INFO: HTTP Request: GET http://comment_service:8005/comments/thread-counts?thread_ids=8 "HTTP/1.1 200 OK"
2026-04-05 12:39:01,925 [httpx] INFO: HTTP Request: GET http://comment_service:8005/comments/thread-counts?thread_ids=16 "HTTP/1.1 200 OK"
2026-04-05 12:39:02,010 [httpx] INFO: HTTP Request: GET http://comment_service:8005/comments/thread-counts?thread_ids=9 "HTTP/1.1 200 OK"
2026-04-05 12:39:02,068 [httpx] INFO: HTTP Request: GET http://comment_service:8005/comments/thread-counts?thread_ids=14 "HTTP/1.1 200 OK"
2026-04-05 12:39:02,122 [httpx] INFO: HTTP Request: GET http://comment_service:8005/comments/thread-counts?thread_ids=20 "HTTP/1.1 200 OK"
2026-04-05 12:39:02,178 [httpx] INFO: HTTP Request: GET http://comment_service:8005/comments/thread-counts?thread_ids=17 "HTTP/1.1 200 OK"
2026-04-05 12:39:02,234 [httpx] INFO: HTTP Request: GET http://comment_service:8005/comments/thread-counts?thread_ids=13 "HTTP/1.1 200 OK"
2026-04-05 12:39:02,297 [httpx] INFO: HTTP Request: GET http://comment_service:8005/comments/thread-counts?thread_ids=6 "HTTP/1.1 200 OK"
2026-04-05 12:39:02,366 [httpx] INFO: HTTP Request: GET http://comment_service:8005/comments/thread-counts?thread_ids=15 "HTTP/1.1 200 OK"
2026-04-05 12:39:02,466 [httpx] INFO: HTTP Request: GET http://comment_service:8005/comments/thread-counts?thread_ids=19 "HTTP/1.1 200 OK"
2026-04-05 12:39:02,526 [httpx] INFO: HTTP Request: GET http://comment_service:8005/comments/thread-counts?thread_ids=17 "HTTP/1.1 200 OK"
2026-04-05 12:39:02,582 [httpx] INFO: HTTP Request: GET http://comment_service:8005/comments/thread-counts?thread_ids=5 "HTTP/1.1 200 OK"
2026-04-05 12:39:02,638 [httpx] INFO: HTTP Request: GET http://comment_service:8005/comments/thread-counts?thread_ids=9 "HTTP/1.1 200 OK"
2026-04-05 12:39:02,695 [httpx] INFO: HTTP Request: GET http://comment_service:8005/comments/thread-counts?thread_ids=17 "HTTP/1.1 200 OK"
2026-04-05 12:39:02,771 [httpx] INFO: HTTP Request: GET http://comment_service:8005/comments/thread-counts?thread_ids=7 "HTTP/1.1 200 OK"
2026-04-05 12:39:02,847 [httpx] INFO: HTTP Request: GET http://comment_service:8005/comments/thread-counts?thread_ids=4 "HTTP/1.1 200 OK"
2026-04-05 12:39:02,908 [httpx] INFO: HTTP Request: GET http://comment_service:8005/comments/thread-counts?thread_ids=15 "HTTP/1.1 200 OK"
2026-04-05 12:39:02,964 [httpx] INFO: HTTP Request: GET http://comment_service:8005/comments/thread-counts?thread_ids=14 "HTTP/1.1 200 OK"
2026-04-05 12:39:03,017 [httpx] INFO: HTTP Request: GET http://comment_service:8005/comments/thread-counts?thread_ids=4 "HTTP/1.1 200 OK"
2026-04-05 12:39:03,074 [httpx] INFO: HTTP Request: GET http://comment_service:8005/comments/thread-counts?thread_ids=17 "HTTP/1.1 200 OK"
2026-04-05 12:39:03,131 [httpx] INFO: HTTP Request: GET http://comment_service:8005/comments/thread-counts?thread_ids=2 "HTTP/1.1 200 OK"
2026-04-05 12:39:03,184 [httpx] INFO: HTTP Request: GET http://comment_service:8005/comments/thread-counts?thread_ids=10 "HTTP/1.1 200 OK"
2026-04-05 12:39:03,239 [httpx] INFO: HTTP Request: GET http://comment_service:8005/comments/thread-counts?thread_ids=17 "HTTP/1.1 200 OK"
2026-04-05 12:39:03,295 [httpx] INFO: HTTP Request: GET http://comment_service:8005/comments/thread-counts?thread_ids=8 "HTTP/1.1 200 OK"
2026-04-05 12:39:03,359 [httpx] INFO: HTTP Request: GET http://comment_service:8005/comments/thread-counts?thread_ids=4 "HTTP/1.1 200 OK"
2026-04-05 12:39:03,421 [httpx] INFO: HTTP Request: GET http://comment_service:8005/comments/thread-counts?thread_ids=1 "HTTP/1.1 200 OK"
2026-04-05 12:39:03,475 [httpx] INFO: HTTP Request: GET http://comment_service:8005/comments/thread-counts?thread_ids=13 "HTTP/1.1 200 OK"
2026-04-05 12:39:03,539 [httpx] INFO: HTTP Request: GET http://comment_service:8005/comments/thread-counts?thread_ids=7 "HTTP/1.1 200 OK"
2026-04-05 12:39:03,599 [httpx] INFO: HTTP Request: GET http://comment_service:8005/comments/thread-counts?thread_ids=8 "HTTP/1.1 200 OK"
2026-04-05 12:39:03,654 [httpx] INFO: HTTP Request: GET http://comment_service:8005/comments/thread-counts?thread_ids=3 "HTTP/1.1 200 OK"
2026-04-05 12:39:03,709 [httpx] INFO: HTTP Request: GET http://comment_service:8005/comments/thread-counts?thread_ids=11 "HTTP/1.1 200 OK"
2026-04-05 12:39:03,762 [httpx] INFO: HTTP Request: GET http://comment_service:8005/comments/thread-counts?thread_ids=12 "HTTP/1.1 200 OK"
2026-04-05 12:39:03,818 [httpx] INFO: HTTP Request: GET http://comment_service:8005/comments/thread-counts?thread_ids=14 "HTTP/1.1 200 OK"
2026-04-05 12:39:03,871 [httpx] INFO: HTTP Request: GET http://comment_service:8005/comments/thread-counts?thread_ids=9 "HTTP/1.1 200 OK"
2026-04-05 12:39:03,944 [httpx] INFO: HTTP Request: GET http://comment_service:8005/comments/thread-counts?thread_ids=8 "HTTP/1.1 200 OK"
2026-04-05 12:39:04,002 [httpx] INFO: HTTP Request: GET http://comment_service:8005/comments/thread-counts?thread_ids=16 "HTTP/1.1 200 OK"
2026-04-05 12:39:04,060 [httpx] INFO: HTTP Request: GET http://comment_service:8005/comments/thread-counts?thread_ids=16 "HTTP/1.1 200 OK"
2026-04-05 12:39:04,139 [httpx] INFO: HTTP Request: GET http://comment_service:8005/comments/thread-counts?thread_ids=14 "HTTP/1.1 200 OK"
2026-04-05 12:39:04,220 [httpx] INFO: HTTP Request: GET http://comment_service:8005/comments/thread-counts?thread_ids=20 "HTTP/1.1 200 OK"
2026-04-05 12:39:04,279 [httpx] INFO: HTTP Request: GET http://comment_service:8005/comments/thread-counts?thread_ids=12 "HTTP/1.1 200 OK"
2026-04-05 12:47:33,676 [aiokafka.consumer.fetcher] ERROR: Failed fetch messages from 1: KafkaConnectionError: Connection at kafka:9092 closed
2026-04-05 12:47:33,681 [aiokafka] ERROR: Unable connect to node with id 1: [Errno 111] Connect call failed ('172.22.0.10', 9092)
2026-04-05 12:47:33,683 [aiokafka] ERROR: Unable to update metadata from [1]
2026-04-05 12:47:33,689 [aiokafka] ERROR: Unable connect to node with id 1: [Errno 111] Connect call failed ('172.22.0.10', 9092)
2026-04-05 12:47:33,690 [aiokafka] ERROR: Unable to update metadata from [1]
2026-04-05 12:47:33,690 [aiokafka.consumer.group_coordinator] ERROR: Error sending OffsetCommitRequest to node 1 [KafkaConnectionError: Connection at kafka:9092 closed] -- marking coordinator dead
2026-04-05 12:47:33,691 [aiokafka.consumer.group_coordinator] WARNING: Marking the coordinator dead (node 1)for group thread-service-user-sync.
2026-04-05 12:47:33,695 [aiokafka] ERROR: Unable connect to node with id 1: [Errno 111] Connect call failed ('172.22.0.10', 9092)
2026-04-05 12:47:33,696 [aiokafka] ERROR: Unable to update metadata from [1]
2026-04-05 12:47:33,779 [aiokafka] ERROR: Unable connect to node with id 1: [Errno 111] Connect call failed ('172.22.0.10', 9092)
2026-04-05 12:47:33,781 [aiokafka.consumer.fetcher] ERROR: Failed fetch messages from 1: NodeNotReadyError: Attempt to send a request to node which is not ready (node id 1).
2026-04-05 12:47:33,783 [aiokafka] ERROR: Unable connect to node with id 1: [Errno 111] Connect call failed ('172.22.0.10', 9092)
2026-04-05 12:47:33,785 [aiokafka] ERROR: Unable to update metadata from [1]
2026-04-05 12:47:33,884 [aiokafka] ERROR: Unable connect to node with id 1: [Errno 111] Connect call failed ('172.22.0.10', 9092)
2026-04-05 12:47:33,889 [aiokafka.consumer.fetcher] ERROR: Failed fetch messages from 1: NodeNotReadyError: Attempt to send a request to node which is not ready (node id 1).
2026-04-05 12:47:33,898 [aiokafka] ERROR: Unable connect to node with id 1: [Errno 111] Connect call failed ('172.22.0.10', 9092)
2026-04-05 12:47:33,905 [aiokafka] ERROR: Unable to update metadata from [1]
2026-04-05 12:47:33,993 [aiokafka] ERROR: Unable connect to node with id 1: [Errno 111] Connect call failed ('172.22.0.10', 9092)
2026-04-05 12:47:33,996 [aiokafka.consumer.fetcher] ERROR: Failed fetch messages from 1: NodeNotReadyError: Attempt to send a request to node which is not ready (node id 1).
2026-04-05 12:47:33,998 [aiokafka] ERROR: Unable connect to node with id 1: [Errno 111] Connect call failed ('172.22.0.10', 9092)
2026-04-05 12:47:34,000 [aiokafka] ERROR: Unable to update metadata from [1]
2026-04-05 12:47:34,101 [aiokafka] ERROR: Unable connect to node with id 1: [Errno 111] Connect call failed ('172.22.0.10', 9092)
2026-04-05 12:47:34,101 [aiokafka.consumer.fetcher] ERROR: Failed fetch messages from 1: NodeNotReadyError: Attempt to send a request to node which is not ready (node id 1).
2026-04-05 12:47:34,104 [aiokafka] ERROR: Unable connect to node with id 1: [Errno 111] Connect call failed ('172.22.0.10', 9092)
2026-04-05 12:47:34,105 [aiokafka] ERROR: Unable to update metadata from [1]
2026-04-05 12:47:34,204 [aiokafka] ERROR: Unable connect to node with id 1: [Errno 111] Connect call failed ('172.22.0.10', 9092)
2026-04-05 12:47:34,205 [aiokafka.consumer.fetcher] ERROR: Failed fetch messages from 1: NodeNotReadyError: Attempt to send a request to node which is not ready (node id 1).
2026-04-05 12:47:34,211 [aiokafka] ERROR: Unable connect to node with id 1: [Errno 111] Connect call failed ('172.22.0.10', 9092)
2026-04-05 12:47:34,213 [aiokafka] ERROR: Unable to update metadata from [1]
2026-04-05 12:47:34,314 [aiokafka] ERROR: Unable connect to node with id 1: [Errno 111] Connect call failed ('172.22.0.10', 9092)
2026-04-05 12:47:34,315 [aiokafka.consumer.fetcher] ERROR: Failed fetch messages from 1: NodeNotReadyError: Attempt to send a request to node which is not ready (node id 1).
2026-04-05 12:47:34,318 [aiokafka] ERROR: Unable connect to node with id 1: [Errno 111] Connect call failed ('172.22.0.10', 9092)
2026-04-05 12:47:34,319 [aiokafka] ERROR: Unable to update metadata from [1]
2026-04-05 12:47:34,420 [aiokafka] ERROR: Unable connect to node with id 1: [Errno 111] Connect call failed ('172.22.0.10', 9092)
2026-04-05 12:47:34,426 [aiokafka.consumer.fetcher] ERROR: Failed fetch messages from 1: NodeNotReadyError: Attempt to send a request to node which is not ready (node id 1).
2026-04-05 12:47:34,436 [aiokafka] ERROR: Unable connect to node with id 1: [Errno 111] Connect call failed ('172.22.0.10', 9092)
2026-04-05 12:47:34,446 [aiokafka] ERROR: Unable to update metadata from [1]
2026-04-05 12:47:34,538 [aiokafka] ERROR: Unable connect to node with id 1: [Errno 111] Connect call failed ('172.22.0.10', 9092)
2026-04-05 12:47:34,540 [aiokafka.consumer.fetcher] ERROR: Failed fetch messages from 1: NodeNotReadyError: Attempt to send a request to node which is not ready (node id 1).
2026-04-05 12:47:34,549 [aiokafka] ERROR: Unable connect to node with id 1: [Errno 111] Connect call failed ('172.22.0.10', 9092)
2026-04-05 12:47:34,570 [aiokafka] ERROR: Unable to update metadata from [1]
2026-04-05 12:47:38,958 [aiokafka] ERROR: Unable connect to "kafka:9092": [Errno 111] Connect call failed ('172.22.0.15', 9092)
2026-04-05 12:47:39,143 [asyncio] ERROR: Unclosed AIOKafkaProducer
producer: <aiokafka.producer.producer.AIOKafkaProducer object at 0x7d3a70e1d940>
2026-04-05 12:51:43,121 [app.kafka_producer] INFO: Kafka producer started
2026-04-05 12:51:43,123 [thread_service] INFO: Thread service started successfully
2026-04-05 12:51:43,125 [aiokafka.consumer.subscription_state] INFO: Updating subscribed topics to: frozenset({'user-events'})
2026-04-05 12:51:43,174 [aiokafka.cluster] WARNING: Topic user-events is not available during auto-create initialization
2026-04-05 12:51:43,292 [aiokafka.cluster] WARNING: Topic user-events is not available during auto-create initialization
2026-04-05 12:51:43,412 [aiokafka.cluster] WARNING: Topic user-events is not available during auto-create initialization
2026-04-05 12:51:43,536 [aiokafka.cluster] WARNING: Topic user-events is not available during auto-create initialization
2026-04-05 12:51:43,648 [aiokafka.consumer.group_coordinator] ERROR: Group Coordinator Request failed: [Error 15] GroupCoordinatorNotAvailableError
2026-04-05 12:51:43,773 [aiokafka.consumer.group_coordinator] ERROR: Group Coordinator Request failed: [Error 15] GroupCoordinatorNotAvailableError
2026-04-05 12:51:43,883 [aiokafka.consumer.group_coordinator] ERROR: Group Coordinator Request failed: [Error 15] GroupCoordinatorNotAvailableError
2026-04-05 12:51:44,005 [aiokafka.consumer.group_coordinator] ERROR: Group Coordinator Request failed: [Error 15] GroupCoordinatorNotAvailableError
2026-04-05 12:51:44,115 [aiokafka.consumer.group_coordinator] ERROR: Group Coordinator Request failed: [Error 15] GroupCoordinatorNotAvailableError
2026-04-05 12:51:44,226 [aiokafka.consumer.group_coordinator] ERROR: Group Coordinator Request failed: [Error 15] GroupCoordinatorNotAvailableError
2026-04-05 12:51:44,333 [aiokafka.consumer.group_coordinator] ERROR: Group Coordinator Request failed: [Error 15] GroupCoordinatorNotAvailableError
2026-04-05 12:51:44,437 [aiokafka.consumer.group_coordinator] ERROR: Group Coordinator Request failed: [Error 15] GroupCoordinatorNotAvailableError
2026-04-05 12:51:44,543 [aiokafka.consumer.group_coordinator] ERROR: Group Coordinator Request failed: [Error 15] GroupCoordinatorNotAvailableError
2026-04-05 12:51:44,651 [aiokafka.consumer.group_coordinator] ERROR: Group Coordinator Request failed: [Error 15] GroupCoordinatorNotAvailableError
2026-04-05 12:51:44,760 [aiokafka.consumer.group_coordinator] INFO: Discovered coordinator 1 for group thread-service-user-sync
2026-04-05 12:51:44,762 [aiokafka.consumer.group_coordinator] INFO: Revoking previously assigned partitions set() for group thread-service-user-sync
2026-04-05 12:51:44,763 [aiokafka.consumer.group_coordinator] INFO: (Re-)joining group thread-service-user-sync
2026-04-05 12:51:47,770 [aiokafka.consumer.group_coordinator] INFO: Joined group 'thread-service-user-sync' (generation 1) with member_id aiokafka-0.13.0-1be9140c-4ab7-4570-9db8-a9ed22a185ba
2026-04-05 12:51:47,771 [aiokafka.consumer.group_coordinator] INFO: Elected group leader -- performing partition assignments using roundrobin
2026-04-05 12:51:47,778 [aiokafka.consumer.group_coordinator] INFO: Successfully synced group thread-service-user-sync with generation 1
2026-04-05 12:51:47,779 [aiokafka.consumer.group_coordinator] INFO: Setting newly assigned partitions {TopicPartition(topic='user-events', partition=0)} for group thread-service-user-sync
2026-04-05 12:51:47,780 [thread_service.consumer] INFO: Kafka consumer started, listening for user-events
2026-04-05 12:52:28,689 [httpx] INFO: HTTP Request: GET http://user_service:8002/users/1 "HTTP/1.1 200 OK"
2026-04-05 12:52:28,712 [httpx] INFO: HTTP Request: GET http://community_service:8006/communities/1 "HTTP/1.1 200 OK"
2026-04-05 12:52:28,733 [app.kafka_producer] INFO: Sent to thread-events: {'broadcast': True, 'type': 'new_thread', 'thread': {'id': 1, 'title': 'Best practices for async Python', 'description': 'What are your go-to patterns for writing clean async code? Share tips, libraries, and pitfalls to avoid.', 'tags': ['python', 'async', 'best-practices'], 'status': 'open', 'community_id': 1, 'author': {'id': 1, 'username': 'alice', 'avatar': None}, 'created_at': '2026-04-05 12:52:28.698535', 'updated_at': '2026-04-05 12:52:28.698535'}}
2026-04-05 12:52:28,763 [httpx] INFO: HTTP Request: GET http://user_service:8002/users/2 "HTTP/1.1 200 OK"
2026-04-05 12:52:28,785 [httpx] INFO: HTTP Request: GET http://community_service:8006/communities/2 "HTTP/1.1 200 OK"
2026-04-05 12:52:28,794 [app.kafka_producer] INFO: Sent to thread-events: {'broadcast': True, 'type': 'new_thread', 'thread': {'id': 2, 'title': 'React vs Vue vs Svelte in 2026', 'description': 'With all three frameworks maturing, which do you pick for new projects? Performance, DX, ecosystem.', 'tags': ['react', 'vue', 'svelte', 'frontend'], 'status': 'open', 'community_id': 2, 'author': {'id': 2, 'username': 'bob', 'avatar': None}, 'created_at': '2026-04-05 12:52:28.772418', 'updated_at': '2026-04-05 12:52:28.772418'}}
2026-04-05 12:52:28,818 [httpx] INFO: HTTP Request: GET http://user_service:8002/users/3 "HTTP/1.1 200 OK"
2026-04-05 12:52:28,835 [httpx] INFO: HTTP Request: GET http://community_service:8006/communities/3 "HTTP/1.1 200 OK"
2026-04-05 12:52:28,845 [app.kafka_producer] INFO: Sent to thread-events: {'broadcast': True, 'type': 'new_thread', 'thread': {'id': 3, 'title': 'Getting started with Docker Compose', 'description': 'A beginner-friendly thread on multi-container setups. Share your docker-compose.yml patterns!', 'tags': ['docker', 'devops', 'microservices'], 'status': 'open', 'community_id': 3, 'author': {'id': 3, 'username': 'charlie', 'avatar': None}, 'created_at': '2026-04-05 12:52:28.824183', 'updated_at': '2026-04-05 12:52:28.824183'}}
2026-04-05 12:52:28,870 [httpx] INFO: HTTP Request: GET http://user_service:8002/users/4 "HTTP/1.1 200 OK"
2026-04-05 12:52:28,887 [httpx] INFO: HTTP Request: GET http://community_service:8006/communities/4 "HTTP/1.1 200 OK"
2026-04-05 12:52:28,896 [app.kafka_producer] INFO: Sent to thread-events: {'broadcast': True, 'type': 'new_thread', 'thread': {'id': 4, 'title': 'FastAPI advanced patterns', 'description': 'Dependency injection, background tasks, middleware, WebSockets — share production FastAPI setups.', 'tags': ['python', 'fastapi', 'backend'], 'status': 'open', 'community_id': 4, 'author': {'id': 4, 'username': 'diana', 'avatar': None}, 'created_at': '2026-04-05 12:52:28.876817', 'updated_at': '2026-04-05 12:52:28.876817'}}
2026-04-05 12:52:28,921 [httpx] INFO: HTTP Request: GET http://user_service:8002/users/5 "HTTP/1.1 200 OK"
2026-04-05 12:52:28,938 [httpx] INFO: HTTP Request: GET http://community_service:8006/communities/5 "HTTP/1.1 200 OK"
2026-04-05 12:52:28,948 [app.kafka_producer] INFO: Sent to thread-events: {'broadcast': True, 'type': 'new_thread', 'thread': {'id': 5, 'title': 'Machine Learning project ideas for 2026', 'description': 'Looking for portfolio-worthy ML projects. What interesting datasets or problems have you tackled?', 'tags': ['machine-learning', 'portfolio', 'ai'], 'status': 'open', 'community_id': 5, 'author': {'id': 5, 'username': 'eve', 'avatar': None}, 'created_at': '2026-04-05 12:52:28.927756', 'updated_at': '2026-04-05 12:52:28.927756'}}
2026-04-05 12:52:28,972 [httpx] INFO: HTTP Request: GET http://user_service:8002/users/6 "HTTP/1.1 200 OK"
2026-04-05 12:52:28,989 [httpx] INFO: HTTP Request: GET http://community_service:8006/communities/6 "HTTP/1.1 200 OK"
2026-04-05 12:52:28,998 [app.kafka_producer] INFO: Sent to thread-events: {'broadcast': True, 'type': 'new_thread', 'thread': {'id': 6, 'title': 'PostgreSQL performance tuning', 'description': 'Indexes, query plans, connection pooling, partitioning — share your optimization tips.', 'tags': ['postgresql', 'database', 'performance'], 'status': 'open', 'community_id': 6, 'author': {'id': 6, 'username': 'frank', 'avatar': None}, 'created_at': '2026-04-05 12:52:28.978156', 'updated_at': '2026-04-05 12:52:28.978156'}}
2026-04-05 12:52:29,024 [httpx] INFO: HTTP Request: GET http://user_service:8002/users/7 "HTTP/1.1 200 OK"
2026-04-05 12:52:29,040 [httpx] INFO: HTTP Request: GET http://community_service:8006/communities/7 "HTTP/1.1 200 OK"
2026-04-05 12:52:29,048 [app.kafka_producer] INFO: Sent to thread-events: {'broadcast': True, 'type': 'new_thread', 'thread': {'id': 7, 'title': 'Microservices vs Monolith debate', 'description': 'When should you go microservices? Share real-world experiences, failures, and lessons learned.', 'tags': ['architecture', 'microservices', 'monolith'], 'status': 'open', 'community_id': 7, 'author': {'id': 7, 'username': 'grace', 'avatar': None}, 'created_at': '2026-04-05 12:52:29.029210', 'updated_at': '2026-04-05 12:52:29.029210'}}
2026-04-05 12:52:29,073 [httpx] INFO: HTTP Request: GET http://user_service:8002/users/8 "HTTP/1.1 200 OK"
2026-04-05 12:52:29,090 [httpx] INFO: HTTP Request: GET http://community_service:8006/communities/8 "HTTP/1.1 200 OK"
2026-04-05 12:52:29,098 [app.kafka_producer] INFO: Sent to thread-events: {'broadcast': True, 'type': 'new_thread', 'thread': {'id': 8, 'title': 'TypeScript tips you wish you knew earlier', 'description': 'Utility types, branded types, discriminated unions — what features changed your workflow?', 'tags': ['typescript', 'javascript', 'tips'], 'status': 'open', 'community_id': 8, 'author': {'id': 8, 'username': 'henry', 'avatar': None}, 'created_at': '2026-04-05 12:52:29.078369', 'updated_at': '2026-04-05 12:52:29.078369'}}
2026-04-05 12:52:29,123 [httpx] INFO: HTTP Request: GET http://user_service:8002/users/9 "HTTP/1.1 200 OK"
2026-04-05 12:52:29,140 [httpx] INFO: HTTP Request: GET http://community_service:8006/communities/1 "HTTP/1.1 200 OK"
2026-04-05 12:52:29,149 [app.kafka_producer] INFO: Sent to thread-events: {'event': 'thread_in_community', 'user_id': 1, 'type': 'community_thread', 'message': "ivy posted 'Building real-time apps with WebSockets' in your community 'Python Developers'", 'reference_id': 9}
2026-04-05 12:52:29,151 [app.kafka_producer] INFO: Sent to thread-events: {'broadcast': True, 'type': 'new_thread', 'thread': {'id': 9, 'title': 'Building real-time apps with WebSockets', 'description': 'Chat apps, live dashboards, notifications — how do you handle WebSocket connections at scale?', 'tags': ['websocket', 'real-time', 'backend'], 'status': 'open', 'community_id': 1, 'author': {'id': 9, 'username': 'ivy', 'avatar': None}, 'created_at': '2026-04-05 12:52:29.128709', 'updated_at': '2026-04-05 12:52:29.128709'}}
2026-04-05 12:52:29,178 [httpx] INFO: HTTP Request: GET http://user_service:8002/users/10 "HTTP/1.1 200 OK"
2026-04-05 12:52:29,196 [httpx] INFO: HTTP Request: GET http://community_service:8006/communities/2 "HTTP/1.1 200 OK"
2026-04-05 12:52:29,203 [app.kafka_producer] INFO: Sent to thread-events: {'event': 'thread_in_community', 'user_id': 2, 'type': 'community_thread', 'message': "jack posted 'Open source contribution guide' in your community 'Web Dev Hub'", 'reference_id': 10}
2026-04-05 12:52:29,208 [app.kafka_producer] INFO: Sent to thread-events: {'broadcast': True, 'type': 'new_thread', 'thread': {'id': 10, 'title': 'Open source contribution guide', 'description': 'How to find your first issue, write a good PR, and navigate large codebases.', 'tags': ['open-source', 'git', 'community'], 'status': 'open', 'community_id': 2, 'author': {'id': 10, 'username': 'jack', 'avatar': None}, 'created_at': '2026-04-05 12:52:29.182955', 'updated_at': '2026-04-05 12:52:29.182955'}}
2026-04-05 12:52:29,235 [httpx] INFO: HTTP Request: GET http://user_service:8002/users/11 "HTTP/1.1 200 OK"
2026-04-05 12:52:29,254 [httpx] INFO: HTTP Request: GET http://community_service:8006/communities/3 "HTTP/1.1 200 OK"
2026-04-05 12:52:29,279 [app.kafka_producer] INFO: Sent to thread-events: {'event': 'thread_in_community', 'user_id': 3, 'type': 'community_thread', 'message': "karen posted 'Kubernetes for beginners' in your community 'Data Science Lab'", 'reference_id': 11}
2026-04-05 12:52:29,282 [app.kafka_producer] INFO: Sent to thread-events: {'broadcast': True, 'type': 'new_thread', 'thread': {'id': 11, 'title': 'Kubernetes for beginners', 'description': 'Pods, services, deployments, configmaps — getting started with K8s from scratch.', 'tags': ['kubernetes', 'devops', 'containers'], 'status': 'open', 'community_id': 3, 'author': {'id': 11, 'username': 'karen', 'avatar': None}, 'created_at': '2026-04-05 12:52:29.241847', 'updated_at': '2026-04-05 12:52:29.241847'}}
2026-04-05 12:52:29,310 [httpx] INFO: HTTP Request: GET http://user_service:8002/users/12 "HTTP/1.1 200 OK"
2026-04-05 12:52:29,328 [httpx] INFO: HTTP Request: GET http://community_service:8006/communities/4 "HTTP/1.1 200 OK"
2026-04-05 12:52:29,336 [app.kafka_producer] INFO: Sent to thread-events: {'event': 'thread_in_community', 'user_id': 4, 'type': 'community_thread', 'message': "leo posted 'GraphQL vs REST in 2026' in your community 'DevOps Corner'", 'reference_id': 12}
2026-04-05 12:52:29,338 [app.kafka_producer] INFO: Sent to thread-events: {'broadcast': True, 'type': 'new_thread', 'thread': {'id': 12, 'title': 'GraphQL vs REST in 2026', 'description': 'Is GraphQL worth the complexity? When does REST still win? Real-world trade-offs.', 'tags': ['graphql', 'rest', 'api-design'], 'status': 'open', 'community_id': 4, 'author': {'id': 12, 'username': 'leo', 'avatar': None}, 'created_at': '2026-04-05 12:52:29.317691', 'updated_at': '2026-04-05 12:52:29.317691'}}
2026-04-05 12:52:29,363 [httpx] INFO: HTTP Request: GET http://user_service:8002/users/13 "HTTP/1.1 200 OK"
2026-04-05 12:52:29,379 [httpx] INFO: HTTP Request: GET http://community_service:8006/communities/5 "HTTP/1.1 200 OK"
2026-04-05 12:52:29,387 [app.kafka_producer] INFO: Sent to thread-events: {'event': 'thread_in_community', 'user_id': 5, 'type': 'community_thread', 'message': "mia posted 'How to ace system design interviews' in your community 'Open Source Cafe'", 'reference_id': 13}
2026-04-05 12:52:29,388 [app.kafka_producer] INFO: Sent to thread-events: {'broadcast': True, 'type': 'new_thread', 'thread': {'id': 13, 'title': 'How to ace system design interviews', 'description': 'Load balancers, caching, sharding, message queues — share your study strategies and resources.', 'tags': ['system-design', 'interviews', 'career'], 'status': 'open', 'community_id': 5, 'author': {'id': 13, 'username': 'mia', 'avatar': None}, 'created_at': '2026-04-05 12:52:29.368604', 'updated_at': '2026-04-05 12:52:29.368604'}}
2026-04-05 12:52:29,414 [httpx] INFO: HTTP Request: GET http://user_service:8002/users/14 "HTTP/1.1 200 OK"
2026-04-05 12:52:29,430 [httpx] INFO: HTTP Request: GET http://community_service:8006/communities/6 "HTTP/1.1 200 OK"
2026-04-05 12:52:29,439 [app.kafka_producer] INFO: Sent to thread-events: {'event': 'thread_in_community', 'user_id': 6, 'type': 'community_thread', 'message': "noah posted 'Rust for Python developers' in your community 'Mobile App Builders'", 'reference_id': 14}
2026-04-05 12:52:29,441 [app.kafka_producer] INFO: Sent to thread-events: {'broadcast': True, 'type': 'new_thread', 'thread': {'id': 14, 'title': 'Rust for Python developers', 'description': 'Making the jump from Python to Rust. What concepts transfer and what is completely new?', 'tags': ['rust', 'python', 'programming'], 'status': 'open', 'community_id': 6, 'author': {'id': 14, 'username': 'noah', 'avatar': None}, 'created_at': '2026-04-05 12:52:29.420631', 'updated_at': '2026-04-05 12:52:29.420631'}}
2026-04-05 12:52:29,467 [httpx] INFO: HTTP Request: GET http://user_service:8002/users/15 "HTTP/1.1 200 OK"
2026-04-05 12:52:29,483 [httpx] INFO: HTTP Request: GET http://community_service:8006/communities/7 "HTTP/1.1 200 OK"
2026-04-05 12:52:29,490 [app.kafka_producer] INFO: Sent to thread-events: {'event': 'thread_in_community', 'user_id': 7, 'type': 'community_thread', 'message': "olivia posted 'CI/CD pipeline best practices' in your community 'Cloud Architecture'", 'reference_id': 15}
2026-04-05 12:52:29,492 [app.kafka_producer] INFO: Sent to thread-events: {'broadcast': True, 'type': 'new_thread', 'thread': {'id': 15, 'title': 'CI/CD pipeline best practices', 'description': 'GitHub Actions, Jenkins, GitLab CI — share your battle-tested pipeline configurations.', 'tags': ['ci-cd', 'automation', 'devops'], 'status': 'open', 'community_id': 7, 'author': {'id': 15, 'username': 'olivia', 'avatar': None}, 'created_at': '2026-04-05 12:52:29.473546', 'updated_at': '2026-04-05 12:52:29.473546'}}
2026-04-05 12:52:29,517 [httpx] INFO: HTTP Request: GET http://user_service:8002/users/16 "HTTP/1.1 200 OK"
2026-04-05 12:52:29,533 [httpx] INFO: HTTP Request: GET http://community_service:8006/communities/8 "HTTP/1.1 200 OK"
2026-04-05 12:52:29,542 [app.kafka_producer] INFO: Sent to thread-events: {'event': 'thread_in_community', 'user_id': 8, 'type': 'community_thread', 'message': "peter posted 'Database migration strategies' in your community 'Cybersecurity Hub'", 'reference_id': 16}
2026-04-05 12:52:29,544 [app.kafka_producer] INFO: Sent to thread-events: {'broadcast': True, 'type': 'new_thread', 'thread': {'id': 16, 'title': 'Database migration strategies', 'description': 'Alembic, Flyway, zero-downtime migrations — how do you handle schema changes in production?', 'tags': ['database', 'migrations', 'backend'], 'status': 'open', 'community_id': 8, 'author': {'id': 16, 'username': 'peter', 'avatar': None}, 'created_at': '2026-04-05 12:52:29.523078', 'updated_at': '2026-04-05 12:52:29.523078'}}
2026-04-05 12:52:29,569 [httpx] INFO: HTTP Request: GET http://user_service:8002/users/17 "HTTP/1.1 200 OK"
2026-04-05 12:52:29,585 [httpx] INFO: HTTP Request: GET http://community_service:8006/communities/1 "HTTP/1.1 200 OK"
2026-04-05 12:52:29,594 [app.kafka_producer] INFO: Sent to thread-events: {'event': 'thread_in_community', 'user_id': 1, 'type': 'community_thread', 'message': "quinn posted 'Authentication patterns in microservices' in your community 'Python Developers'", 'reference_id': 17}
2026-04-05 12:52:29,597 [app.kafka_producer] INFO: Sent to thread-events: {'broadcast': True, 'type': 'new_thread', 'thread': {'id': 17, 'title': 'Authentication patterns in microservices', 'description': 'JWT, OAuth2, API keys, service mesh — securing inter-service communication.', 'tags': ['authentication', 'security', 'microservices'], 'status': 'open', 'community_id': 1, 'author': {'id': 17, 'username': 'quinn', 'avatar': None}, 'created_at': '2026-04-05 12:52:29.575031', 'updated_at': '2026-04-05 12:52:29.575031'}}
2026-04-05 12:52:29,623 [httpx] INFO: HTTP Request: GET http://user_service:8002/users/18 "HTTP/1.1 200 OK"
2026-04-05 12:52:29,639 [httpx] INFO: HTTP Request: GET http://community_service:8006/communities/2 "HTTP/1.1 200 OK"
2026-04-05 12:52:29,650 [app.kafka_producer] INFO: Sent to thread-events: {'event': 'thread_in_community', 'user_id': 2, 'type': 'community_thread', 'message': "rachel posted 'Frontend state management in 2026' in your community 'Web Dev Hub'", 'reference_id': 18}
2026-04-05 12:52:29,652 [app.kafka_producer] INFO: Sent to thread-events: {'broadcast': True, 'type': 'new_thread', 'thread': {'id': 18, 'title': 'Frontend state management in 2026', 'description': 'Redux, Zustand, Jotai, Signals — which state management solution do you prefer and why?', 'tags': ['frontend', 'state-management', 'react'], 'status': 'open', 'community_id': 2, 'author': {'id': 18, 'username': 'rachel', 'avatar': None}, 'created_at': '2026-04-05 12:52:29.629716', 'updated_at': '2026-04-05 12:52:29.629716'}}
2026-04-05 12:52:29,676 [httpx] INFO: HTTP Request: GET http://user_service:8002/users/19 "HTTP/1.1 200 OK"
2026-04-05 12:52:29,693 [httpx] INFO: HTTP Request: GET http://community_service:8006/communities/3 "HTTP/1.1 200 OK"
2026-04-05 12:52:29,702 [app.kafka_producer] INFO: Sent to thread-events: {'event': 'thread_in_community', 'user_id': 3, 'type': 'community_thread', 'message': "sam posted 'Monitoring and observability stack' in your community 'Data Science Lab'", 'reference_id': 19}
2026-04-05 12:52:29,704 [app.kafka_producer] INFO: Sent to thread-events: {'broadcast': True, 'type': 'new_thread', 'thread': {'id': 19, 'title': 'Monitoring and observability stack', 'description': 'Prometheus, Grafana, ELK, Jaeger — how do you monitor your services in production?', 'tags': ['monitoring', 'observability', 'devops'], 'status': 'open', 'community_id': 3, 'author': {'id': 19, 'username': 'sam', 'avatar': None}, 'created_at': '2026-04-05 12:52:29.682267', 'updated_at': '2026-04-05 12:52:29.682267'}}
2026-04-05 12:52:29,730 [httpx] INFO: HTTP Request: GET http://user_service:8002/users/20 "HTTP/1.1 200 OK"
2026-04-05 12:52:29,748 [httpx] INFO: HTTP Request: GET http://community_service:8006/communities/4 "HTTP/1.1 200 OK"
2026-04-05 12:52:29,756 [app.kafka_producer] INFO: Sent to thread-events: {'event': 'thread_in_community', 'user_id': 4, 'type': 'community_thread', 'message': "tina posted 'Building a design system from scratch' in your community 'DevOps Corner'", 'reference_id': 20}
2026-04-05 12:52:29,758 [app.kafka_producer] INFO: Sent to thread-events: {'broadcast': True, 'type': 'new_thread', 'thread': {'id': 20, 'title': 'Building a design system from scratch', 'description': 'Component libraries, tokens, accessibility — share your experience building design systems.', 'tags': ['design-system', 'ui-ux', 'frontend'], 'status': 'open', 'community_id': 4, 'author': {'id': 20, 'username': 'tina', 'avatar': None}, 'created_at': '2026-04-05 12:52:29.736573', 'updated_at': '2026-04-05 12:52:29.736573'}}
2026-04-05 12:52:29,830 [app.kafka_producer] INFO: Sent to thread-events: {'broadcast': True, 'type': 'thread_like_update', 'thread_id': 1, 'like_count': 1}
2026-04-05 12:52:29,834 [app.kafka_producer] INFO: Sent to thread-events: {'event': 'thread_liked', 'user_id': 1, 'actor_id': 6, 'type': 'thread_like', 'message': 'frank liked your thread', 'reference_id': 1}
2026-04-05 12:52:29,859 [app.kafka_producer] INFO: Sent to thread-events: {'broadcast': True, 'type': 'thread_like_update', 'thread_id': 1, 'like_count': 2}
2026-04-05 12:52:29,862 [app.kafka_producer] INFO: Sent to thread-events: {'event': 'thread_liked', 'user_id': 1, 'actor_id': 10, 'type': 'thread_like', 'message': 'jack liked your thread', 'reference_id': 1}
2026-04-05 12:52:29,888 [app.kafka_producer] INFO: Sent to thread-events: {'broadcast': True, 'type': 'thread_like_update', 'thread_id': 1, 'like_count': 3}
2026-04-05 12:52:29,893 [app.kafka_producer] INFO: Sent to thread-events: {'event': 'thread_liked', 'user_id': 1, 'actor_id': 13, 'type': 'thread_like', 'message': 'mia liked your thread', 'reference_id': 1}
2026-04-05 12:52:29,916 [app.kafka_producer] INFO: Sent to thread-events: {'broadcast': True, 'type': 'thread_like_update', 'thread_id': 1, 'like_count': 4}
2026-04-05 12:52:29,920 [app.kafka_producer] INFO: Sent to thread-events: {'event': 'thread_liked', 'user_id': 1, 'actor_id': 2, 'type': 'thread_like', 'message': 'bob liked your thread', 'reference_id': 1}
2026-04-05 12:52:29,944 [app.kafka_producer] INFO: Sent to thread-events: {'broadcast': True, 'type': 'thread_like_update', 'thread_id': 1, 'like_count': 5}
2026-04-05 12:52:29,947 [app.kafka_producer] INFO: Sent to thread-events: {'event': 'thread_liked', 'user_id': 1, 'actor_id': 17, 'type': 'thread_like', 'message': 'quinn liked your thread', 'reference_id': 1}
2026-04-05 12:52:29,971 [app.kafka_producer] INFO: Sent to thread-events: {'broadcast': True, 'type': 'thread_like_update', 'thread_id': 2, 'like_count': 1}
2026-04-05 12:52:29,975 [app.kafka_producer] INFO: Sent to thread-events: {'event': 'thread_liked', 'user_id': 2, 'actor_id': 19, 'type': 'thread_like', 'message': 'sam liked your thread', 'reference_id': 2}
2026-04-05 12:52:29,999 [app.kafka_producer] INFO: Sent to thread-events: {'broadcast': True, 'type': 'thread_like_update', 'thread_id': 2, 'like_count': 2}
2026-04-05 12:52:30,003 [app.kafka_producer] INFO: Sent to thread-events: {'event': 'thread_liked', 'user_id': 2, 'actor_id': 9, 'type': 'thread_like', 'message': 'ivy liked your thread', 'reference_id': 2}
2026-04-05 12:52:30,027 [app.kafka_producer] INFO: Sent to thread-events: {'broadcast': True, 'type': 'thread_like_update', 'thread_id': 2, 'like_count': 3}
2026-04-05 12:52:30,032 [app.kafka_producer] INFO: Sent to thread-events: {'event': 'thread_liked', 'user_id': 2, 'actor_id': 5, 'type': 'thread_like', 'message': 'eve liked your thread', 'reference_id': 2}
2026-04-05 12:52:30,057 [app.kafka_producer] INFO: Sent to thread-events: {'broadcast': True, 'type': 'thread_like_update', 'thread_id': 2, 'like_count': 4}
2026-04-05 12:52:30,061 [app.kafka_producer] INFO: Sent to thread-events: {'event': 'thread_liked', 'user_id': 2, 'actor_id': 20, 'type': 'thread_like', 'message': 'tina liked your thread', 'reference_id': 2}
2026-04-05 12:52:30,085 [app.kafka_producer] INFO: Sent to thread-events: {'broadcast': True, 'type': 'thread_like_update', 'thread_id': 2, 'like_count': 5}
2026-04-05 12:52:30,089 [app.kafka_producer] INFO: Sent to thread-events: {'event': 'thread_liked', 'user_id': 2, 'actor_id': 16, 'type': 'thread_like', 'message': 'peter liked your thread', 'reference_id': 2}
2026-04-05 12:52:30,114 [app.kafka_producer] INFO: Sent to thread-events: {'broadcast': True, 'type': 'thread_like_update', 'thread_id': 2, 'like_count': 6}
2026-04-05 12:52:30,117 [app.kafka_producer] INFO: Sent to thread-events: {'event': 'thread_liked', 'user_id': 2, 'actor_id': 1, 'type': 'thread_like', 'message': 'alice liked your thread', 'reference_id': 2}
2026-04-05 12:52:30,140 [app.kafka_producer] INFO: Sent to thread-events: {'broadcast': True, 'type': 'thread_like_update', 'thread_id': 2, 'like_count': 7}
2026-04-05 12:52:30,145 [app.kafka_producer] INFO: Sent to thread-events: {'event': 'thread_liked', 'user_id': 2, 'actor_id': 15, 'type': 'thread_like', 'message': 'olivia liked your thread', 'reference_id': 2}
2026-04-05 12:52:30,168 [app.kafka_producer] INFO: Sent to thread-events: {'broadcast': True, 'type': 'thread_like_update', 'thread_id': 3, 'like_count': 1}
2026-04-05 12:52:30,171 [app.kafka_producer] INFO: Sent to thread-events: {'event': 'thread_liked', 'user_id': 3, 'actor_id': 7, 'type': 'thread_like', 'message': 'grace liked your thread', 'reference_id': 3}
2026-04-05 12:52:30,195 [app.kafka_producer] INFO: Sent to thread-events: {'broadcast': True, 'type': 'thread_like_update', 'thread_id': 3, 'like_count': 2}
2026-04-05 12:52:30,199 [app.kafka_producer] INFO: Sent to thread-events: {'event': 'thread_liked', 'user_id': 3, 'actor_id': 20, 'type': 'thread_like', 'message': 'tina liked your thread', 'reference_id': 3}
2026-04-05 12:52:30,223 [app.kafka_producer] INFO: Sent to thread-events: {'broadcast': True, 'type': 'thread_like_update', 'thread_id': 3, 'like_count': 3}
2026-04-05 12:52:30,227 [app.kafka_producer] INFO: Sent to thread-events: {'event': 'thread_liked', 'user_id': 3, 'actor_id': 18, 'type': 'thread_like', 'message': 'rachel liked your thread', 'reference_id': 3}
2026-04-05 12:52:30,252 [app.kafka_producer] INFO: Sent to thread-events: {'broadcast': True, 'type': 'thread_like_update', 'thread_id': 3, 'like_count': 4}
2026-04-05 12:52:30,256 [app.kafka_producer] INFO: Sent to thread-events: {'event': 'thread_liked', 'user_id': 3, 'actor_id': 6, 'type': 'thread_like', 'message': 'frank liked your thread', 'reference_id': 3}
2026-04-05 12:52:30,281 [app.kafka_producer] INFO: Sent to thread-events: {'broadcast': True, 'type': 'thread_like_update', 'thread_id': 3, 'like_count': 5}
2026-04-05 12:52:30,307 [app.kafka_producer] INFO: Sent to thread-events: {'broadcast': True, 'type': 'thread_like_update', 'thread_id': 4, 'like_count': 1}
2026-04-05 12:52:30,332 [app.kafka_producer] INFO: Sent to thread-events: {'broadcast': True, 'type': 'thread_like_update', 'thread_id': 4, 'like_count': 2}
2026-04-05 12:52:30,338 [app.kafka_producer] INFO: Sent to thread-events: {'event': 'thread_liked', 'user_id': 4, 'actor_id': 1, 'type': 'thread_like', 'message': 'alice liked your thread', 'reference_id': 4}
2026-04-05 12:52:30,363 [app.kafka_producer] INFO: Sent to thread-events: {'broadcast': True, 'type': 'thread_like_update', 'thread_id': 4, 'like_count': 3}
2026-04-05 12:52:30,367 [app.kafka_producer] INFO: Sent to thread-events: {'event': 'thread_liked', 'user_id': 4, 'actor_id': 18, 'type': 'thread_like', 'message': 'rachel liked your thread', 'reference_id': 4}
2026-04-05 12:52:30,393 [app.kafka_producer] INFO: Sent to thread-events: {'broadcast': True, 'type': 'thread_like_update', 'thread_id': 4, 'like_count': 4}
2026-04-05 12:52:30,397 [app.kafka_producer] INFO: Sent to thread-events: {'event': 'thread_liked', 'user_id': 4, 'actor_id': 20, 'type': 'thread_like', 'message': 'tina liked your thread', 'reference_id': 4}
2026-04-05 12:52:30,425 [app.kafka_producer] INFO: Sent to thread-events: {'broadcast': True, 'type': 'thread_like_update', 'thread_id': 4, 'like_count': 5}
2026-04-05 12:52:30,430 [app.kafka_producer] INFO: Sent to thread-events: {'event': 'thread_liked', 'user_id': 4, 'actor_id': 6, 'type': 'thread_like', 'message': 'frank liked your thread', 'reference_id': 4}
2026-04-05 12:52:30,454 [app.kafka_producer] INFO: Sent to thread-events: {'broadcast': True, 'type': 'thread_like_update', 'thread_id': 4, 'like_count': 6}
2026-04-05 12:52:30,458 [app.kafka_producer] INFO: Sent to thread-events: {'event': 'thread_liked', 'user_id': 4, 'actor_id': 10, 'type': 'thread_like', 'message': 'jack liked your thread', 'reference_id': 4}
2026-04-05 12:52:30,486 [app.kafka_producer] INFO: Sent to thread-events: {'broadcast': True, 'type': 'thread_like_update', 'thread_id': 5, 'like_count': 1}
2026-04-05 12:52:30,489 [app.kafka_producer] INFO: Sent to thread-events: {'event': 'thread_liked', 'user_id': 5, 'actor_id': 9, 'type': 'thread_like', 'message': 'ivy liked your thread', 'reference_id': 5}
2026-04-05 12:52:30,518 [app.kafka_producer] INFO: Sent to thread-events: {'broadcast': True, 'type': 'thread_like_update', 'thread_id': 5, 'like_count': 2}
2026-04-05 12:52:30,521 [app.kafka_producer] INFO: Sent to thread-events: {'event': 'thread_liked', 'user_id': 5, 'actor_id': 7, 'type': 'thread_like', 'message': 'grace liked your thread', 'reference_id': 5}
2026-04-05 12:52:30,548 [app.kafka_producer] INFO: Sent to thread-events: {'broadcast': True, 'type': 'thread_like_update', 'thread_id': 5, 'like_count': 3}
2026-04-05 12:52:30,552 [app.kafka_producer] INFO: Sent to thread-events: {'event': 'thread_liked', 'user_id': 5, 'actor_id': 14, 'type': 'thread_like', 'message': 'noah liked your thread', 'reference_id': 5}
2026-04-05 12:52:30,579 [app.kafka_producer] INFO: Sent to thread-events: {'broadcast': True, 'type': 'thread_like_update', 'thread_id': 5, 'like_count': 4}
2026-04-05 12:52:30,584 [app.kafka_producer] INFO: Sent to thread-events: {'event': 'thread_liked', 'user_id': 5, 'actor_id': 19, 'type': 'thread_like', 'message': 'sam liked your thread', 'reference_id': 5}
2026-04-05 12:52:30,611 [app.kafka_producer] INFO: Sent to thread-events: {'broadcast': True, 'type': 'thread_like_update', 'thread_id': 5, 'like_count': 5}
2026-04-05 12:52:30,616 [app.kafka_producer] INFO: Sent to thread-events: {'event': 'thread_liked', 'user_id': 5, 'actor_id': 13, 'type': 'thread_like', 'message': 'mia liked your thread', 'reference_id': 5}
2026-04-05 12:52:30,642 [app.kafka_producer] INFO: Sent to thread-events: {'broadcast': True, 'type': 'thread_like_update', 'thread_id': 5, 'like_count': 6}
2026-04-05 12:52:30,646 [app.kafka_producer] INFO: Sent to thread-events: {'event': 'thread_liked', 'user_id': 5, 'actor_id': 4, 'type': 'thread_like', 'message': 'diana liked your thread', 'reference_id': 5}
2026-04-05 12:52:30,697 [app.kafka_producer] INFO: Sent to thread-events: {'broadcast': True, 'type': 'thread_like_update', 'thread_id': 5, 'like_count': 7}
2026-04-05 12:52:30,726 [app.kafka_producer] INFO: Sent to thread-events: {'broadcast': True, 'type': 'thread_like_update', 'thread_id': 6, 'like_count': 1}
2026-04-05 12:52:30,751 [app.kafka_producer] INFO: Sent to thread-events: {'broadcast': True, 'type': 'thread_like_update', 'thread_id': 6, 'like_count': 2}
2026-04-05 12:52:30,758 [app.kafka_producer] INFO: Sent to thread-events: {'event': 'thread_liked', 'user_id': 6, 'actor_id': 5, 'type': 'thread_like', 'message': 'eve liked your thread', 'reference_id': 6}
2026-04-05 12:52:30,785 [app.kafka_producer] INFO: Sent to thread-events: {'broadcast': True, 'type': 'thread_like_update', 'thread_id': 6, 'like_count': 3}
2026-04-05 12:52:30,789 [app.kafka_producer] INFO: Sent to thread-events: {'event': 'thread_liked', 'user_id': 6, 'actor_id': 17, 'type': 'thread_like', 'message': 'quinn liked your thread', 'reference_id': 6}
2026-04-05 12:52:30,818 [app.kafka_producer] INFO: Sent to thread-events: {'broadcast': True, 'type': 'thread_like_update', 'thread_id': 6, 'like_count': 4}
2026-04-05 12:52:30,822 [app.kafka_producer] INFO: Sent to thread-events: {'event': 'thread_liked', 'user_id': 6, 'actor_id': 13, 'type': 'thread_like', 'message': 'mia liked your thread', 'reference_id': 6}
2026-04-05 12:52:30,850 [app.kafka_producer] INFO: Sent to thread-events: {'broadcast': True, 'type': 'thread_like_update', 'thread_id': 6, 'like_count': 5}
2026-04-05 12:52:30,854 [app.kafka_producer] INFO: Sent to thread-events: {'event': 'thread_liked', 'user_id': 6, 'actor_id': 9, 'type': 'thread_like', 'message': 'ivy liked your thread', 'reference_id': 6}
2026-04-05 12:52:30,881 [app.kafka_producer] INFO: Sent to thread-events: {'broadcast': True, 'type': 'thread_like_update', 'thread_id': 6, 'like_count': 6}
2026-04-05 12:52:30,884 [app.kafka_producer] INFO: Sent to thread-events: {'event': 'thread_liked', 'user_id': 6, 'actor_id': 7, 'type': 'thread_like', 'message': 'grace liked your thread', 'reference_id': 6}
2026-04-05 12:52:30,910 [app.kafka_producer] INFO: Sent to thread-events: {'broadcast': True, 'type': 'thread_like_update', 'thread_id': 6, 'like_count': 7}
2026-04-05 12:52:30,915 [app.kafka_producer] INFO: Sent to thread-events: {'event': 'thread_liked', 'user_id': 6, 'actor_id': 4, 'type': 'thread_like', 'message': 'diana liked your thread', 'reference_id': 6}
2026-04-05 12:52:30,938 [app.kafka_producer] INFO: Sent to thread-events: {'broadcast': True, 'type': 'thread_like_update', 'thread_id': 6, 'like_count': 8}
2026-04-05 12:52:30,942 [app.kafka_producer] INFO: Sent to thread-events: {'event': 'thread_liked', 'user_id': 6, 'actor_id': 1, 'type': 'thread_like', 'message': 'alice liked your thread', 'reference_id': 6}
2026-04-05 12:52:30,971 [app.kafka_producer] INFO: Sent to thread-events: {'broadcast': True, 'type': 'thread_like_update', 'thread_id': 7, 'like_count': 1}
2026-04-05 12:52:30,977 [app.kafka_producer] INFO: Sent to thread-events: {'event': 'thread_liked', 'user_id': 7, 'actor_id': 11, 'type': 'thread_like', 'message': 'karen liked your thread', 'reference_id': 7}
2026-04-05 12:52:31,009 [app.kafka_producer] INFO: Sent to thread-events: {'broadcast': True, 'type': 'thread_like_update', 'thread_id': 7, 'like_count': 2}
2026-04-05 12:52:31,015 [app.kafka_producer] INFO: Sent to thread-events: {'event': 'thread_liked', 'user_id': 7, 'actor_id': 1, 'type': 'thread_like', 'message': 'alice liked your thread', 'reference_id': 7}
2026-04-05 12:52:31,044 [app.kafka_producer] INFO: Sent to thread-events: {'broadcast': True, 'type': 'thread_like_update', 'thread_id': 7, 'like_count': 3}
2026-04-05 12:52:31,050 [app.kafka_producer] INFO: Sent to thread-events: {'event': 'thread_liked', 'user_id': 7, 'actor_id': 12, 'type': 'thread_like', 'message': 'leo liked your thread', 'reference_id': 7}
2026-04-05 12:52:31,076 [app.kafka_producer] INFO: Sent to thread-events: {'broadcast': True, 'type': 'thread_like_update', 'thread_id': 8, 'like_count': 1}
2026-04-05 12:52:31,079 [app.kafka_producer] INFO: Sent to thread-events: {'event': 'thread_liked', 'user_id': 8, 'actor_id': 1, 'type': 'thread_like', 'message': 'alice liked your thread', 'reference_id': 8}
2026-04-05 12:52:31,108 [app.kafka_producer] INFO: Sent to thread-events: {'broadcast': True, 'type': 'thread_like_update', 'thread_id': 8, 'like_count': 2}
2026-04-05 12:52:31,112 [app.kafka_producer] INFO: Sent to thread-events: {'event': 'thread_liked', 'user_id': 8, 'actor_id': 5, 'type': 'thread_like', 'message': 'eve liked your thread', 'reference_id': 8}
2026-04-05 12:52:31,137 [app.kafka_producer] INFO: Sent to thread-events: {'broadcast': True, 'type': 'thread_like_update', 'thread_id': 8, 'like_count': 3}
2026-04-05 12:52:31,142 [app.kafka_producer] INFO: Sent to thread-events: {'event': 'thread_liked', 'user_id': 8, 'actor_id': 9, 'type': 'thread_like', 'message': 'ivy liked your thread', 'reference_id': 8}
2026-04-05 12:52:31,168 [app.kafka_producer] INFO: Sent to thread-events: {'broadcast': True, 'type': 'thread_like_update', 'thread_id': 8, 'like_count': 4}
2026-04-05 12:52:31,195 [app.kafka_producer] INFO: Sent to thread-events: {'broadcast': True, 'type': 'thread_like_update', 'thread_id': 8, 'like_count': 5}
2026-04-05 12:52:31,199 [app.kafka_producer] INFO: Sent to thread-events: {'event': 'thread_liked', 'user_id': 8, 'actor_id': 7, 'type': 'thread_like', 'message': 'grace liked your thread', 'reference_id': 8}
2026-04-05 12:52:31,225 [app.kafka_producer] INFO: Sent to thread-events: {'broadcast': True, 'type': 'thread_like_update', 'thread_id': 8, 'like_count': 6}
2026-04-05 12:52:31,229 [app.kafka_producer] INFO: Sent to thread-events: {'event': 'thread_liked', 'user_id': 8, 'actor_id': 16, 'type': 'thread_like', 'message': 'peter liked your thread', 'reference_id': 8}
2026-04-05 12:52:31,258 [app.kafka_producer] INFO: Sent to thread-events: {'broadcast': True, 'type': 'thread_like_update', 'thread_id': 8, 'like_count': 7}
2026-04-05 12:52:31,262 [app.kafka_producer] INFO: Sent to thread-events: {'event': 'thread_liked', 'user_id': 8, 'actor_id': 18, 'type': 'thread_like', 'message': 'rachel liked your thread', 'reference_id': 8}
2026-04-05 12:52:31,285 [app.kafka_producer] INFO: Sent to thread-events: {'broadcast': True, 'type': 'thread_like_update', 'thread_id': 8, 'like_count': 8}
2026-04-05 12:52:31,288 [app.kafka_producer] INFO: Sent to thread-events: {'event': 'thread_liked', 'user_id': 8, 'actor_id': 15, 'type': 'thread_like', 'message': 'olivia liked your thread', 'reference_id': 8}
2026-04-05 12:52:31,312 [app.kafka_producer] INFO: Sent to thread-events: {'broadcast': True, 'type': 'thread_like_update', 'thread_id': 9, 'like_count': 1}
2026-04-05 12:52:31,336 [app.kafka_producer] INFO: Sent to thread-events: {'broadcast': True, 'type': 'thread_like_update', 'thread_id': 9, 'like_count': 2}
2026-04-05 12:52:31,340 [app.kafka_producer] INFO: Sent to thread-events: {'event': 'thread_liked', 'user_id': 9, 'actor_id': 15, 'type': 'thread_like', 'message': 'olivia liked your thread', 'reference_id': 9}
2026-04-05 12:52:31,364 [app.kafka_producer] INFO: Sent to thread-events: {'broadcast': True, 'type': 'thread_like_update', 'thread_id': 9, 'like_count': 3}
2026-04-05 12:52:31,367 [app.kafka_producer] INFO: Sent to thread-events: {'event': 'thread_liked', 'user_id': 9, 'actor_id': 8, 'type': 'thread_like', 'message': 'henry liked your thread', 'reference_id': 9}
2026-04-05 12:52:31,390 [app.kafka_producer] INFO: Sent to thread-events: {'broadcast': True, 'type': 'thread_like_update', 'thread_id': 9, 'like_count': 4}
2026-04-05 12:52:31,394 [app.kafka_producer] INFO: Sent to thread-events: {'event': 'thread_liked', 'user_id': 9, 'actor_id': 11, 'type': 'thread_like', 'message': 'karen liked your thread', 'reference_id': 9}
2026-04-05 12:52:31,417 [app.kafka_producer] INFO: Sent to thread-events: {'broadcast': True, 'type': 'thread_like_update', 'thread_id': 9, 'like_count': 5}
2026-04-05 12:52:31,420 [app.kafka_producer] INFO: Sent to thread-events: {'event': 'thread_liked', 'user_id': 9, 'actor_id': 13, 'type': 'thread_like', 'message': 'mia liked your thread', 'reference_id': 9}
2026-04-05 12:52:31,443 [app.kafka_producer] INFO: Sent to thread-events: {'broadcast': True, 'type': 'thread_like_update', 'thread_id': 10, 'like_count': 1}
2026-04-05 12:52:31,446 [app.kafka_producer] INFO: Sent to thread-events: {'event': 'thread_liked', 'user_id': 10, 'actor_id': 8, 'type': 'thread_like', 'message': 'henry liked your thread', 'reference_id': 10}
2026-04-05 12:52:31,470 [app.kafka_producer] INFO: Sent to thread-events: {'broadcast': True, 'type': 'thread_like_update', 'thread_id': 10, 'like_count': 2}
2026-04-05 12:52:31,473 [app.kafka_producer] INFO: Sent to thread-events: {'event': 'thread_liked', 'user_id': 10, 'actor_id': 18, 'type': 'thread_like', 'message': 'rachel liked your thread', 'reference_id': 10}
2026-04-05 12:52:31,500 [app.kafka_producer] INFO: Sent to thread-events: {'broadcast': True, 'type': 'thread_like_update', 'thread_id': 10, 'like_count': 3}
2026-04-05 12:52:31,504 [app.kafka_producer] INFO: Sent to thread-events: {'event': 'thread_liked', 'user_id': 10, 'actor_id': 6, 'type': 'thread_like', 'message': 'frank liked your thread', 'reference_id': 10}
2026-04-05 12:52:31,528 [app.kafka_producer] INFO: Sent to thread-events: {'broadcast': True, 'type': 'thread_like_update', 'thread_id': 11, 'like_count': 1}
2026-04-05 12:52:31,532 [app.kafka_producer] INFO: Sent to thread-events: {'event': 'thread_liked', 'user_id': 11, 'actor_id': 19, 'type': 'thread_like', 'message': 'sam liked your thread', 'reference_id': 11}
2026-04-05 12:52:31,556 [app.kafka_producer] INFO: Sent to thread-events: {'broadcast': True, 'type': 'thread_like_update', 'thread_id': 11, 'like_count': 2}
2026-04-05 12:52:31,559 [app.kafka_producer] INFO: Sent to thread-events: {'event': 'thread_liked', 'user_id': 11, 'actor_id': 12, 'type': 'thread_like', 'message': 'leo liked your thread', 'reference_id': 11}
2026-04-05 12:52:31,607 [app.kafka_producer] INFO: Sent to thread-events: {'broadcast': True, 'type': 'thread_like_update', 'thread_id': 11, 'like_count': 3}
2026-04-05 12:52:31,610 [app.kafka_producer] INFO: Sent to thread-events: {'event': 'thread_liked', 'user_id': 11, 'actor_id': 15, 'type': 'thread_like', 'message': 'olivia liked your thread', 'reference_id': 11}
2026-04-05 12:52:31,633 [app.kafka_producer] INFO: Sent to thread-events: {'broadcast': True, 'type': 'thread_like_update', 'thread_id': 12, 'like_count': 1}
2026-04-05 12:52:31,635 [app.kafka_producer] INFO: Sent to thread-events: {'event': 'thread_liked', 'user_id': 12, 'actor_id': 17, 'type': 'thread_like', 'message': 'quinn liked your thread', 'reference_id': 12}
2026-04-05 12:52:31,658 [app.kafka_producer] INFO: Sent to thread-events: {'broadcast': True, 'type': 'thread_like_update', 'thread_id': 12, 'like_count': 2}
2026-04-05 12:52:31,661 [app.kafka_producer] INFO: Sent to thread-events: {'event': 'thread_liked', 'user_id': 12, 'actor_id': 6, 'type': 'thread_like', 'message': 'frank liked your thread', 'reference_id': 12}
2026-04-05 12:52:31,684 [app.kafka_producer] INFO: Sent to thread-events: {'broadcast': True, 'type': 'thread_like_update', 'thread_id': 12, 'like_count': 3}
2026-04-05 12:52:31,687 [app.kafka_producer] INFO: Sent to thread-events: {'event': 'thread_liked', 'user_id': 12, 'actor_id': 2, 'type': 'thread_like', 'message': 'bob liked your thread', 'reference_id': 12}
2026-04-05 12:52:31,711 [app.kafka_producer] INFO: Sent to thread-events: {'broadcast': True, 'type': 'thread_like_update', 'thread_id': 12, 'like_count': 4}
2026-04-05 12:52:31,715 [app.kafka_producer] INFO: Sent to thread-events: {'event': 'thread_liked', 'user_id': 12, 'actor_id': 19, 'type': 'thread_like', 'message': 'sam liked your thread', 'reference_id': 12}
2026-04-05 12:52:31,738 [app.kafka_producer] INFO: Sent to thread-events: {'broadcast': True, 'type': 'thread_like_update', 'thread_id': 12, 'like_count': 5}
2026-04-05 12:52:31,741 [app.kafka_producer] INFO: Sent to thread-events: {'event': 'thread_liked', 'user_id': 12, 'actor_id': 11, 'type': 'thread_like', 'message': 'karen liked your thread', 'reference_id': 12}
2026-04-05 12:52:31,765 [app.kafka_producer] INFO: Sent to thread-events: {'broadcast': True, 'type': 'thread_like_update', 'thread_id': 13, 'like_count': 1}
2026-04-05 12:52:31,768 [app.kafka_producer] INFO: Sent to thread-events: {'event': 'thread_liked', 'user_id': 13, 'actor_id': 14, 'type': 'thread_like', 'message': 'noah liked your thread', 'reference_id': 13}
2026-04-05 12:52:31,791 [app.kafka_producer] INFO: Sent to thread-events: {'broadcast': True, 'type': 'thread_like_update', 'thread_id': 13, 'like_count': 2}
2026-04-05 12:52:31,794 [app.kafka_producer] INFO: Sent to thread-events: {'event': 'thread_liked', 'user_id': 13, 'actor_id': 11, 'type': 'thread_like', 'message': 'karen liked your thread', 'reference_id': 13}
2026-04-05 12:52:31,818 [app.kafka_producer] INFO: Sent to thread-events: {'broadcast': True, 'type': 'thread_like_update', 'thread_id': 13, 'like_count': 3}
2026-04-05 12:52:31,842 [app.kafka_producer] INFO: Sent to thread-events: {'broadcast': True, 'type': 'thread_like_update', 'thread_id': 13, 'like_count': 4}
2026-04-05 12:52:31,845 [app.kafka_producer] INFO: Sent to thread-events: {'event': 'thread_liked', 'user_id': 13, 'actor_id': 12, 'type': 'thread_like', 'message': 'leo liked your thread', 'reference_id': 13}
2026-04-05 12:52:31,869 [app.kafka_producer] INFO: Sent to thread-events: {'broadcast': True, 'type': 'thread_like_update', 'thread_id': 13, 'like_count': 5}
2026-04-05 12:52:31,872 [app.kafka_producer] INFO: Sent to thread-events: {'event': 'thread_liked', 'user_id': 13, 'actor_id': 1, 'type': 'thread_like', 'message': 'alice liked your thread', 'reference_id': 13}
2026-04-05 12:52:31,893 [app.kafka_producer] INFO: Sent to thread-events: {'broadcast': True, 'type': 'thread_like_update', 'thread_id': 13, 'like_count': 6}
2026-04-05 12:52:31,895 [app.kafka_producer] INFO: Sent to thread-events: {'event': 'thread_liked', 'user_id': 13, 'actor_id': 18, 'type': 'thread_like', 'message': 'rachel liked your thread', 'reference_id': 13}
2026-04-05 12:52:31,920 [app.kafka_producer] INFO: Sent to thread-events: {'broadcast': True, 'type': 'thread_like_update', 'thread_id': 13, 'like_count': 7}
2026-04-05 12:52:31,923 [app.kafka_producer] INFO: Sent to thread-events: {'event': 'thread_liked', 'user_id': 13, 'actor_id': 17, 'type': 'thread_like', 'message': 'quinn liked your thread', 'reference_id': 13}
2026-04-05 12:52:31,945 [app.kafka_producer] INFO: Sent to thread-events: {'broadcast': True, 'type': 'thread_like_update', 'thread_id': 13, 'like_count': 8}
2026-04-05 12:52:31,948 [app.kafka_producer] INFO: Sent to thread-events: {'event': 'thread_liked', 'user_id': 13, 'actor_id': 10, 'type': 'thread_like', 'message': 'jack liked your thread', 'reference_id': 13}
2026-04-05 12:52:31,973 [app.kafka_producer] INFO: Sent to thread-events: {'broadcast': True, 'type': 'thread_like_update', 'thread_id': 14, 'like_count': 1}
2026-04-05 12:52:31,976 [app.kafka_producer] INFO: Sent to thread-events: {'event': 'thread_liked', 'user_id': 14, 'actor_id': 18, 'type': 'thread_like', 'message': 'rachel liked your thread', 'reference_id': 14}
2026-04-05 12:52:31,999 [app.kafka_producer] INFO: Sent to thread-events: {'broadcast': True, 'type': 'thread_like_update', 'thread_id': 14, 'like_count': 2}
2026-04-05 12:52:32,025 [app.kafka_producer] INFO: Sent to thread-events: {'broadcast': True, 'type': 'thread_like_update', 'thread_id': 14, 'like_count': 3}
2026-04-05 12:52:32,029 [app.kafka_producer] INFO: Sent to thread-events: {'event': 'thread_liked', 'user_id': 14, 'actor_id': 1, 'type': 'thread_like', 'message': 'alice liked your thread', 'reference_id': 14}
2026-04-05 12:52:32,049 [app.kafka_producer] INFO: Sent to thread-events: {'broadcast': True, 'type': 'thread_like_update', 'thread_id': 14, 'like_count': 4}
2026-04-05 12:52:32,053 [app.kafka_producer] INFO: Sent to thread-events: {'event': 'thread_liked', 'user_id': 14, 'actor_id': 16, 'type': 'thread_like', 'message': 'peter liked your thread', 'reference_id': 14}
2026-04-05 12:52:32,078 [app.kafka_producer] INFO: Sent to thread-events: {'broadcast': True, 'type': 'thread_like_update', 'thread_id': 14, 'like_count': 5}
2026-04-05 12:52:32,081 [app.kafka_producer] INFO: Sent to thread-events: {'event': 'thread_liked', 'user_id': 14, 'actor_id': 17, 'type': 'thread_like', 'message': 'quinn liked your thread', 'reference_id': 14}
2026-04-05 12:52:32,104 [app.kafka_producer] INFO: Sent to thread-events: {'broadcast': True, 'type': 'thread_like_update', 'thread_id': 14, 'like_count': 6}
2026-04-05 12:52:32,108 [app.kafka_producer] INFO: Sent to thread-events: {'event': 'thread_liked', 'user_id': 14, 'actor_id': 15, 'type': 'thread_like', 'message': 'olivia liked your thread', 'reference_id': 14}
2026-04-05 12:52:32,132 [app.kafka_producer] INFO: Sent to thread-events: {'broadcast': True, 'type': 'thread_like_update', 'thread_id': 14, 'like_count': 7}
2026-04-05 12:52:32,135 [app.kafka_producer] INFO: Sent to thread-events: {'event': 'thread_liked', 'user_id': 14, 'actor_id': 9, 'type': 'thread_like', 'message': 'ivy liked your thread', 'reference_id': 14}
2026-04-05 12:52:32,159 [app.kafka_producer] INFO: Sent to thread-events: {'broadcast': True, 'type': 'thread_like_update', 'thread_id': 15, 'like_count': 1}
2026-04-05 12:52:32,163 [app.kafka_producer] INFO: Sent to thread-events: {'event': 'thread_liked', 'user_id': 15, 'actor_id': 1, 'type': 'thread_like', 'message': 'alice liked your thread', 'reference_id': 15}
2026-04-05 12:52:32,186 [app.kafka_producer] INFO: Sent to thread-events: {'broadcast': True, 'type': 'thread_like_update', 'thread_id': 15, 'like_count': 2}
2026-04-05 12:52:32,189 [app.kafka_producer] INFO: Sent to thread-events: {'event': 'thread_liked', 'user_id': 15, 'actor_id': 12, 'type': 'thread_like', 'message': 'leo liked your thread', 'reference_id': 15}
2026-04-05 12:52:32,214 [app.kafka_producer] INFO: Sent to thread-events: {'broadcast': True, 'type': 'thread_like_update', 'thread_id': 15, 'like_count': 3}
2026-04-05 12:52:32,218 [app.kafka_producer] INFO: Sent to thread-events: {'event': 'thread_liked', 'user_id': 15, 'actor_id': 5, 'type': 'thread_like', 'message': 'eve liked your thread', 'reference_id': 15}
2026-04-05 12:52:32,240 [app.kafka_producer] INFO: Sent to thread-events: {'broadcast': True, 'type': 'thread_like_update', 'thread_id': 15, 'like_count': 4}
2026-04-05 12:52:32,242 [app.kafka_producer] INFO: Sent to thread-events: {'event': 'thread_liked', 'user_id': 15, 'actor_id': 7, 'type': 'thread_like', 'message': 'grace liked your thread', 'reference_id': 15}
2026-04-05 12:52:32,267 [app.kafka_producer] INFO: Sent to thread-events: {'broadcast': True, 'type': 'thread_like_update', 'thread_id': 15, 'like_count': 5}
2026-04-05 12:52:32,270 [app.kafka_producer] INFO: Sent to thread-events: {'event': 'thread_liked', 'user_id': 15, 'actor_id': 17, 'type': 'thread_like', 'message': 'quinn liked your thread', 'reference_id': 15}
2026-04-05 12:52:32,291 [app.kafka_producer] INFO: Sent to thread-events: {'broadcast': True, 'type': 'thread_like_update', 'thread_id': 16, 'like_count': 1}
2026-04-05 12:52:32,294 [app.kafka_producer] INFO: Sent to thread-events: {'event': 'thread_liked', 'user_id': 16, 'actor_id': 7, 'type': 'thread_like', 'message': 'grace liked your thread', 'reference_id': 16}
2026-04-05 12:52:32,320 [app.kafka_producer] INFO: Sent to thread-events: {'broadcast': True, 'type': 'thread_like_update', 'thread_id': 16, 'like_count': 2}
2026-04-05 12:52:32,323 [app.kafka_producer] INFO: Sent to thread-events: {'event': 'thread_liked', 'user_id': 16, 'actor_id': 8, 'type': 'thread_like', 'message': 'henry liked your thread', 'reference_id': 16}
2026-04-05 12:52:32,346 [app.kafka_producer] INFO: Sent to thread-events: {'broadcast': True, 'type': 'thread_like_update', 'thread_id': 16, 'like_count': 3}
2026-04-05 12:52:32,350 [app.kafka_producer] INFO: Sent to thread-events: {'event': 'thread_liked', 'user_id': 16, 'actor_id': 17, 'type': 'thread_like', 'message': 'quinn liked your thread', 'reference_id': 16}
2026-04-05 12:52:32,373 [app.kafka_producer] INFO: Sent to thread-events: {'broadcast': True, 'type': 'thread_like_update', 'thread_id': 16, 'like_count': 4}
2026-04-05 12:52:32,377 [app.kafka_producer] INFO: Sent to thread-events: {'event': 'thread_liked', 'user_id': 16, 'actor_id': 9, 'type': 'thread_like', 'message': 'ivy liked your thread', 'reference_id': 16}
2026-04-05 12:52:32,424 [app.kafka_producer] INFO: Sent to thread-events: {'broadcast': True, 'type': 'thread_like_update', 'thread_id': 17, 'like_count': 1}
2026-04-05 12:52:32,427 [app.kafka_producer] INFO: Sent to thread-events: {'event': 'thread_liked', 'user_id': 17, 'actor_id': 13, 'type': 'thread_like', 'message': 'mia liked your thread', 'reference_id': 17}
2026-04-05 12:52:32,451 [app.kafka_producer] INFO: Sent to thread-events: {'broadcast': True, 'type': 'thread_like_update', 'thread_id': 17, 'like_count': 2}
2026-04-05 12:52:32,454 [app.kafka_producer] INFO: Sent to thread-events: {'event': 'thread_liked', 'user_id': 17, 'actor_id': 20, 'type': 'thread_like', 'message': 'tina liked your thread', 'reference_id': 17}
2026-04-05 12:52:32,476 [app.kafka_producer] INFO: Sent to thread-events: {'broadcast': True, 'type': 'thread_like_update', 'thread_id': 17, 'like_count': 3}
2026-04-05 12:52:32,479 [app.kafka_producer] INFO: Sent to thread-events: {'event': 'thread_liked', 'user_id': 17, 'actor_id': 4, 'type': 'thread_like', 'message': 'diana liked your thread', 'reference_id': 17}
2026-04-05 12:52:32,502 [app.kafka_producer] INFO: Sent to thread-events: {'broadcast': True, 'type': 'thread_like_update', 'thread_id': 17, 'like_count': 4}
2026-04-05 12:52:32,505 [app.kafka_producer] INFO: Sent to thread-events: {'event': 'thread_liked', 'user_id': 17, 'actor_id': 2, 'type': 'thread_like', 'message': 'bob liked your thread', 'reference_id': 17}
2026-04-05 12:52:32,529 [app.kafka_producer] INFO: Sent to thread-events: {'broadcast': True, 'type': 'thread_like_update', 'thread_id': 17, 'like_count': 5}
2026-04-05 12:52:32,533 [app.kafka_producer] INFO: Sent to thread-events: {'event': 'thread_liked', 'user_id': 17, 'actor_id': 5, 'type': 'thread_like', 'message': 'eve liked your thread', 'reference_id': 17}
2026-04-05 12:52:32,557 [app.kafka_producer] INFO: Sent to thread-events: {'broadcast': True, 'type': 'thread_like_update', 'thread_id': 17, 'like_count': 6}
2026-04-05 12:52:32,562 [app.kafka_producer] INFO: Sent to thread-events: {'event': 'thread_liked', 'user_id': 17, 'actor_id': 8, 'type': 'thread_like', 'message': 'henry liked your thread', 'reference_id': 17}
2026-04-05 12:52:32,586 [app.kafka_producer] INFO: Sent to thread-events: {'broadcast': True, 'type': 'thread_like_update', 'thread_id': 17, 'like_count': 7}
2026-04-05 12:52:32,590 [app.kafka_producer] INFO: Sent to thread-events: {'event': 'thread_liked', 'user_id': 17, 'actor_id': 15, 'type': 'thread_like', 'message': 'olivia liked your thread', 'reference_id': 17}
2026-04-05 12:52:32,615 [app.kafka_producer] INFO: Sent to thread-events: {'broadcast': True, 'type': 'thread_like_update', 'thread_id': 17, 'like_count': 8}
2026-04-05 12:52:32,618 [app.kafka_producer] INFO: Sent to thread-events: {'event': 'thread_liked', 'user_id': 17, 'actor_id': 11, 'type': 'thread_like', 'message': 'karen liked your thread', 'reference_id': 17}
2026-04-05 12:52:32,642 [app.kafka_producer] INFO: Sent to thread-events: {'broadcast': True, 'type': 'thread_like_update', 'thread_id': 18, 'like_count': 1}
2026-04-05 12:52:32,667 [app.kafka_producer] INFO: Sent to thread-events: {'broadcast': True, 'type': 'thread_like_update', 'thread_id': 18, 'like_count': 2}
2026-04-05 12:52:32,670 [app.kafka_producer] INFO: Sent to thread-events: {'event': 'thread_liked', 'user_id': 18, 'actor_id': 16, 'type': 'thread_like', 'message': 'peter liked your thread', 'reference_id': 18}
2026-04-05 12:52:32,697 [app.kafka_producer] INFO: Sent to thread-events: {'broadcast': True, 'type': 'thread_like_update', 'thread_id': 18, 'like_count': 3}
2026-04-05 12:52:32,701 [app.kafka_producer] INFO: Sent to thread-events: {'event': 'thread_liked', 'user_id': 18, 'actor_id': 7, 'type': 'thread_like', 'message': 'grace liked your thread', 'reference_id': 18}
2026-04-05 12:52:32,726 [app.kafka_producer] INFO: Sent to thread-events: {'broadcast': True, 'type': 'thread_like_update', 'thread_id': 18, 'like_count': 4}
2026-04-05 12:52:32,732 [app.kafka_producer] INFO: Sent to thread-events: {'event': 'thread_liked', 'user_id': 18, 'actor_id': 15, 'type': 'thread_like', 'message': 'olivia liked your thread', 'reference_id': 18}
2026-04-05 12:52:32,760 [app.kafka_producer] INFO: Sent to thread-events: {'broadcast': True, 'type': 'thread_like_update', 'thread_id': 18, 'like_count': 5}
2026-04-05 12:52:32,764 [app.kafka_producer] INFO: Sent to thread-events: {'event': 'thread_liked', 'user_id': 18, 'actor_id': 8, 'type': 'thread_like', 'message': 'henry liked your thread', 'reference_id': 18}
2026-04-05 12:52:32,791 [app.kafka_producer] INFO: Sent to thread-events: {'broadcast': True, 'type': 'thread_like_update', 'thread_id': 19, 'like_count': 1}
2026-04-05 12:52:32,795 [app.kafka_producer] INFO: Sent to thread-events: {'event': 'thread_liked', 'user_id': 19, 'actor_id': 10, 'type': 'thread_like', 'message': 'jack liked your thread', 'reference_id': 19}
2026-04-05 12:52:32,824 [app.kafka_producer] INFO: Sent to thread-events: {'broadcast': True, 'type': 'thread_like_update', 'thread_id': 19, 'like_count': 2}
2026-04-05 12:52:32,829 [app.kafka_producer] INFO: Sent to thread-events: {'event': 'thread_liked', 'user_id': 19, 'actor_id': 13, 'type': 'thread_like', 'message': 'mia liked your thread', 'reference_id': 19}
2026-04-05 12:52:32,855 [app.kafka_producer] INFO: Sent to thread-events: {'broadcast': True, 'type': 'thread_like_update', 'thread_id': 19, 'like_count': 3}
2026-04-05 12:52:32,858 [app.kafka_producer] INFO: Sent to thread-events: {'event': 'thread_liked', 'user_id': 19, 'actor_id': 14, 'type': 'thread_like', 'message': 'noah liked your thread', 'reference_id': 19}
2026-04-05 12:52:32,881 [app.kafka_producer] INFO: Sent to thread-events: {'broadcast': True, 'type': 'thread_like_update', 'thread_id': 20, 'like_count': 1}
2026-04-05 12:52:32,884 [app.kafka_producer] INFO: Sent to thread-events: {'event': 'thread_liked', 'user_id': 20, 'actor_id': 10, 'type': 'thread_like', 'message': 'jack liked your thread', 'reference_id': 20}
2026-04-05 12:52:32,906 [app.kafka_producer] INFO: Sent to thread-events: {'broadcast': True, 'type': 'thread_like_update', 'thread_id': 20, 'like_count': 2}
2026-04-05 12:52:32,911 [app.kafka_producer] INFO: Sent to thread-events: {'event': 'thread_liked', 'user_id': 20, 'actor_id': 18, 'type': 'thread_like', 'message': 'rachel liked your thread', 'reference_id': 20}
2026-04-05 12:52:32,934 [app.kafka_producer] INFO: Sent to thread-events: {'broadcast': True, 'type': 'thread_like_update', 'thread_id': 20, 'like_count': 3}
2026-04-05 12:52:32,937 [app.kafka_producer] INFO: Sent to thread-events: {'event': 'thread_liked', 'user_id': 20, 'actor_id': 17, 'type': 'thread_like', 'message': 'quinn liked your thread', 'reference_id': 20}
2026-04-05 12:52:32,961 [app.kafka_producer] INFO: Sent to thread-events: {'broadcast': True, 'type': 'thread_like_update', 'thread_id': 20, 'like_count': 4}
2026-04-05 12:52:32,964 [app.kafka_producer] INFO: Sent to thread-events: {'event': 'thread_liked', 'user_id': 20, 'actor_id': 5, 'type': 'thread_like', 'message': 'eve liked your thread', 'reference_id': 20}
2026-04-05 12:52:32,987 [app.kafka_producer] INFO: Sent to thread-events: {'broadcast': True, 'type': 'thread_like_update', 'thread_id': 20, 'like_count': 5}
2026-04-05 12:52:32,990 [app.kafka_producer] INFO: Sent to thread-events: {'event': 'thread_liked', 'user_id': 20, 'actor_id': 7, 'type': 'thread_like', 'message': 'grace liked your thread', 'reference_id': 20}
2026-04-05 12:52:33,013 [app.kafka_producer] INFO: Sent to thread-events: {'broadcast': True, 'type': 'thread_like_update', 'thread_id': 20, 'like_count': 6}
2026-04-05 12:52:33,019 [app.kafka_producer] INFO: Sent to thread-events: {'event': 'thread_liked', 'user_id': 20, 'actor_id': 6, 'type': 'thread_like', 'message': 'frank liked your thread', 'reference_id': 20}
2026-04-05 12:52:33,042 [app.kafka_producer] INFO: Sent to thread-events: {'broadcast': True, 'type': 'thread_like_update', 'thread_id': 20, 'like_count': 7}
2026-04-05 12:52:33,045 [app.kafka_producer] INFO: Sent to thread-events: {'event': 'thread_liked', 'user_id': 20, 'actor_id': 3, 'type': 'thread_like', 'message': 'charlie liked your thread', 'reference_id': 20}
2026-04-05 12:52:33,273 [httpx] INFO: HTTP Request: GET http://comment_service:8005/comments/thread-counts?thread_ids=1 "HTTP/1.1 200 OK"
2026-04-05 12:52:33,345 [httpx] INFO: HTTP Request: GET http://comment_service:8005/comments/thread-counts?thread_ids=1 "HTTP/1.1 200 OK"
2026-04-05 12:52:33,408 [httpx] INFO: HTTP Request: GET http://comment_service:8005/comments/thread-counts?thread_ids=1 "HTTP/1.1 200 OK"
2026-04-05 12:52:33,475 [httpx] INFO: HTTP Request: GET http://comment_service:8005/comments/thread-counts?thread_ids=1 "HTTP/1.1 200 OK"
2026-04-05 12:52:33,539 [httpx] INFO: HTTP Request: GET http://comment_service:8005/comments/thread-counts?thread_ids=1 "HTTP/1.1 200 OK"
2026-04-05 12:52:33,616 [httpx] INFO: HTTP Request: GET http://comment_service:8005/comments/thread-counts?thread_ids=2 "HTTP/1.1 200 OK"
2026-04-05 12:52:33,684 [httpx] INFO: HTTP Request: GET http://comment_service:8005/comments/thread-counts?thread_ids=2 "HTTP/1.1 200 OK"
2026-04-05 12:52:33,782 [httpx] INFO: HTTP Request: GET http://comment_service:8005/comments/thread-counts?thread_ids=2 "HTTP/1.1 200 OK"
2026-04-05 12:52:33,862 [httpx] INFO: HTTP Request: GET http://comment_service:8005/comments/thread-counts?thread_ids=2 "HTTP/1.1 200 OK"
2026-04-05 12:52:33,914 [httpx] INFO: HTTP Request: GET http://comment_service:8005/comments/thread-counts?thread_ids=2 "HTTP/1.1 200 OK"
2026-04-05 12:52:33,968 [httpx] INFO: HTTP Request: GET http://comment_service:8005/comments/thread-counts?thread_ids=3 "HTTP/1.1 200 OK"
2026-04-05 12:52:34,019 [httpx] INFO: HTTP Request: GET http://comment_service:8005/comments/thread-counts?thread_ids=3 "HTTP/1.1 200 OK"
2026-04-05 12:52:34,072 [httpx] INFO: HTTP Request: GET http://comment_service:8005/comments/thread-counts?thread_ids=3 "HTTP/1.1 200 OK"
2026-04-05 12:52:34,137 [httpx] INFO: HTTP Request: GET http://comment_service:8005/comments/thread-counts?thread_ids=3 "HTTP/1.1 200 OK"
2026-04-05 12:52:34,207 [httpx] INFO: HTTP Request: GET http://comment_service:8005/comments/thread-counts?thread_ids=3 "HTTP/1.1 200 OK"
2026-04-05 12:52:34,262 [httpx] INFO: HTTP Request: GET http://comment_service:8005/comments/thread-counts?thread_ids=4 "HTTP/1.1 200 OK"
2026-04-05 12:52:34,329 [httpx] INFO: HTTP Request: GET http://comment_service:8005/comments/thread-counts?thread_ids=4 "HTTP/1.1 200 OK"
2026-04-05 12:52:34,377 [httpx] INFO: HTTP Request: GET http://comment_service:8005/comments/thread-counts?thread_ids=4 "HTTP/1.1 200 OK"
2026-04-05 12:52:34,428 [httpx] INFO: HTTP Request: GET http://comment_service:8005/comments/thread-counts?thread_ids=4 "HTTP/1.1 200 OK"
2026-04-05 12:52:34,502 [httpx] INFO: HTTP Request: GET http://comment_service:8005/comments/thread-counts?thread_ids=4 "HTTP/1.1 200 OK"
2026-04-05 12:52:34,568 [httpx] INFO: HTTP Request: GET http://comment_service:8005/comments/thread-counts?thread_ids=4 "HTTP/1.1 200 OK"
2026-04-05 12:52:34,620 [httpx] INFO: HTTP Request: GET http://comment_service:8005/comments/thread-counts?thread_ids=4 "HTTP/1.1 200 OK"
2026-04-05 12:52:34,670 [httpx] INFO: HTTP Request: GET http://comment_service:8005/comments/thread-counts?thread_ids=5 "HTTP/1.1 200 OK"
2026-04-05 12:52:34,720 [httpx] INFO: HTTP Request: GET http://comment_service:8005/comments/thread-counts?thread_ids=5 "HTTP/1.1 200 OK"
2026-04-05 12:52:34,781 [httpx] INFO: HTTP Request: GET http://comment_service:8005/comments/thread-counts?thread_ids=5 "HTTP/1.1 200 OK"
2026-04-05 12:52:34,830 [httpx] INFO: HTTP Request: GET http://comment_service:8005/comments/thread-counts?thread_ids=5 "HTTP/1.1 200 OK"
2026-04-05 12:52:34,884 [httpx] INFO: HTTP Request: GET http://comment_service:8005/comments/thread-counts?thread_ids=5 "HTTP/1.1 200 OK"
2026-04-05 12:52:34,946 [httpx] INFO: HTTP Request: GET http://comment_service:8005/comments/thread-counts?thread_ids=6 "HTTP/1.1 200 OK"
2026-04-05 12:52:35,010 [httpx] INFO: HTTP Request: GET http://comment_service:8005/comments/thread-counts?thread_ids=6 "HTTP/1.1 200 OK"
2026-04-05 12:52:35,059 [httpx] INFO: HTTP Request: GET http://comment_service:8005/comments/thread-counts?thread_ids=6 "HTTP/1.1 200 OK"
2026-04-05 12:52:35,122 [httpx] INFO: HTTP Request: GET http://comment_service:8005/comments/thread-counts?thread_ids=6 "HTTP/1.1 200 OK"
2026-04-05 12:52:35,179 [httpx] INFO: HTTP Request: GET http://comment_service:8005/comments/thread-counts?thread_ids=6 "HTTP/1.1 200 OK"
2026-04-05 12:52:35,225 [httpx] INFO: HTTP Request: GET http://comment_service:8005/comments/thread-counts?thread_ids=7 "HTTP/1.1 200 OK"
2026-04-05 12:52:35,270 [httpx] INFO: HTTP Request: GET http://comment_service:8005/comments/thread-counts?thread_ids=7 "HTTP/1.1 200 OK"
2026-04-05 12:52:35,317 [httpx] INFO: HTTP Request: GET http://comment_service:8005/comments/thread-counts?thread_ids=7 "HTTP/1.1 200 OK"
2026-04-05 12:52:35,368 [httpx] INFO: HTTP Request: GET http://comment_service:8005/comments/thread-counts?thread_ids=7 "HTTP/1.1 200 OK"
2026-04-05 12:52:35,420 [httpx] INFO: HTTP Request: GET http://comment_service:8005/comments/thread-counts?thread_ids=7 "HTTP/1.1 200 OK"
2026-04-05 12:52:35,511 [httpx] INFO: HTTP Request: GET http://comment_service:8005/comments/thread-counts?thread_ids=8 "HTTP/1.1 200 OK"
2026-04-05 12:52:35,558 [httpx] INFO: HTTP Request: GET http://comment_service:8005/comments/thread-counts?thread_ids=8 "HTTP/1.1 200 OK"
2026-04-05 12:52:35,620 [httpx] INFO: HTTP Request: GET http://comment_service:8005/comments/thread-counts?thread_ids=8 "HTTP/1.1 200 OK"
2026-04-05 12:52:35,667 [httpx] INFO: HTTP Request: GET http://comment_service:8005/comments/thread-counts?thread_ids=8 "HTTP/1.1 200 OK"
2026-04-05 12:52:35,718 [httpx] INFO: HTTP Request: GET http://comment_service:8005/comments/thread-counts?thread_ids=8 "HTTP/1.1 200 OK"
2026-04-05 12:52:35,768 [httpx] INFO: HTTP Request: GET http://comment_service:8005/comments/thread-counts?thread_ids=8 "HTTP/1.1 200 OK"
2026-04-05 12:52:35,817 [httpx] INFO: HTTP Request: GET http://comment_service:8005/comments/thread-counts?thread_ids=8 "HTTP/1.1 200 OK"
2026-04-05 12:52:35,865 [httpx] INFO: HTTP Request: GET http://comment_service:8005/comments/thread-counts?thread_ids=9 "HTTP/1.1 200 OK"
2026-04-05 12:52:35,924 [httpx] INFO: HTTP Request: GET http://comment_service:8005/comments/thread-counts?thread_ids=9 "HTTP/1.1 200 OK"
2026-04-05 12:52:35,971 [httpx] INFO: HTTP Request: GET http://comment_service:8005/comments/thread-counts?thread_ids=9 "HTTP/1.1 200 OK"
2026-04-05 12:52:36,035 [httpx] INFO: HTTP Request: GET http://comment_service:8005/comments/thread-counts?thread_ids=9 "HTTP/1.1 200 OK"
2026-04-05 12:52:36,083 [httpx] INFO: HTTP Request: GET http://comment_service:8005/comments/thread-counts?thread_ids=9 "HTTP/1.1 200 OK"
2026-04-05 12:52:36,129 [httpx] INFO: HTTP Request: GET http://comment_service:8005/comments/thread-counts?thread_ids=9 "HTTP/1.1 200 OK"
2026-04-05 12:52:36,181 [httpx] INFO: HTTP Request: GET http://comment_service:8005/comments/thread-counts?thread_ids=10 "HTTP/1.1 200 OK"
2026-04-05 12:52:36,227 [httpx] INFO: HTTP Request: GET http://comment_service:8005/comments/thread-counts?thread_ids=10 "HTTP/1.1 200 OK"
2026-04-05 12:52:36,277 [httpx] INFO: HTTP Request: GET http://comment_service:8005/comments/thread-counts?thread_ids=10 "HTTP/1.1 200 OK"
2026-04-05 12:52:36,324 [httpx] INFO: HTTP Request: GET http://comment_service:8005/comments/thread-counts?thread_ids=10 "HTTP/1.1 200 OK"
2026-04-05 12:52:36,375 [httpx] INFO: HTTP Request: GET http://comment_service:8005/comments/thread-counts?thread_ids=11 "HTTP/1.1 200 OK"
2026-04-05 12:52:36,421 [httpx] INFO: HTTP Request: GET http://comment_service:8005/comments/thread-counts?thread_ids=11 "HTTP/1.1 200 OK"
2026-04-05 12:52:36,470 [httpx] INFO: HTTP Request: GET http://comment_service:8005/comments/thread-counts?thread_ids=11 "HTTP/1.1 200 OK"
2026-04-05 12:52:36,520 [httpx] INFO: HTTP Request: GET http://comment_service:8005/comments/thread-counts?thread_ids=11 "HTTP/1.1 200 OK"
2026-04-05 12:52:36,567 [httpx] INFO: HTTP Request: GET http://comment_service:8005/comments/thread-counts?thread_ids=11 "HTTP/1.1 200 OK"
2026-04-05 12:52:36,617 [httpx] INFO: HTTP Request: GET http://comment_service:8005/comments/thread-counts?thread_ids=11 "HTTP/1.1 200 OK"
2026-04-05 12:52:36,675 [httpx] INFO: HTTP Request: GET http://comment_service:8005/comments/thread-counts?thread_ids=12 "HTTP/1.1 200 OK"
2026-04-05 12:52:36,724 [httpx] INFO: HTTP Request: GET http://comment_service:8005/comments/thread-counts?thread_ids=12 "HTTP/1.1 200 OK"
2026-04-05 12:52:36,771 [httpx] INFO: HTTP Request: GET http://comment_service:8005/comments/thread-counts?thread_ids=12 "HTTP/1.1 200 OK"
2026-04-05 12:52:36,819 [httpx] INFO: HTTP Request: GET http://comment_service:8005/comments/thread-counts?thread_ids=12 "HTTP/1.1 200 OK"
2026-04-05 12:52:36,867 [httpx] INFO: HTTP Request: GET http://comment_service:8005/comments/thread-counts?thread_ids=12 "HTTP/1.1 200 OK"
2026-04-05 12:52:36,915 [httpx] INFO: HTTP Request: GET http://comment_service:8005/comments/thread-counts?thread_ids=12 "HTTP/1.1 200 OK"
2026-04-05 12:52:36,976 [httpx] INFO: HTTP Request: GET http://comment_service:8005/comments/thread-counts?thread_ids=13 "HTTP/1.1 200 OK"
2026-04-05 12:52:37,051 [httpx] INFO: HTTP Request: GET http://comment_service:8005/comments/thread-counts?thread_ids=13 "HTTP/1.1 200 OK"
2026-04-05 12:52:37,103 [httpx] INFO: HTTP Request: GET http://comment_service:8005/comments/thread-counts?thread_ids=13 "HTTP/1.1 200 OK"
2026-04-05 12:52:37,151 [httpx] INFO: HTTP Request: GET http://comment_service:8005/comments/thread-counts?thread_ids=13 "HTTP/1.1 200 OK"
2026-04-05 12:52:37,215 [httpx] INFO: HTTP Request: GET http://comment_service:8005/comments/thread-counts?thread_ids=13 "HTTP/1.1 200 OK"
2026-04-05 12:52:37,262 [httpx] INFO: HTTP Request: GET http://comment_service:8005/comments/thread-counts?thread_ids=13 "HTTP/1.1 200 OK"
2026-04-05 12:52:37,311 [httpx] INFO: HTTP Request: GET http://comment_service:8005/comments/thread-counts?thread_ids=13 "HTTP/1.1 200 OK"
2026-04-05 12:52:37,358 [httpx] INFO: HTTP Request: GET http://comment_service:8005/comments/thread-counts?thread_ids=14 "HTTP/1.1 200 OK"
2026-04-05 12:52:37,417 [httpx] INFO: HTTP Request: GET http://comment_service:8005/comments/thread-counts?thread_ids=14 "HTTP/1.1 200 OK"
2026-04-05 12:52:37,476 [httpx] INFO: HTTP Request: GET http://comment_service:8005/comments/thread-counts?thread_ids=14 "HTTP/1.1 200 OK"
2026-04-05 12:52:37,527 [httpx] INFO: HTTP Request: GET http://comment_service:8005/comments/thread-counts?thread_ids=14 "HTTP/1.1 200 OK"
2026-04-05 12:52:37,578 [httpx] INFO: HTTP Request: GET http://comment_service:8005/comments/thread-counts?thread_ids=14 "HTTP/1.1 200 OK"
2026-04-05 12:52:37,624 [httpx] INFO: HTTP Request: GET http://comment_service:8005/comments/thread-counts?thread_ids=14 "HTTP/1.1 200 OK"
2026-04-05 12:52:37,670 [httpx] INFO: HTTP Request: GET http://comment_service:8005/comments/thread-counts?thread_ids=15 "HTTP/1.1 200 OK"
2026-04-05 12:52:37,721 [httpx] INFO: HTTP Request: GET http://comment_service:8005/comments/thread-counts?thread_ids=15 "HTTP/1.1 200 OK"
2026-04-05 12:52:37,769 [httpx] INFO: HTTP Request: GET http://comment_service:8005/comments/thread-counts?thread_ids=15 "HTTP/1.1 200 OK"
2026-04-05 12:52:37,818 [httpx] INFO: HTTP Request: GET http://comment_service:8005/comments/thread-counts?thread_ids=15 "HTTP/1.1 200 OK"
2026-04-05 12:52:37,863 [httpx] INFO: HTTP Request: GET http://comment_service:8005/comments/thread-counts?thread_ids=15 "HTTP/1.1 200 OK"
2026-04-05 12:52:37,909 [httpx] INFO: HTTP Request: GET http://comment_service:8005/comments/thread-counts?thread_ids=16 "HTTP/1.1 200 OK"
2026-04-05 12:52:37,977 [httpx] INFO: HTTP Request: GET http://comment_service:8005/comments/thread-counts?thread_ids=16 "HTTP/1.1 200 OK"
2026-04-05 12:52:38,025 [httpx] INFO: HTTP Request: GET http://comment_service:8005/comments/thread-counts?thread_ids=16 "HTTP/1.1 200 OK"
2026-04-05 12:52:38,076 [httpx] INFO: HTTP Request: GET http://comment_service:8005/comments/thread-counts?thread_ids=16 "HTTP/1.1 200 OK"
2026-04-05 12:52:38,126 [httpx] INFO: HTTP Request: GET http://comment_service:8005/comments/thread-counts?thread_ids=16 "HTTP/1.1 200 OK"
2026-04-05 12:52:38,188 [httpx] INFO: HTTP Request: GET http://comment_service:8005/comments/thread-counts?thread_ids=16 "HTTP/1.1 200 OK"
2026-04-05 12:52:38,236 [httpx] INFO: HTTP Request: GET http://comment_service:8005/comments/thread-counts?thread_ids=17 "HTTP/1.1 200 OK"
2026-04-05 12:52:38,290 [httpx] INFO: HTTP Request: GET http://comment_service:8005/comments/thread-counts?thread_ids=17 "HTTP/1.1 200 OK"
2026-04-05 12:52:38,340 [httpx] INFO: HTTP Request: GET http://comment_service:8005/comments/thread-counts?thread_ids=17 "HTTP/1.1 200 OK"
2026-04-05 12:52:38,386 [httpx] INFO: HTTP Request: GET http://comment_service:8005/comments/thread-counts?thread_ids=17 "HTTP/1.1 200 OK"
2026-04-05 12:52:38,437 [httpx] INFO: HTTP Request: GET http://comment_service:8005/comments/thread-counts?thread_ids=17 "HTTP/1.1 200 OK"
2026-04-05 12:52:38,488 [httpx] INFO: HTTP Request: GET http://comment_service:8005/comments/thread-counts?thread_ids=17 "HTTP/1.1 200 OK"
2026-04-05 12:52:38,539 [httpx] INFO: HTTP Request: GET http://comment_service:8005/comments/thread-counts?thread_ids=17 "HTTP/1.1 200 OK"
2026-04-05 12:52:38,608 [httpx] INFO: HTTP Request: GET http://comment_service:8005/comments/thread-counts?thread_ids=18 "HTTP/1.1 200 OK"
2026-04-05 12:52:38,665 [httpx] INFO: HTTP Request: GET http://comment_service:8005/comments/thread-counts?thread_ids=18 "HTTP/1.1 200 OK"
2026-04-05 12:52:38,719 [httpx] INFO: HTTP Request: GET http://comment_service:8005/comments/thread-counts?thread_ids=18 "HTTP/1.1 200 OK"
2026-04-05 12:52:38,769 [httpx] INFO: HTTP Request: GET http://comment_service:8005/comments/thread-counts?thread_ids=18 "HTTP/1.1 200 OK"
2026-04-05 12:52:38,818 [httpx] INFO: HTTP Request: GET http://comment_service:8005/comments/thread-counts?thread_ids=18 "HTTP/1.1 200 OK"
2026-04-05 12:52:38,868 [httpx] INFO: HTTP Request: GET http://comment_service:8005/comments/thread-counts?thread_ids=18 "HTTP/1.1 200 OK"
2026-04-05 12:52:38,916 [httpx] INFO: HTTP Request: GET http://comment_service:8005/comments/thread-counts?thread_ids=18 "HTTP/1.1 200 OK"
2026-04-05 12:52:38,975 [httpx] INFO: HTTP Request: GET http://comment_service:8005/comments/thread-counts?thread_ids=19 "HTTP/1.1 200 OK"
2026-04-05 12:52:39,038 [httpx] INFO: HTTP Request: GET http://comment_service:8005/comments/thread-counts?thread_ids=19 "HTTP/1.1 200 OK"
2026-04-05 12:52:39,086 [httpx] INFO: HTTP Request: GET http://comment_service:8005/comments/thread-counts?thread_ids=19 "HTTP/1.1 200 OK"
2026-04-05 12:52:39,138 [httpx] INFO: HTTP Request: GET http://comment_service:8005/comments/thread-counts?thread_ids=19 "HTTP/1.1 200 OK"
2026-04-05 12:52:39,191 [httpx] INFO: HTTP Request: GET http://comment_service:8005/comments/thread-counts?thread_ids=20 "HTTP/1.1 200 OK"
2026-04-05 12:52:39,240 [httpx] INFO: HTTP Request: GET http://comment_service:8005/comments/thread-counts?thread_ids=20 "HTTP/1.1 200 OK"
2026-04-05 12:52:39,290 [httpx] INFO: HTTP Request: GET http://comment_service:8005/comments/thread-counts?thread_ids=20 "HTTP/1.1 200 OK"
2026-04-05 12:52:39,342 [httpx] INFO: HTTP Request: GET http://comment_service:8005/comments/thread-counts?thread_ids=20 "HTTP/1.1 200 OK"
2026-04-05 12:52:39,397 [httpx] INFO: HTTP Request: GET http://comment_service:8005/comments/thread-counts?thread_ids=4 "HTTP/1.1 200 OK"
2026-04-05 12:52:39,462 [httpx] INFO: HTTP Request: GET http://comment_service:8005/comments/thread-counts?thread_ids=15 "HTTP/1.1 200 OK"
2026-04-05 12:52:39,515 [httpx] INFO: HTTP Request: GET http://comment_service:8005/comments/thread-counts?thread_ids=5 "HTTP/1.1 200 OK"
2026-04-05 12:52:39,570 [httpx] INFO: HTTP Request: GET http://comment_service:8005/comments/thread-counts?thread_ids=18 "HTTP/1.1 200 OK"
2026-04-05 12:52:39,621 [httpx] INFO: HTTP Request: GET http://comment_service:8005/comments/thread-counts?thread_ids=19 "HTTP/1.1 200 OK"
2026-04-05 12:52:39,676 [httpx] INFO: HTTP Request: GET http://comment_service:8005/comments/thread-counts?thread_ids=6 "HTTP/1.1 200 OK"
2026-04-05 12:52:39,730 [httpx] INFO: HTTP Request: GET http://comment_service:8005/comments/thread-counts?thread_ids=16 "HTTP/1.1 200 OK"
2026-04-05 12:52:39,786 [httpx] INFO: HTTP Request: GET http://comment_service:8005/comments/thread-counts?thread_ids=8 "HTTP/1.1 200 OK"
2026-04-05 12:52:39,840 [httpx] INFO: HTTP Request: GET http://comment_service:8005/comments/thread-counts?thread_ids=3 "HTTP/1.1 200 OK"
2026-04-05 12:52:39,889 [httpx] INFO: HTTP Request: GET http://comment_service:8005/comments/thread-counts?thread_ids=13 "HTTP/1.1 200 OK"
2026-04-05 12:52:39,948 [httpx] INFO: HTTP Request: GET http://comment_service:8005/comments/thread-counts?thread_ids=15 "HTTP/1.1 200 OK"
2026-04-05 12:52:39,998 [httpx] INFO: HTTP Request: GET http://comment_service:8005/comments/thread-counts?thread_ids=5 "HTTP/1.1 200 OK"
2026-04-05 12:52:40,050 [httpx] INFO: HTTP Request: GET http://comment_service:8005/comments/thread-counts?thread_ids=15 "HTTP/1.1 200 OK"
2026-04-05 12:52:40,105 [httpx] INFO: HTTP Request: GET http://comment_service:8005/comments/thread-counts?thread_ids=12 "HTTP/1.1 200 OK"
2026-04-05 12:52:40,173 [httpx] INFO: HTTP Request: GET http://comment_service:8005/comments/thread-counts?thread_ids=4 "HTTP/1.1 200 OK"
2026-04-05 12:52:40,259 [httpx] INFO: HTTP Request: GET http://comment_service:8005/comments/thread-counts?thread_ids=17 "HTTP/1.1 200 OK"
2026-04-05 12:52:40,314 [httpx] INFO: HTTP Request: GET http://comment_service:8005/comments/thread-counts?thread_ids=8 "HTTP/1.1 200 OK"
2026-04-05 12:52:40,366 [httpx] INFO: HTTP Request: GET http://comment_service:8005/comments/thread-counts?thread_ids=9 "HTTP/1.1 200 OK"
2026-04-05 12:52:40,421 [httpx] INFO: HTTP Request: GET http://comment_service:8005/comments/thread-counts?thread_ids=10 "HTTP/1.1 200 OK"
2026-04-05 12:52:40,524 [httpx] INFO: HTTP Request: GET http://comment_service:8005/comments/thread-counts?thread_ids=11 "HTTP/1.1 200 OK"
2026-04-05 12:52:40,600 [httpx] INFO: HTTP Request: GET http://comment_service:8005/comments/thread-counts?thread_ids=13 "HTTP/1.1 200 OK"
2026-04-05 12:52:40,657 [httpx] INFO: HTTP Request: GET http://comment_service:8005/comments/thread-counts?thread_ids=1 "HTTP/1.1 200 OK"
2026-04-05 12:52:40,713 [httpx] INFO: HTTP Request: GET http://comment_service:8005/comments/thread-counts?thread_ids=3 "HTTP/1.1 200 OK"
2026-04-05 12:52:40,766 [httpx] INFO: HTTP Request: GET http://comment_service:8005/comments/thread-counts?thread_ids=16 "HTTP/1.1 200 OK"
2026-04-05 12:52:40,818 [httpx] INFO: HTTP Request: GET http://comment_service:8005/comments/thread-counts?thread_ids=17 "HTTP/1.1 200 OK"
2026-04-05 12:52:40,870 [httpx] INFO: HTTP Request: GET http://comment_service:8005/comments/thread-counts?thread_ids=7 "HTTP/1.1 200 OK"
2026-04-05 12:52:40,926 [httpx] INFO: HTTP Request: GET http://comment_service:8005/comments/thread-counts?thread_ids=19 "HTTP/1.1 200 OK"
2026-04-05 12:52:40,977 [httpx] INFO: HTTP Request: GET http://comment_service:8005/comments/thread-counts?thread_ids=14 "HTTP/1.1 200 OK"
2026-04-05 12:52:41,044 [httpx] INFO: HTTP Request: GET http://comment_service:8005/comments/thread-counts?thread_ids=5 "HTTP/1.1 200 OK"
2026-04-05 12:52:41,105 [httpx] INFO: HTTP Request: GET http://comment_service:8005/comments/thread-counts?thread_ids=12 "HTTP/1.1 200 OK"
2026-04-05 12:52:41,155 [httpx] INFO: HTTP Request: GET http://comment_service:8005/comments/thread-counts?thread_ids=5 "HTTP/1.1 200 OK"
2026-04-05 12:52:41,208 [httpx] INFO: HTTP Request: GET http://comment_service:8005/comments/thread-counts?thread_ids=3 "HTTP/1.1 200 OK"
2026-04-05 12:52:41,260 [httpx] INFO: HTTP Request: GET http://comment_service:8005/comments/thread-counts?thread_ids=17 "HTTP/1.1 200 OK"
2026-04-05 12:52:41,310 [httpx] INFO: HTTP Request: GET http://comment_service:8005/comments/thread-counts?thread_ids=10 "HTTP/1.1 200 OK"
2026-04-05 12:52:41,361 [httpx] INFO: HTTP Request: GET http://comment_service:8005/comments/thread-counts?thread_ids=14 "HTTP/1.1 200 OK"
2026-04-05 12:52:41,413 [httpx] INFO: HTTP Request: GET http://comment_service:8005/comments/thread-counts?thread_ids=18 "HTTP/1.1 200 OK"
2026-04-05 12:52:41,478 [httpx] INFO: HTTP Request: GET http://comment_service:8005/comments/thread-counts?thread_ids=5 "HTTP/1.1 200 OK"
2026-04-05 12:52:41,531 [httpx] INFO: HTTP Request: GET http://comment_service:8005/comments/thread-counts?thread_ids=10 "HTTP/1.1 200 OK"
2026-04-05 12:52:41,587 [httpx] INFO: HTTP Request: GET http://comment_service:8005/comments/thread-counts?thread_ids=2 "HTTP/1.1 200 OK"
2026-04-05 12:52:41,638 [httpx] INFO: HTTP Request: GET http://comment_service:8005/comments/thread-counts?thread_ids=7 "HTTP/1.1 200 OK"
2026-04-05 12:52:41,687 [httpx] INFO: HTTP Request: GET http://comment_service:8005/comments/thread-counts?thread_ids=4 "HTTP/1.1 200 OK"
2026-04-05 12:52:41,739 [httpx] INFO: HTTP Request: GET http://comment_service:8005/comments/thread-counts?thread_ids=4 "HTTP/1.1 200 OK"
2026-04-05 12:52:41,795 [httpx] INFO: HTTP Request: GET http://comment_service:8005/comments/thread-counts?thread_ids=14 "HTTP/1.1 200 OK"
2026-04-05 12:52:41,853 [httpx] INFO: HTTP Request: GET http://comment_service:8005/comments/thread-counts?thread_ids=9 "HTTP/1.1 200 OK"
2026-04-05 12:52:41,934 [httpx] INFO: HTTP Request: GET http://comment_service:8005/comments/thread-counts?thread_ids=17 "HTTP/1.1 200 OK"
2026-04-05 12:57:10,229 [httpx] INFO: HTTP Request: GET http://comment_service:8005/comments/thread-counts?thread_ids=20,19,18,17,16,15,14,13,12,11 "HTTP/1.1 200 OK"
2026-04-05 12:57:59,069 [httpx] INFO: HTTP Request: GET http://comment_service:8005/comments/thread-counts?thread_ids=17,9,1 "HTTP/1.1 200 OK"
2026-04-05 12:58:44,798 [httpx] INFO: HTTP Request: GET http://comment_service:8005/comments/thread-counts?thread_ids=20,19,18,17,16,15,14,13,12,11,10,9,8,7,6,5,4,3,2,1 "HTTP/1.1 200 OK"
2026-04-05 12:58:53,155 [thread_service.consumer] INFO: Synced user 19 from Kafka event
2026-04-05 12:59:20,083 [httpx] INFO: HTTP Request: GET http://comment_service:8005/comments/thread-counts?thread_ids=20,19,18,17,16,15,14,13,12,11 "HTTP/1.1 200 OK"
2026-04-05 13:00:14,168 [httpx] INFO: HTTP Request: GET http://comment_service:8005/comments/thread-counts?thread_ids=17 "HTTP/1.1 200 OK"
2026-04-05 13:00:20,286 [app.kafka_producer] INFO: Sent to thread-events: {'broadcast': True, 'type': 'thread_like_update', 'thread_id': 17, 'like_count': 9}
2026-04-05 13:00:20,289 [app.kafka_producer] INFO: Sent to thread-events: {'event': 'thread_liked', 'user_id': 17, 'actor_id': 1, 'type': 'thread_like', 'message': 'alice liked your thread', 'reference_id': 17}
2026-04-05 13:00:57,987 [thread_service.consumer] INFO: Synced user 1 from Kafka event
2026-04-05 13:00:58,480 [thread_service.consumer] INFO: Synced user 1 from Kafka event
2026-04-05 13:01:06,713 [httpx] INFO: HTTP Request: GET http://comment_service:8005/comments/thread-counts?thread_ids=20,19,18,17,16,15,14,13,12,11 "HTTP/1.1 200 OK"
2026-04-05 13:08:04,649 [httpx] INFO: HTTP Request: GET http://comment_service:8005/comments/thread-counts?thread_ids=20,19,18,17,16,15,14,13,12,11 "HTTP/1.1 200 OK"
2026-04-05 13:09:27,192 [httpx] INFO: HTTP Request: GET http://comment_service:8005/comments/thread-counts?thread_ids=20,19,18,17,16,15,14,13,12,11 "HTTP/1.1 200 OK"
