2026-04-04 01:36:20,042 [app.kafka_producer] INFO: Kafka producer started
2026-04-04 01:36:20,043 [comment_service] INFO: Comment service started successfully
2026-04-05 00:38:16,547 [app.kafka_producer] INFO: Kafka producer stopped
2026-04-05 00:39:34,067 [app.kafka_producer] INFO: Kafka producer started
2026-04-05 00:39:34,241 [asyncio] ERROR: Unclosed AIOKafkaProducer
producer: <aiokafka.producer.producer.AIOKafkaProducer object at 0x7beb80f367b0>
2026-04-05 00:46:20,266 [app.kafka_producer] INFO: Kafka producer started
2026-04-05 00:46:20,437 [asyncio] ERROR: Unclosed AIOKafkaProducer
producer: <aiokafka.producer.producer.AIOKafkaProducer object at 0x791e2f5be7b0>
2026-04-05 00:50:19,849 [app.kafka_producer] INFO: Kafka producer started
2026-04-05 00:50:20,010 [asyncio] ERROR: Unclosed AIOKafkaProducer
producer: <aiokafka.producer.producer.AIOKafkaProducer object at 0x7071f1f167b0>
2026-04-05 00:54:48,039 [app.kafka_producer] INFO: Kafka producer started
2026-04-05 00:54:48,159 [asyncio] ERROR: Unclosed AIOKafkaProducer
producer: <aiokafka.producer.producer.AIOKafkaProducer object at 0x7ed10ffba900>
2026-04-05 00:55:50,463 [app.kafka_producer] INFO: Kafka producer started
2026-04-05 00:55:50,463 [comment_service] INFO: Comment service started successfully
2026-04-05 00:55:50,464 [aiokafka.consumer.subscription_state] INFO: Updating subscribed topics to: frozenset({'user-events'})
2026-04-05 00:55:50,470 [aiokafka.consumer.group_coordinator] INFO: Discovered coordinator 1 for group comment-service-user-sync
2026-04-05 00:55:50,471 [aiokafka.consumer.group_coordinator] INFO: Revoking previously assigned partitions set() for group comment-service-user-sync
2026-04-05 00:55:50,471 [aiokafka.consumer.group_coordinator] INFO: (Re-)joining group comment-service-user-sync
2026-04-05 00:55:53,474 [aiokafka.consumer.group_coordinator] INFO: Joined group 'comment-service-user-sync' (generation 1) with member_id aiokafka-0.13.0-54f180df-aba5-496f-aa3e-7cb18330a5bc
2026-04-05 00:55:53,474 [aiokafka.consumer.group_coordinator] INFO: Elected group leader -- performing partition assignments using roundrobin
2026-04-05 00:55:53,479 [aiokafka.consumer.group_coordinator] INFO: Successfully synced group comment-service-user-sync with generation 1
2026-04-05 00:55:53,479 [aiokafka.consumer.group_coordinator] INFO: Setting newly assigned partitions {TopicPartition(topic='user-events', partition=0)} for group comment-service-user-sync
2026-04-05 00:55:53,480 [comment_service.consumer] INFO: Kafka consumer started, listening for user-events
2026-04-05 00:56:26,164 [aiokafka.consumer.group_coordinator] INFO: LeaveGroup request succeeded
2026-04-05 00:56:26,166 [comment_service.consumer] INFO: Kafka consumer stopped
2026-04-05 00:56:26,169 [app.kafka_producer] INFO: Kafka producer stopped
2026-04-05 00:56:58,554 [app.kafka_producer] INFO: Kafka producer started
2026-04-05 00:56:58,555 [comment_service] INFO: Comment service started successfully
2026-04-05 00:56:58,557 [aiokafka.consumer.subscription_state] INFO: Updating subscribed topics to: frozenset({'user-events'})
2026-04-05 00:56:58,574 [aiokafka.cluster] WARNING: Topic user-events is not available during auto-create initialization
2026-04-05 00:56:58,679 [aiokafka.consumer.group_coordinator] ERROR: Group Coordinator Request failed: [Error 15] GroupCoordinatorNotAvailableError
2026-04-05 00:56:58,787 [aiokafka.consumer.group_coordinator] ERROR: Group Coordinator Request failed: [Error 15] GroupCoordinatorNotAvailableError
2026-04-05 00:56:58,895 [aiokafka.consumer.group_coordinator] ERROR: Group Coordinator Request failed: [Error 15] GroupCoordinatorNotAvailableError
2026-04-05 00:56:59,003 [aiokafka.consumer.group_coordinator] ERROR: Group Coordinator Request failed: [Error 15] GroupCoordinatorNotAvailableError
2026-04-05 00:56:59,111 [aiokafka.consumer.group_coordinator] ERROR: Group Coordinator Request failed: [Error 15] GroupCoordinatorNotAvailableError
2026-04-05 00:56:59,218 [aiokafka.consumer.group_coordinator] ERROR: Group Coordinator Request failed: [Error 15] GroupCoordinatorNotAvailableError
2026-04-05 00:56:59,323 [aiokafka.consumer.group_coordinator] ERROR: Group Coordinator Request failed: [Error 15] GroupCoordinatorNotAvailableError
2026-04-05 00:56:59,432 [aiokafka.consumer.group_coordinator] INFO: Discovered coordinator 1 for group comment-service-user-sync
2026-04-05 00:56:59,432 [aiokafka.consumer.group_coordinator] INFO: Revoking previously assigned partitions set() for group comment-service-user-sync
2026-04-05 00:56:59,433 [aiokafka.consumer.group_coordinator] INFO: (Re-)joining group comment-service-user-sync
2026-04-05 00:57:02,444 [aiokafka.consumer.group_coordinator] INFO: Joined group 'comment-service-user-sync' (generation 1) with member_id aiokafka-0.13.0-db823dd0-36eb-47e5-bf0e-994c63994c86
2026-04-05 00:57:02,445 [aiokafka.consumer.group_coordinator] INFO: Elected group leader -- performing partition assignments using roundrobin
2026-04-05 00:57:02,512 [aiokafka.consumer.group_coordinator] INFO: Successfully synced group comment-service-user-sync with generation 1
2026-04-05 00:57:02,513 [aiokafka.consumer.group_coordinator] INFO: Setting newly assigned partitions {TopicPartition(topic='user-events', partition=0)} for group comment-service-user-sync
2026-04-05 00:57:02,514 [comment_service.consumer] INFO: Kafka consumer started, listening for user-events
2026-04-05 00:57:42,569 [httpx] INFO: HTTP Request: GET http://user_service:8002/users/4 "HTTP/1.1 200 OK"
2026-04-05 00:57:42,649 [httpx] INFO: HTTP Request: GET http://thread_service:8003/threads/1 "HTTP/1.1 200 OK"
2026-04-05 00:57:42,655 [app.kafka_producer] INFO: Sent to comment-events: {'event': 'new_comment', 'user_id': 1, 'type': 'new_comment', 'message': 'diana commented on your thread', 'reference_id': 1}
2026-04-05 00:57:42,658 [app.kafka_producer] INFO: Sent to comment-events: {'broadcast': True, 'type': 'new_comment_broadcast', 'comment': {'id': 1, 'content': 'Would be great to see a benchmark comparing the two approaches.', 'thread_id': 1, 'author': {'id': 4, 'username': 'diana', 'avatar': None}, 'parent_comment_id': None, 'created_at': '2026-04-05 00:57:42.578450', 'updated_at': '2026-04-05 00:57:42.578450', 'like_count': 0, 'liked_by_me': False, 'reply_count': 0, 'replies': []}}
2026-04-05 00:57:42,709 [httpx] INFO: HTTP Request: GET http://user_service:8002/users/16 "HTTP/1.1 200 OK"
2026-04-05 00:57:42,743 [httpx] INFO: HTTP Request: GET http://thread_service:8003/threads/1 "HTTP/1.1 200 OK"
2026-04-05 00:57:42,747 [app.kafka_producer] INFO: Sent to comment-events: {'event': 'new_comment', 'user_id': 1, 'type': 'new_comment', 'message': 'peter commented on your thread', 'reference_id': 2}
2026-04-05 00:57:42,749 [app.kafka_producer] INFO: Sent to comment-events: {'broadcast': True, 'type': 'new_comment_broadcast', 'comment': {'id': 2, 'content': 'Thanks for sharing! This saved me hours of debugging.', 'thread_id': 1, 'author': {'id': 16, 'username': 'peter', 'avatar': None}, 'parent_comment_id': None, 'created_at': '2026-04-05 00:57:42.715965', 'updated_at': '2026-04-05 00:57:42.715965', 'like_count': 0, 'liked_by_me': False, 'reply_count': 0, 'replies': []}}
2026-04-05 00:57:42,777 [httpx] INFO: HTTP Request: GET http://user_service:8002/users/19 "HTTP/1.1 200 OK"
2026-04-05 00:57:42,814 [httpx] INFO: HTTP Request: GET http://thread_service:8003/threads/1 "HTTP/1.1 200 OK"
2026-04-05 00:57:42,816 [app.kafka_producer] INFO: Sent to comment-events: {'event': 'new_comment', 'user_id': 1, 'type': 'new_comment', 'message': 'sam commented on your thread', 'reference_id': 3}
2026-04-05 00:57:42,820 [app.kafka_producer] INFO: Sent to comment-events: {'broadcast': True, 'type': 'new_comment_broadcast', 'comment': {'id': 3, 'content': 'We use a similar setup at work. One gotcha to watch out for is memory leaks.', 'thread_id': 1, 'author': {'id': 19, 'username': 'sam', 'avatar': None}, 'parent_comment_id': None, 'created_at': '2026-04-05 00:57:42.783919', 'updated_at': '2026-04-05 00:57:42.783919', 'like_count': 0, 'liked_by_me': False, 'reply_count': 0, 'replies': []}}
2026-04-05 00:57:42,847 [httpx] INFO: HTTP Request: GET http://user_service:8002/users/20 "HTTP/1.1 200 OK"
2026-04-05 00:57:42,881 [httpx] INFO: HTTP Request: GET http://thread_service:8003/threads/1 "HTTP/1.1 200 OK"
2026-04-05 00:57:42,884 [app.kafka_producer] INFO: Sent to comment-events: {'event': 'new_comment', 'user_id': 1, 'type': 'new_comment', 'message': 'tina commented on your thread', 'reference_id': 4}
2026-04-05 00:57:42,887 [app.kafka_producer] INFO: Sent to comment-events: {'broadcast': True, 'type': 'new_comment_broadcast', 'comment': {'id': 4, 'content': 'This thread is gold. More discussions like this please!', 'thread_id': 1, 'author': {'id': 20, 'username': 'tina', 'avatar': None}, 'parent_comment_id': None, 'created_at': '2026-04-05 00:57:42.852602', 'updated_at': '2026-04-05 00:57:42.852602', 'like_count': 0, 'liked_by_me': False, 'reply_count': 0, 'replies': []}}
2026-04-05 00:57:42,935 [httpx] INFO: HTTP Request: GET http://thread_service:8003/threads/1 "HTTP/1.1 200 OK"
2026-04-05 00:57:42,937 [app.kafka_producer] INFO: Sent to comment-events: {'event': 'new_comment', 'user_id': 1, 'type': 'new_comment', 'message': 'tina commented on your thread', 'reference_id': 5}
2026-04-05 00:57:42,939 [app.kafka_producer] INFO: Sent to comment-events: {'broadcast': True, 'type': 'new_comment_broadcast', 'comment': {'id': 5, 'content': "Has anyone benchmarked this? I'm curious about the performance impact.", 'thread_id': 1, 'author': {'id': 20, 'username': 'tina', 'avatar': None}, 'parent_comment_id': None, 'created_at': '2026-04-05 00:57:42.902891', 'updated_at': '2026-04-05 00:57:42.902891', 'like_count': 0, 'liked_by_me': False, 'reply_count': 0, 'replies': []}}
2026-04-05 00:57:42,969 [httpx] INFO: HTTP Request: GET http://user_service:8002/users/6 "HTTP/1.1 200 OK"
2026-04-05 00:57:43,011 [httpx] INFO: HTTP Request: GET http://thread_service:8003/threads/1 "HTTP/1.1 200 OK"
2026-04-05 00:57:43,020 [app.kafka_producer] INFO: Sent to comment-events: {'event': 'new_comment', 'user_id': 1, 'type': 'new_comment', 'message': 'frank commented on your thread', 'reference_id': 6}
2026-04-05 00:57:43,023 [app.kafka_producer] INFO: Sent to comment-events: {'broadcast': True, 'type': 'new_comment_broadcast', 'comment': {'id': 6, 'content': 'Solid advice. We adopted this pattern last quarter and it worked great.', 'thread_id': 1, 'author': {'id': 6, 'username': 'frank', 'avatar': None}, 'parent_comment_id': None, 'created_at': '2026-04-05 00:57:42.974473', 'updated_at': '2026-04-05 00:57:42.974473', 'like_count': 0, 'liked_by_me': False, 'reply_count': 0, 'replies': []}}
2026-04-05 00:57:43,076 [httpx] INFO: HTTP Request: GET http://user_service:8002/users/2 "HTTP/1.1 200 OK"
2026-04-05 00:57:43,128 [httpx] INFO: HTTP Request: GET http://thread_service:8003/threads/1 "HTTP/1.1 200 OK"
2026-04-05 00:57:43,132 [app.kafka_producer] INFO: Sent to comment-events: {'event': 'new_comment', 'user_id': 1, 'type': 'new_comment', 'message': 'bob commented on your thread', 'reference_id': 7}
2026-04-05 00:57:43,135 [app.kafka_producer] INFO: Sent to comment-events: {'broadcast': True, 'type': 'new_comment_broadcast', 'comment': {'id': 7, 'content': "Can you elaborate more on this? I'd love to understand the internals.", 'thread_id': 1, 'author': {'id': 2, 'username': 'bob', 'avatar': None}, 'parent_comment_id': None, 'created_at': '2026-04-05 00:57:43.086530', 'updated_at': '2026-04-05 00:57:43.086530', 'like_count': 0, 'liked_by_me': False, 'reply_count': 0, 'replies': []}}
2026-04-05 00:57:43,186 [httpx] INFO: HTTP Request: GET http://thread_service:8003/threads/2 "HTTP/1.1 200 OK"
2026-04-05 00:57:43,189 [app.kafka_producer] INFO: Sent to comment-events: {'event': 'new_comment', 'user_id': 2, 'type': 'new_comment', 'message': 'sam commented on your thread', 'reference_id': 8}
2026-04-05 00:57:43,193 [app.kafka_producer] INFO: Sent to comment-events: {'broadcast': True, 'type': 'new_comment_broadcast', 'comment': {'id': 8, 'content': 'Great point! I totally agree with this approach.', 'thread_id': 2, 'author': {'id': 19, 'username': 'sam', 'avatar': None}, 'parent_comment_id': None, 'created_at': '2026-04-05 00:57:43.156952', 'updated_at': '2026-04-05 00:57:43.156952', 'like_count': 0, 'liked_by_me': False, 'reply_count': 0, 'replies': []}}
2026-04-05 00:57:43,244 [httpx] INFO: HTTP Request: GET http://thread_service:8003/threads/2 "HTTP/1.1 200 OK"
2026-04-05 00:57:43,246 [app.kafka_producer] INFO: Sent to comment-events: {'event': 'new_comment', 'user_id': 2, 'type': 'new_comment', 'message': 'diana commented on your thread', 'reference_id': 9}
2026-04-05 00:57:43,249 [app.kafka_producer] INFO: Sent to comment-events: {'broadcast': True, 'type': 'new_comment_broadcast', 'comment': {'id': 9, 'content': 'Underrated topic! More people should be talking about this.', 'thread_id': 2, 'author': {'id': 4, 'username': 'diana', 'avatar': None}, 'parent_comment_id': None, 'created_at': '2026-04-05 00:57:43.209531', 'updated_at': '2026-04-05 00:57:43.209531', 'like_count': 0, 'liked_by_me': False, 'reply_count': 0, 'replies': []}}
2026-04-05 00:57:43,323 [httpx] INFO: HTTP Request: GET http://thread_service:8003/threads/2 "HTTP/1.1 200 OK"
2026-04-05 00:57:43,327 [app.kafka_producer] INFO: Sent to comment-events: {'event': 'new_comment', 'user_id': 2, 'type': 'new_comment', 'message': 'frank commented on your thread', 'reference_id': 10}
2026-04-05 00:57:43,331 [app.kafka_producer] INFO: Sent to comment-events: {'broadcast': True, 'type': 'new_comment_broadcast', 'comment': {'id': 10, 'content': 'Solid advice. We adopted this pattern last quarter and it worked great.', 'thread_id': 2, 'author': {'id': 6, 'username': 'frank', 'avatar': None}, 'parent_comment_id': None, 'created_at': '2026-04-05 00:57:43.263893', 'updated_at': '2026-04-05 00:57:43.263893', 'like_count': 0, 'liked_by_me': False, 'reply_count': 0, 'replies': []}}
2026-04-05 00:57:43,363 [httpx] INFO: HTTP Request: GET http://user_service:8002/users/8 "HTTP/1.1 200 OK"
2026-04-05 00:57:43,399 [httpx] INFO: HTTP Request: GET http://thread_service:8003/threads/2 "HTTP/1.1 200 OK"
2026-04-05 00:57:43,402 [app.kafka_producer] INFO: Sent to comment-events: {'event': 'new_comment', 'user_id': 2, 'type': 'new_comment', 'message': 'henry commented on your thread', 'reference_id': 11}
2026-04-05 00:57:43,403 [app.kafka_producer] INFO: Sent to comment-events: {'broadcast': True, 'type': 'new_comment_broadcast', 'comment': {'id': 11, 'content': 'I switched from the old approach to this one and never looked back.', 'thread_id': 2, 'author': {'id': 8, 'username': 'henry', 'avatar': None}, 'parent_comment_id': None, 'created_at': '2026-04-05 00:57:43.370257', 'updated_at': '2026-04-05 00:57:43.370257', 'like_count': 0, 'liked_by_me': False, 'reply_count': 0, 'replies': []}}
2026-04-05 00:57:43,428 [httpx] INFO: HTTP Request: GET http://user_service:8002/users/7 "HTTP/1.1 200 OK"
2026-04-05 00:57:43,459 [httpx] INFO: HTTP Request: GET http://thread_service:8003/threads/2 "HTTP/1.1 200 OK"
2026-04-05 00:57:43,463 [app.kafka_producer] INFO: Sent to comment-events: {'event': 'new_comment', 'user_id': 2, 'type': 'new_comment', 'message': 'grace commented on your thread', 'reference_id': 12}
2026-04-05 00:57:43,466 [app.kafka_producer] INFO: Sent to comment-events: {'broadcast': True, 'type': 'new_comment_broadcast', 'comment': {'id': 12, 'content': 'Underrated topic! More people should be talking about this.', 'thread_id': 2, 'author': {'id': 7, 'username': 'grace', 'avatar': None}, 'parent_comment_id': None, 'created_at': '2026-04-05 00:57:43.434234', 'updated_at': '2026-04-05 00:57:43.434234', 'like_count': 0, 'liked_by_me': False, 'reply_count': 0, 'replies': []}}
2026-04-05 00:57:43,490 [httpx] INFO: HTTP Request: GET http://user_service:8002/users/18 "HTTP/1.1 200 OK"
2026-04-05 00:57:43,520 [httpx] INFO: HTTP Request: GET http://thread_service:8003/threads/3 "HTTP/1.1 200 OK"
2026-04-05 00:57:43,522 [app.kafka_producer] INFO: Sent to comment-events: {'event': 'new_comment', 'user_id': 3, 'type': 'new_comment', 'message': 'rachel commented on your thread', 'reference_id': 13}
2026-04-05 00:57:43,524 [app.kafka_producer] INFO: Sent to comment-events: {'broadcast': True, 'type': 'new_comment_broadcast', 'comment': {'id': 13, 'content': 'Interesting perspective. Have you considered the trade-offs with scalability?', 'thread_id': 3, 'author': {'id': 18, 'username': 'rachel', 'avatar': None}, 'parent_comment_id': None, 'created_at': '2026-04-05 00:57:43.496425', 'updated_at': '2026-04-05 00:57:43.496425', 'like_count': 0, 'liked_by_me': False, 'reply_count': 0, 'replies': []}}
2026-04-05 00:57:43,569 [httpx] INFO: HTTP Request: GET http://thread_service:8003/threads/3 "HTTP/1.1 200 OK"
2026-04-05 00:57:43,571 [app.kafka_producer] INFO: Sent to comment-events: {'event': 'new_comment', 'user_id': 3, 'type': 'new_comment', 'message': 'peter commented on your thread', 'reference_id': 14}
2026-04-05 00:57:43,575 [app.kafka_producer] INFO: Sent to comment-events: {'broadcast': True, 'type': 'new_comment_broadcast', 'comment': {'id': 14, 'content': 'Would be great to see a benchmark comparing the two approaches.', 'thread_id': 3, 'author': {'id': 16, 'username': 'peter', 'avatar': None}, 'parent_comment_id': None, 'created_at': '2026-04-05 00:57:43.538494', 'updated_at': '2026-04-05 00:57:43.538494', 'like_count': 0, 'liked_by_me': False, 'reply_count': 0, 'replies': []}}
2026-04-05 00:57:43,599 [httpx] INFO: HTTP Request: GET http://user_service:8002/users/1 "HTTP/1.1 200 OK"
2026-04-05 00:57:43,634 [httpx] INFO: HTTP Request: GET http://thread_service:8003/threads/3 "HTTP/1.1 200 OK"
2026-04-05 00:57:43,636 [app.kafka_producer] INFO: Sent to comment-events: {'event': 'new_comment', 'user_id': 3, 'type': 'new_comment', 'message': 'alice commented on your thread', 'reference_id': 15}
2026-04-05 00:57:43,638 [app.kafka_producer] INFO: Sent to comment-events: {'broadcast': True, 'type': 'new_comment_broadcast', 'comment': {'id': 15, 'content': 'Thanks for sharing! This saved me hours of debugging.', 'thread_id': 3, 'author': {'id': 1, 'username': 'alice', 'avatar': None}, 'parent_comment_id': None, 'created_at': '2026-04-05 00:57:43.604791', 'updated_at': '2026-04-05 00:57:43.604791', 'like_count': 0, 'liked_by_me': False, 'reply_count': 0, 'replies': []}}
2026-04-05 00:57:43,666 [httpx] INFO: HTTP Request: GET http://user_service:8002/users/14 "HTTP/1.1 200 OK"
2026-04-05 00:57:43,696 [httpx] INFO: HTTP Request: GET http://thread_service:8003/threads/3 "HTTP/1.1 200 OK"
2026-04-05 00:57:43,699 [app.kafka_producer] INFO: Sent to comment-events: {'event': 'new_comment', 'user_id': 3, 'type': 'new_comment', 'message': 'noah commented on your thread', 'reference_id': 16}
2026-04-05 00:57:43,701 [app.kafka_producer] INFO: Sent to comment-events: {'broadcast': True, 'type': 'new_comment_broadcast', 'comment': {'id': 16, 'content': "Has anyone benchmarked this? I'm curious about the performance impact.", 'thread_id': 3, 'author': {'id': 14, 'username': 'noah', 'avatar': None}, 'parent_comment_id': None, 'created_at': '2026-04-05 00:57:43.671873', 'updated_at': '2026-04-05 00:57:43.671873', 'like_count': 0, 'liked_by_me': False, 'reply_count': 0, 'replies': []}}
2026-04-05 00:57:43,743 [httpx] INFO: HTTP Request: GET http://thread_service:8003/threads/3 "HTTP/1.1 200 OK"
2026-04-05 00:57:43,745 [app.kafka_producer] INFO: Sent to comment-events: {'event': 'new_comment', 'user_id': 3, 'type': 'new_comment', 'message': 'henry commented on your thread', 'reference_id': 17}
2026-04-05 00:57:43,748 [app.kafka_producer] INFO: Sent to comment-events: {'broadcast': True, 'type': 'new_comment_broadcast', 'comment': {'id': 17, 'content': 'Nice! Would love to see a follow-up thread on advanced use cases.', 'thread_id': 3, 'author': {'id': 8, 'username': 'henry', 'avatar': None}, 'parent_comment_id': None, 'created_at': '2026-04-05 00:57:43.716336', 'updated_at': '2026-04-05 00:57:43.716336', 'like_count': 0, 'liked_by_me': False, 'reply_count': 0, 'replies': []}}
2026-04-05 00:57:43,772 [httpx] INFO: HTTP Request: GET http://user_service:8002/users/13 "HTTP/1.1 200 OK"
2026-04-05 00:57:43,806 [httpx] INFO: HTTP Request: GET http://thread_service:8003/threads/3 "HTTP/1.1 200 OK"
2026-04-05 00:57:43,809 [app.kafka_producer] INFO: Sent to comment-events: {'event': 'new_comment', 'user_id': 3, 'type': 'new_comment', 'message': 'mia commented on your thread', 'reference_id': 18}
2026-04-05 00:57:43,812 [app.kafka_producer] INFO: Sent to comment-events: {'broadcast': True, 'type': 'new_comment_broadcast', 'comment': {'id': 18, 'content': 'Would be great to see a benchmark comparing the two approaches.', 'thread_id': 3, 'author': {'id': 13, 'username': 'mia', 'avatar': None}, 'parent_comment_id': None, 'created_at': '2026-04-05 00:57:43.779865', 'updated_at': '2026-04-05 00:57:43.779865', 'like_count': 0, 'liked_by_me': False, 'reply_count': 0, 'replies': []}}
2026-04-05 00:57:43,840 [httpx] INFO: HTTP Request: GET http://user_service:8002/users/11 "HTTP/1.1 200 OK"
2026-04-05 00:57:43,870 [httpx] INFO: HTTP Request: GET http://thread_service:8003/threads/4 "HTTP/1.1 200 OK"
2026-04-05 00:57:43,873 [app.kafka_producer] INFO: Sent to comment-events: {'event': 'new_comment', 'user_id': 4, 'type': 'new_comment', 'message': 'karen commented on your thread', 'reference_id': 19}
2026-04-05 00:57:43,875 [app.kafka_producer] INFO: Sent to comment-events: {'broadcast': True, 'type': 'new_comment_broadcast', 'comment': {'id': 19, 'content': 'Thanks for sharing! This saved me hours of debugging.', 'thread_id': 4, 'author': {'id': 11, 'username': 'karen', 'avatar': None}, 'parent_comment_id': None, 'created_at': '2026-04-05 00:57:43.845717', 'updated_at': '2026-04-05 00:57:43.845717', 'like_count': 0, 'liked_by_me': False, 'reply_count': 0, 'replies': []}}
2026-04-05 00:57:43,930 [httpx] INFO: HTTP Request: GET http://thread_service:8003/threads/4 "HTTP/1.1 200 OK"
2026-04-05 00:57:43,934 [app.kafka_producer] INFO: Sent to comment-events: {'event': 'new_comment', 'user_id': 4, 'type': 'new_comment', 'message': 'karen commented on your thread', 'reference_id': 20}
2026-04-05 00:57:43,937 [app.kafka_producer] INFO: Sent to comment-events: {'broadcast': True, 'type': 'new_comment_broadcast', 'comment': {'id': 20, 'content': 'I switched from the old approach to this one and never looked back.', 'thread_id': 4, 'author': {'id': 11, 'username': 'karen', 'avatar': None}, 'parent_comment_id': None, 'created_at': '2026-04-05 00:57:43.888917', 'updated_at': '2026-04-05 00:57:43.888917', 'like_count': 0, 'liked_by_me': False, 'reply_count': 0, 'replies': []}}
2026-04-05 00:57:43,961 [httpx] INFO: HTTP Request: GET http://user_service:8002/users/17 "HTTP/1.1 200 OK"
2026-04-05 00:57:43,993 [httpx] INFO: HTTP Request: GET http://thread_service:8003/threads/4 "HTTP/1.1 200 OK"
2026-04-05 00:57:43,995 [app.kafka_producer] INFO: Sent to comment-events: {'event': 'new_comment', 'user_id': 4, 'type': 'new_comment', 'message': 'quinn commented on your thread', 'reference_id': 21}
2026-04-05 00:57:43,997 [app.kafka_producer] INFO: Sent to comment-events: {'broadcast': True, 'type': 'new_comment_broadcast', 'comment': {'id': 21, 'content': 'Adding to the list: do not forget about edge cases with concurrent requests.', 'thread_id': 4, 'author': {'id': 17, 'username': 'quinn', 'avatar': None}, 'parent_comment_id': None, 'created_at': '2026-04-05 00:57:43.966971', 'updated_at': '2026-04-05 00:57:43.966971', 'like_count': 0, 'liked_by_me': False, 'reply_count': 0, 'replies': []}}
2026-04-05 00:57:44,022 [httpx] INFO: HTTP Request: GET http://user_service:8002/users/9 "HTTP/1.1 200 OK"
2026-04-05 00:57:44,055 [httpx] INFO: HTTP Request: GET http://thread_service:8003/threads/4 "HTTP/1.1 200 OK"
2026-04-05 00:57:44,057 [app.kafka_producer] INFO: Sent to comment-events: {'event': 'new_comment', 'user_id': 4, 'type': 'new_comment', 'message': 'ivy commented on your thread', 'reference_id': 22}
2026-04-05 00:57:44,059 [app.kafka_producer] INFO: Sent to comment-events: {'broadcast': True, 'type': 'new_comment_broadcast', 'comment': {'id': 22, 'content': "Good write-up! I'd add that error handling is also critical here.", 'thread_id': 4, 'author': {'id': 9, 'username': 'ivy', 'avatar': None}, 'parent_comment_id': None, 'created_at': '2026-04-05 00:57:44.027597', 'updated_at': '2026-04-05 00:57:44.027597', 'like_count': 0, 'liked_by_me': False, 'reply_count': 0, 'replies': []}}
2026-04-05 00:57:44,097 [httpx] INFO: HTTP Request: GET http://thread_service:8003/threads/4 "HTTP/1.1 200 OK"
2026-04-05 00:57:44,098 [app.kafka_producer] INFO: Sent to comment-events: {'event': 'new_comment', 'user_id': 4, 'type': 'new_comment', 'message': 'alice commented on your thread', 'reference_id': 23}
2026-04-05 00:57:44,100 [app.kafka_producer] INFO: Sent to comment-events: {'broadcast': True, 'type': 'new_comment_broadcast', 'comment': {'id': 23, 'content': 'This is exactly what I was looking for — bookmarked!', 'thread_id': 4, 'author': {'id': 1, 'username': 'alice', 'avatar': None}, 'parent_comment_id': None, 'created_at': '2026-04-05 00:57:44.073244', 'updated_at': '2026-04-05 00:57:44.073244', 'like_count': 0, 'liked_by_me': False, 'reply_count': 0, 'replies': []}}
2026-04-05 00:57:44,124 [httpx] INFO: HTTP Request: GET http://user_service:8002/users/5 "HTTP/1.1 200 OK"
2026-04-05 00:57:44,155 [httpx] INFO: HTTP Request: GET http://thread_service:8003/threads/5 "HTTP/1.1 200 OK"
2026-04-05 00:57:44,158 [app.kafka_producer] INFO: Sent to comment-events: {'broadcast': True, 'type': 'new_comment_broadcast', 'comment': {'id': 24, 'content': 'This reminded me of a talk I saw at PyCon. Very relevant.', 'thread_id': 5, 'author': {'id': 5, 'username': 'eve', 'avatar': None}, 'parent_comment_id': None, 'created_at': '2026-04-05 00:57:44.131253', 'updated_at': '2026-04-05 00:57:44.131253', 'like_count': 0, 'liked_by_me': False, 'reply_count': 0, 'replies': []}}
2026-04-05 00:57:44,178 [httpx] INFO: HTTP Request: GET http://user_service:8002/users/10 "HTTP/1.1 200 OK"
2026-04-05 00:57:44,205 [httpx] INFO: HTTP Request: GET http://thread_service:8003/threads/5 "HTTP/1.1 200 OK"
2026-04-05 00:57:44,208 [app.kafka_producer] INFO: Sent to comment-events: {'event': 'new_comment', 'user_id': 5, 'type': 'new_comment', 'message': 'jack commented on your thread', 'reference_id': 25}
2026-04-05 00:57:44,210 [app.kafka_producer] INFO: Sent to comment-events: {'broadcast': True, 'type': 'new_comment_broadcast', 'comment': {'id': 25, 'content': 'Underrated topic! More people should be talking about this.', 'thread_id': 5, 'author': {'id': 10, 'username': 'jack', 'avatar': None}, 'parent_comment_id': None, 'created_at': '2026-04-05 00:57:44.182950', 'updated_at': '2026-04-05 00:57:44.182950', 'like_count': 0, 'liked_by_me': False, 'reply_count': 0, 'replies': []}}
2026-04-05 00:57:44,246 [httpx] INFO: HTTP Request: GET http://thread_service:8003/threads/5 "HTTP/1.1 200 OK"
2026-04-05 00:57:44,248 [app.kafka_producer] INFO: Sent to comment-events: {'event': 'new_comment', 'user_id': 5, 'type': 'new_comment', 'message': 'henry commented on your thread', 'reference_id': 26}
2026-04-05 00:57:44,251 [app.kafka_producer] INFO: Sent to comment-events: {'broadcast': True, 'type': 'new_comment_broadcast', 'comment': {'id': 26, 'content': "Has anyone benchmarked this? I'm curious about the performance impact.", 'thread_id': 5, 'author': {'id': 8, 'username': 'henry', 'avatar': None}, 'parent_comment_id': None, 'created_at': '2026-04-05 00:57:44.223050', 'updated_at': '2026-04-05 00:57:44.223050', 'like_count': 0, 'liked_by_me': False, 'reply_count': 0, 'replies': []}}
2026-04-05 00:57:44,292 [httpx] INFO: HTTP Request: GET http://thread_service:8003/threads/5 "HTTP/1.1 200 OK"
2026-04-05 00:57:44,295 [app.kafka_producer] INFO: Sent to comment-events: {'event': 'new_comment', 'user_id': 5, 'type': 'new_comment', 'message': 'sam commented on your thread', 'reference_id': 27}
2026-04-05 00:57:44,298 [app.kafka_producer] INFO: Sent to comment-events: {'broadcast': True, 'type': 'new_comment_broadcast', 'comment': {'id': 27, 'content': 'Nice! Would love to see a follow-up thread on advanced use cases.', 'thread_id': 5, 'author': {'id': 19, 'username': 'sam', 'avatar': None}, 'parent_comment_id': None, 'created_at': '2026-04-05 00:57:44.264976', 'updated_at': '2026-04-05 00:57:44.264976', 'like_count': 0, 'liked_by_me': False, 'reply_count': 0, 'replies': []}}
2026-04-05 00:57:44,320 [httpx] INFO: HTTP Request: GET http://user_service:8002/users/12 "HTTP/1.1 200 OK"
2026-04-05 00:57:44,362 [httpx] INFO: HTTP Request: GET http://thread_service:8003/threads/5 "HTTP/1.1 200 OK"
2026-04-05 00:57:44,365 [app.kafka_producer] INFO: Sent to comment-events: {'event': 'new_comment', 'user_id': 5, 'type': 'new_comment', 'message': 'leo commented on your thread', 'reference_id': 28}
2026-04-05 00:57:44,368 [app.kafka_producer] INFO: Sent to comment-events: {'broadcast': True, 'type': 'new_comment_broadcast', 'comment': {'id': 28, 'content': 'This reminded me of a talk I saw at PyCon. Very relevant.', 'thread_id': 5, 'author': {'id': 12, 'username': 'leo', 'avatar': None}, 'parent_comment_id': None, 'created_at': '2026-04-05 00:57:44.324720', 'updated_at': '2026-04-05 00:57:44.324720', 'like_count': 0, 'liked_by_me': False, 'reply_count': 0, 'replies': []}}
2026-04-05 00:57:44,411 [httpx] INFO: HTTP Request: GET http://thread_service:8003/threads/5 "HTTP/1.1 200 OK"
2026-04-05 00:57:44,413 [app.kafka_producer] INFO: Sent to comment-events: {'event': 'new_comment', 'user_id': 5, 'type': 'new_comment', 'message': 'karen commented on your thread', 'reference_id': 29}
2026-04-05 00:57:44,415 [app.kafka_producer] INFO: Sent to comment-events: {'broadcast': True, 'type': 'new_comment_broadcast', 'comment': {'id': 29, 'content': 'I switched from the old approach to this one and never looked back.', 'thread_id': 5, 'author': {'id': 11, 'username': 'karen', 'avatar': None}, 'parent_comment_id': None, 'created_at': '2026-04-05 00:57:44.384596', 'updated_at': '2026-04-05 00:57:44.384596', 'like_count': 0, 'liked_by_me': False, 'reply_count': 0, 'replies': []}}
2026-04-05 00:57:44,452 [httpx] INFO: HTTP Request: GET http://thread_service:8003/threads/5 "HTTP/1.1 200 OK"
2026-04-05 00:57:44,454 [app.kafka_producer] INFO: Sent to comment-events: {'event': 'new_comment', 'user_id': 5, 'type': 'new_comment', 'message': 'jack commented on your thread', 'reference_id': 30}
2026-04-05 00:57:44,456 [app.kafka_producer] INFO: Sent to comment-events: {'broadcast': True, 'type': 'new_comment_broadcast', 'comment': {'id': 30, 'content': 'Thanks for sharing! This saved me hours of debugging.', 'thread_id': 5, 'author': {'id': 10, 'username': 'jack', 'avatar': None}, 'parent_comment_id': None, 'created_at': '2026-04-05 00:57:44.428579', 'updated_at': '2026-04-05 00:57:44.428579', 'like_count': 0, 'liked_by_me': False, 'reply_count': 0, 'replies': []}}
2026-04-05 00:57:44,555 [httpx] INFO: HTTP Request: GET http://thread_service:8003/threads/6 "HTTP/1.1 200 OK"
2026-04-05 00:57:44,558 [app.kafka_producer] INFO: Sent to comment-events: {'event': 'new_comment', 'user_id': 6, 'type': 'new_comment', 'message': 'henry commented on your thread', 'reference_id': 31}
2026-04-05 00:57:44,561 [app.kafka_producer] INFO: Sent to comment-events: {'broadcast': True, 'type': 'new_comment_broadcast', 'comment': {'id': 31, 'content': 'Nice! Would love to see a follow-up thread on advanced use cases.', 'thread_id': 6, 'author': {'id': 8, 'username': 'henry', 'avatar': None}, 'parent_comment_id': None, 'created_at': '2026-04-05 00:57:44.513034', 'updated_at': '2026-04-05 00:57:44.513034', 'like_count': 0, 'liked_by_me': False, 'reply_count': 0, 'replies': []}}
2026-04-05 00:57:44,630 [httpx] INFO: HTTP Request: GET http://thread_service:8003/threads/6 "HTTP/1.1 200 OK"
2026-04-05 00:57:44,633 [app.kafka_producer] INFO: Sent to comment-events: {'event': 'new_comment', 'user_id': 6, 'type': 'new_comment', 'message': 'grace commented on your thread', 'reference_id': 32}
2026-04-05 00:57:44,635 [app.kafka_producer] INFO: Sent to comment-events: {'broadcast': True, 'type': 'new_comment_broadcast', 'comment': {'id': 32, 'content': 'This thread is gold. More discussions like this please!', 'thread_id': 6, 'author': {'id': 7, 'username': 'grace', 'avatar': None}, 'parent_comment_id': None, 'created_at': '2026-04-05 00:57:44.604231', 'updated_at': '2026-04-05 00:57:44.604231', 'like_count': 0, 'liked_by_me': False, 'reply_count': 0, 'replies': []}}
2026-04-05 00:57:44,678 [httpx] INFO: HTTP Request: GET http://thread_service:8003/threads/6 "HTTP/1.1 200 OK"
2026-04-05 00:57:44,682 [app.kafka_producer] INFO: Sent to comment-events: {'event': 'new_comment', 'user_id': 6, 'type': 'new_comment', 'message': 'grace commented on your thread', 'reference_id': 33}
2026-04-05 00:57:44,684 [app.kafka_producer] INFO: Sent to comment-events: {'broadcast': True, 'type': 'new_comment_broadcast', 'comment': {'id': 33, 'content': 'Great point! I totally agree with this approach.', 'thread_id': 6, 'author': {'id': 7, 'username': 'grace', 'avatar': None}, 'parent_comment_id': None, 'created_at': '2026-04-05 00:57:44.650200', 'updated_at': '2026-04-05 00:57:44.650200', 'like_count': 0, 'liked_by_me': False, 'reply_count': 0, 'replies': []}}
2026-04-05 00:57:44,725 [httpx] INFO: HTTP Request: GET http://thread_service:8003/threads/6 "HTTP/1.1 200 OK"
2026-04-05 00:57:44,728 [app.kafka_producer] INFO: Sent to comment-events: {'broadcast': True, 'type': 'new_comment_broadcast', 'comment': {'id': 34, 'content': 'This is exactly what I was looking for — bookmarked!', 'thread_id': 6, 'author': {'id': 6, 'username': 'frank', 'avatar': None}, 'parent_comment_id': None, 'created_at': '2026-04-05 00:57:44.700525', 'updated_at': '2026-04-05 00:57:44.700525', 'like_count': 0, 'liked_by_me': False, 'reply_count': 0, 'replies': []}}
2026-04-05 00:57:44,769 [httpx] INFO: HTTP Request: GET http://thread_service:8003/threads/6 "HTTP/1.1 200 OK"
2026-04-05 00:57:44,772 [app.kafka_producer] INFO: Sent to comment-events: {'event': 'new_comment', 'user_id': 6, 'type': 'new_comment', 'message': 'noah commented on your thread', 'reference_id': 35}
2026-04-05 00:57:44,774 [app.kafka_producer] INFO: Sent to comment-events: {'broadcast': True, 'type': 'new_comment_broadcast', 'comment': {'id': 35, 'content': 'Great point! I totally agree with this approach.', 'thread_id': 6, 'author': {'id': 14, 'username': 'noah', 'avatar': None}, 'parent_comment_id': None, 'created_at': '2026-04-05 00:57:44.742062', 'updated_at': '2026-04-05 00:57:44.742062', 'like_count': 0, 'liked_by_me': False, 'reply_count': 0, 'replies': []}}
2026-04-05 00:57:44,812 [httpx] INFO: HTTP Request: GET http://thread_service:8003/threads/6 "HTTP/1.1 200 OK"
2026-04-05 00:57:44,815 [app.kafka_producer] INFO: Sent to comment-events: {'event': 'new_comment', 'user_id': 6, 'type': 'new_comment', 'message': 'eve commented on your thread', 'reference_id': 36}
2026-04-05 00:57:44,817 [app.kafka_producer] INFO: Sent to comment-events: {'broadcast': True, 'type': 'new_comment_broadcast', 'comment': {'id': 36, 'content': 'This thread is gold. More discussions like this please!', 'thread_id': 6, 'author': {'id': 5, 'username': 'eve', 'avatar': None}, 'parent_comment_id': None, 'created_at': '2026-04-05 00:57:44.788498', 'updated_at': '2026-04-05 00:57:44.788498', 'like_count': 0, 'liked_by_me': False, 'reply_count': 0, 'replies': []}}
2026-04-05 00:57:44,856 [httpx] INFO: HTTP Request: GET http://thread_service:8003/threads/7 "HTTP/1.1 200 OK"
2026-04-05 00:57:44,858 [app.kafka_producer] INFO: Sent to comment-events: {'event': 'new_comment', 'user_id': 7, 'type': 'new_comment', 'message': 'leo commented on your thread', 'reference_id': 37}
2026-04-05 00:57:44,860 [app.kafka_producer] INFO: Sent to comment-events: {'broadcast': True, 'type': 'new_comment_broadcast', 'comment': {'id': 37, 'content': 'This reminded me of a talk I saw at PyCon. Very relevant.', 'thread_id': 7, 'author': {'id': 12, 'username': 'leo', 'avatar': None}, 'parent_comment_id': None, 'created_at': '2026-04-05 00:57:44.830328', 'updated_at': '2026-04-05 00:57:44.830328', 'like_count': 0, 'liked_by_me': False, 'reply_count': 0, 'replies': []}}
2026-04-05 00:57:44,883 [httpx] INFO: HTTP Request: GET http://user_service:8002/users/15 "HTTP/1.1 200 OK"
2026-04-05 00:57:44,956 [httpx] INFO: HTTP Request: GET http://thread_service:8003/threads/7 "HTTP/1.1 200 OK"
2026-04-05 00:57:44,959 [app.kafka_producer] INFO: Sent to comment-events: {'event': 'new_comment', 'user_id': 7, 'type': 'new_comment', 'message': 'olivia commented on your thread', 'reference_id': 38}
2026-04-05 00:57:44,961 [app.kafka_producer] INFO: Sent to comment-events: {'broadcast': True, 'type': 'new_comment_broadcast', 'comment': {'id': 38, 'content': 'I respectfully disagree. In my experience the opposite is true at scale.', 'thread_id': 7, 'author': {'id': 15, 'username': 'olivia', 'avatar': None}, 'parent_comment_id': None, 'created_at': '2026-04-05 00:57:44.925491', 'updated_at': '2026-04-05 00:57:44.925491', 'like_count': 0, 'liked_by_me': False, 'reply_count': 0, 'replies': []}}
2026-04-05 00:57:44,999 [httpx] INFO: HTTP Request: GET http://thread_service:8003/threads/7 "HTTP/1.1 200 OK"
2026-04-05 00:57:45,002 [app.kafka_producer] INFO: Sent to comment-events: {'event': 'new_comment', 'user_id': 7, 'type': 'new_comment', 'message': 'diana commented on your thread', 'reference_id': 39}
2026-04-05 00:57:45,004 [app.kafka_producer] INFO: Sent to comment-events: {'broadcast': True, 'type': 'new_comment_broadcast', 'comment': {'id': 39, 'content': 'Thanks for sharing! This saved me hours of debugging.', 'thread_id': 7, 'author': {'id': 4, 'username': 'diana', 'avatar': None}, 'parent_comment_id': None, 'created_at': '2026-04-05 00:57:44.975609', 'updated_at': '2026-04-05 00:57:44.975609', 'like_count': 0, 'liked_by_me': False, 'reply_count': 0, 'replies': []}}
2026-04-05 00:57:45,041 [httpx] INFO: HTTP Request: GET http://thread_service:8003/threads/7 "HTTP/1.1 200 OK"
2026-04-05 00:57:45,043 [app.kafka_producer] INFO: Sent to comment-events: {'event': 'new_comment', 'user_id': 7, 'type': 'new_comment', 'message': 'karen commented on your thread', 'reference_id': 40}
2026-04-05 00:57:45,045 [app.kafka_producer] INFO: Sent to comment-events: {'broadcast': True, 'type': 'new_comment_broadcast', 'comment': {'id': 40, 'content': 'We ran into the exact same issue last sprint. Here is how we fixed it.', 'thread_id': 7, 'author': {'id': 11, 'username': 'karen', 'avatar': None}, 'parent_comment_id': None, 'created_at': '2026-04-05 00:57:45.016140', 'updated_at': '2026-04-05 00:57:45.016140', 'like_count': 0, 'liked_by_me': False, 'reply_count': 0, 'replies': []}}
2026-04-05 00:57:45,089 [httpx] INFO: HTTP Request: GET http://thread_service:8003/threads/7 "HTTP/1.1 200 OK"
2026-04-05 00:57:45,092 [app.kafka_producer] INFO: Sent to comment-events: {'event': 'new_comment', 'user_id': 7, 'type': 'new_comment', 'message': 'karen commented on your thread', 'reference_id': 41}
2026-04-05 00:57:45,095 [app.kafka_producer] INFO: Sent to comment-events: {'broadcast': True, 'type': 'new_comment_broadcast', 'comment': {'id': 41, 'content': 'Interesting perspective. Have you considered the trade-offs with scalability?', 'thread_id': 7, 'author': {'id': 11, 'username': 'karen', 'avatar': None}, 'parent_comment_id': None, 'created_at': '2026-04-05 00:57:45.061786', 'updated_at': '2026-04-05 00:57:45.061786', 'like_count': 0, 'liked_by_me': False, 'reply_count': 0, 'replies': []}}
2026-04-05 00:57:45,135 [httpx] INFO: HTTP Request: GET http://thread_service:8003/threads/7 "HTTP/1.1 200 OK"
2026-04-05 00:57:45,137 [app.kafka_producer] INFO: Sent to comment-events: {'event': 'new_comment', 'user_id': 7, 'type': 'new_comment', 'message': 'rachel commented on your thread', 'reference_id': 42}
2026-04-05 00:57:45,139 [app.kafka_producer] INFO: Sent to comment-events: {'broadcast': True, 'type': 'new_comment_broadcast', 'comment': {'id': 42, 'content': 'I respectfully disagree. In my experience the opposite is true at scale.', 'thread_id': 7, 'author': {'id': 18, 'username': 'rachel', 'avatar': None}, 'parent_comment_id': None, 'created_at': '2026-04-05 00:57:45.109594', 'updated_at': '2026-04-05 00:57:45.109594', 'like_count': 0, 'liked_by_me': False, 'reply_count': 0, 'replies': []}}
2026-04-05 00:57:45,180 [httpx] INFO: HTTP Request: GET http://thread_service:8003/threads/8 "HTTP/1.1 200 OK"
2026-04-05 00:57:45,182 [app.kafka_producer] INFO: Sent to comment-events: {'event': 'new_comment', 'user_id': 8, 'type': 'new_comment', 'message': 'jack commented on your thread', 'reference_id': 43}
2026-04-05 00:57:45,183 [app.kafka_producer] INFO: Sent to comment-events: {'broadcast': True, 'type': 'new_comment_broadcast', 'comment': {'id': 43, 'content': 'This thread is gold. More discussions like this please!', 'thread_id': 8, 'author': {'id': 10, 'username': 'jack', 'avatar': None}, 'parent_comment_id': None, 'created_at': '2026-04-05 00:57:45.155152', 'updated_at': '2026-04-05 00:57:45.155152', 'like_count': 0, 'liked_by_me': False, 'reply_count': 0, 'replies': []}}
2026-04-05 00:57:45,222 [httpx] INFO: HTTP Request: GET http://thread_service:8003/threads/8 "HTTP/1.1 200 OK"
2026-04-05 00:57:45,224 [app.kafka_producer] INFO: Sent to comment-events: {'event': 'new_comment', 'user_id': 8, 'type': 'new_comment', 'message': 'bob commented on your thread', 'reference_id': 44}
2026-04-05 00:57:45,226 [app.kafka_producer] INFO: Sent to comment-events: {'broadcast': True, 'type': 'new_comment_broadcast', 'comment': {'id': 44, 'content': "I had a similar experience. Here's what worked for me in production.", 'thread_id': 8, 'author': {'id': 2, 'username': 'bob', 'avatar': None}, 'parent_comment_id': None, 'created_at': '2026-04-05 00:57:45.198373', 'updated_at': '2026-04-05 00:57:45.198373', 'like_count': 0, 'liked_by_me': False, 'reply_count': 0, 'replies': []}}
2026-04-05 00:57:45,274 [httpx] INFO: HTTP Request: GET http://thread_service:8003/threads/8 "HTTP/1.1 200 OK"
2026-04-05 00:57:45,276 [app.kafka_producer] INFO: Sent to comment-events: {'event': 'new_comment', 'user_id': 8, 'type': 'new_comment', 'message': 'noah commented on your thread', 'reference_id': 45}
2026-04-05 00:57:45,278 [app.kafka_producer] INFO: Sent to comment-events: {'broadcast': True, 'type': 'new_comment_broadcast', 'comment': {'id': 45, 'content': "Has anyone benchmarked this? I'm curious about the performance impact.", 'thread_id': 8, 'author': {'id': 14, 'username': 'noah', 'avatar': None}, 'parent_comment_id': None, 'created_at': '2026-04-05 00:57:45.240774', 'updated_at': '2026-04-05 00:57:45.240774', 'like_count': 0, 'liked_by_me': False, 'reply_count': 0, 'replies': []}}
2026-04-05 00:57:45,317 [httpx] INFO: HTTP Request: GET http://thread_service:8003/threads/8 "HTTP/1.1 200 OK"
2026-04-05 00:57:45,319 [app.kafka_producer] INFO: Sent to comment-events: {'event': 'new_comment', 'user_id': 8, 'type': 'new_comment', 'message': 'ivy commented on your thread', 'reference_id': 46}
2026-04-05 00:57:45,323 [app.kafka_producer] INFO: Sent to comment-events: {'broadcast': True, 'type': 'new_comment_broadcast', 'comment': {'id': 46, 'content': 'Just deployed this in staging and the results are promising.', 'thread_id': 8, 'author': {'id': 9, 'username': 'ivy', 'avatar': None}, 'parent_comment_id': None, 'created_at': '2026-04-05 00:57:45.292239', 'updated_at': '2026-04-05 00:57:45.292239', 'like_count': 0, 'liked_by_me': False, 'reply_count': 0, 'replies': []}}
2026-04-05 00:57:45,378 [httpx] INFO: HTTP Request: GET http://thread_service:8003/threads/9 "HTTP/1.1 200 OK"
2026-04-05 00:57:45,380 [app.kafka_producer] INFO: Sent to comment-events: {'event': 'new_comment', 'user_id': 9, 'type': 'new_comment', 'message': 'leo commented on your thread', 'reference_id': 47}
2026-04-05 00:57:45,382 [app.kafka_producer] INFO: Sent to comment-events: {'broadcast': True, 'type': 'new_comment_broadcast', 'comment': {'id': 47, 'content': "Good write-up! I'd add that error handling is also critical here.", 'thread_id': 9, 'author': {'id': 12, 'username': 'leo', 'avatar': None}, 'parent_comment_id': None, 'created_at': '2026-04-05 00:57:45.338441', 'updated_at': '2026-04-05 00:57:45.338441', 'like_count': 0, 'liked_by_me': False, 'reply_count': 0, 'replies': []}}
2026-04-05 00:57:45,425 [httpx] INFO: HTTP Request: GET http://thread_service:8003/threads/9 "HTTP/1.1 200 OK"
2026-04-05 00:57:45,428 [app.kafka_producer] INFO: Sent to comment-events: {'event': 'new_comment', 'user_id': 9, 'type': 'new_comment', 'message': 'grace commented on your thread', 'reference_id': 48}
2026-04-05 00:57:45,430 [app.kafka_producer] INFO: Sent to comment-events: {'broadcast': True, 'type': 'new_comment_broadcast', 'comment': {'id': 48, 'content': 'Underrated topic! More people should be talking about this.', 'thread_id': 9, 'author': {'id': 7, 'username': 'grace', 'avatar': None}, 'parent_comment_id': None, 'created_at': '2026-04-05 00:57:45.397615', 'updated_at': '2026-04-05 00:57:45.397615', 'like_count': 0, 'liked_by_me': False, 'reply_count': 0, 'replies': []}}
2026-04-05 00:57:45,469 [httpx] INFO: HTTP Request: GET http://thread_service:8003/threads/9 "HTTP/1.1 200 OK"
2026-04-05 00:57:45,471 [app.kafka_producer] INFO: Sent to comment-events: {'event': 'new_comment', 'user_id': 9, 'type': 'new_comment', 'message': 'eve commented on your thread', 'reference_id': 49}
2026-04-05 00:57:45,474 [app.kafka_producer] INFO: Sent to comment-events: {'broadcast': True, 'type': 'new_comment_broadcast', 'comment': {'id': 49, 'content': 'We ran into the exact same issue last sprint. Here is how we fixed it.', 'thread_id': 9, 'author': {'id': 5, 'username': 'eve', 'avatar': None}, 'parent_comment_id': None, 'created_at': '2026-04-05 00:57:45.444173', 'updated_at': '2026-04-05 00:57:45.444173', 'like_count': 0, 'liked_by_me': False, 'reply_count': 0, 'replies': []}}
2026-04-05 00:57:45,516 [httpx] INFO: HTTP Request: GET http://thread_service:8003/threads/9 "HTTP/1.1 200 OK"
2026-04-05 00:57:45,519 [app.kafka_producer] INFO: Sent to comment-events: {'event': 'new_comment', 'user_id': 9, 'type': 'new_comment', 'message': 'grace commented on your thread', 'reference_id': 50}
2026-04-05 00:57:45,520 [app.kafka_producer] INFO: Sent to comment-events: {'broadcast': True, 'type': 'new_comment_broadcast', 'comment': {'id': 50, 'content': 'This reminded me of a talk I saw at PyCon. Very relevant.', 'thread_id': 9, 'author': {'id': 7, 'username': 'grace', 'avatar': None}, 'parent_comment_id': None, 'created_at': '2026-04-05 00:57:45.488786', 'updated_at': '2026-04-05 00:57:45.488786', 'like_count': 0, 'liked_by_me': False, 'reply_count': 0, 'replies': []}}
2026-04-05 00:57:45,567 [httpx] INFO: HTTP Request: GET http://thread_service:8003/threads/9 "HTTP/1.1 200 OK"
2026-04-05 00:57:45,570 [app.kafka_producer] INFO: Sent to comment-events: {'event': 'new_comment', 'user_id': 9, 'type': 'new_comment', 'message': 'karen commented on your thread', 'reference_id': 51}
2026-04-05 00:57:45,572 [app.kafka_producer] INFO: Sent to comment-events: {'broadcast': True, 'type': 'new_comment_broadcast', 'comment': {'id': 51, 'content': 'We use a similar setup at work. One gotcha to watch out for is memory leaks.', 'thread_id': 9, 'author': {'id': 11, 'username': 'karen', 'avatar': None}, 'parent_comment_id': None, 'created_at': '2026-04-05 00:57:45.537410', 'updated_at': '2026-04-05 00:57:45.537410', 'like_count': 0, 'liked_by_me': False, 'reply_count': 0, 'replies': []}}
2026-04-05 00:57:45,623 [httpx] INFO: HTTP Request: GET http://thread_service:8003/threads/9 "HTTP/1.1 200 OK"
2026-04-05 00:57:45,629 [app.kafka_producer] INFO: Sent to comment-events: {'event': 'new_comment', 'user_id': 9, 'type': 'new_comment', 'message': 'quinn commented on your thread', 'reference_id': 52}
2026-04-05 00:57:45,632 [app.kafka_producer] INFO: Sent to comment-events: {'broadcast': True, 'type': 'new_comment_broadcast', 'comment': {'id': 52, 'content': 'Adding to the list: do not forget about edge cases with concurrent requests.', 'thread_id': 9, 'author': {'id': 17, 'username': 'quinn', 'avatar': None}, 'parent_comment_id': None, 'created_at': '2026-04-05 00:57:45.592871', 'updated_at': '2026-04-05 00:57:45.592871', 'like_count': 0, 'liked_by_me': False, 'reply_count': 0, 'replies': []}}
2026-04-05 00:57:45,701 [httpx] INFO: HTTP Request: GET http://thread_service:8003/threads/9 "HTTP/1.1 200 OK"
2026-04-05 00:57:45,704 [app.kafka_producer] INFO: Sent to comment-events: {'event': 'new_comment', 'user_id': 9, 'type': 'new_comment', 'message': 'jack commented on your thread', 'reference_id': 53}
2026-04-05 00:57:45,707 [app.kafka_producer] INFO: Sent to comment-events: {'broadcast': True, 'type': 'new_comment_broadcast', 'comment': {'id': 53, 'content': 'Adding to the list: do not forget about edge cases with concurrent requests.', 'thread_id': 9, 'author': {'id': 10, 'username': 'jack', 'avatar': None}, 'parent_comment_id': None, 'created_at': '2026-04-05 00:57:45.658518', 'updated_at': '2026-04-05 00:57:45.658518', 'like_count': 0, 'liked_by_me': False, 'reply_count': 0, 'replies': []}}
2026-04-05 00:57:45,784 [httpx] INFO: HTTP Request: GET http://thread_service:8003/threads/10 "HTTP/1.1 200 OK"
2026-04-05 00:57:45,788 [app.kafka_producer] INFO: Sent to comment-events: {'event': 'new_comment', 'user_id': 10, 'type': 'new_comment', 'message': 'eve commented on your thread', 'reference_id': 54}
2026-04-05 00:57:45,792 [app.kafka_producer] INFO: Sent to comment-events: {'broadcast': True, 'type': 'new_comment_broadcast', 'comment': {'id': 54, 'content': 'Nice! Would love to see a follow-up thread on advanced use cases.', 'thread_id': 10, 'author': {'id': 5, 'username': 'eve', 'avatar': None}, 'parent_comment_id': None, 'created_at': '2026-04-05 00:57:45.736542', 'updated_at': '2026-04-05 00:57:45.736542', 'like_count': 0, 'liked_by_me': False, 'reply_count': 0, 'replies': []}}
2026-04-05 00:57:45,832 [httpx] INFO: HTTP Request: GET http://user_service:8002/users/3 "HTTP/1.1 200 OK"
2026-04-05 00:57:45,878 [httpx] INFO: HTTP Request: GET http://thread_service:8003/threads/10 "HTTP/1.1 200 OK"
2026-04-05 00:57:45,881 [app.kafka_producer] INFO: Sent to comment-events: {'event': 'new_comment', 'user_id': 10, 'type': 'new_comment', 'message': 'charlie commented on your thread', 'reference_id': 55}
2026-04-05 00:57:45,884 [app.kafka_producer] INFO: Sent to comment-events: {'broadcast': True, 'type': 'new_comment_broadcast', 'comment': {'id': 55, 'content': 'Great point! I totally agree with this approach.', 'thread_id': 10, 'author': {'id': 3, 'username': 'charlie', 'avatar': None}, 'parent_comment_id': None, 'created_at': '2026-04-05 00:57:45.839928', 'updated_at': '2026-04-05 00:57:45.839928', 'like_count': 0, 'liked_by_me': False, 'reply_count': 0, 'replies': []}}
2026-04-05 00:57:45,932 [httpx] INFO: HTTP Request: GET http://thread_service:8003/threads/10 "HTTP/1.1 200 OK"
2026-04-05 00:57:45,935 [app.kafka_producer] INFO: Sent to comment-events: {'broadcast': True, 'type': 'new_comment_broadcast', 'comment': {'id': 56, 'content': 'Adding to the list: do not forget about edge cases with concurrent requests.', 'thread_id': 10, 'author': {'id': 10, 'username': 'jack', 'avatar': None}, 'parent_comment_id': None, 'created_at': '2026-04-05 00:57:45.905114', 'updated_at': '2026-04-05 00:57:45.905114', 'like_count': 0, 'liked_by_me': False, 'reply_count': 0, 'replies': []}}
2026-04-05 00:57:45,977 [httpx] INFO: HTTP Request: GET http://thread_service:8003/threads/10 "HTTP/1.1 200 OK"
2026-04-05 00:57:45,979 [app.kafka_producer] INFO: Sent to comment-events: {'event': 'new_comment', 'user_id': 10, 'type': 'new_comment', 'message': 'leo commented on your thread', 'reference_id': 57}
2026-04-05 00:57:45,982 [app.kafka_producer] INFO: Sent to comment-events: {'broadcast': True, 'type': 'new_comment_broadcast', 'comment': {'id': 57, 'content': 'I respectfully disagree. In my experience the opposite is true at scale.', 'thread_id': 10, 'author': {'id': 12, 'username': 'leo', 'avatar': None}, 'parent_comment_id': None, 'created_at': '2026-04-05 00:57:45.952019', 'updated_at': '2026-04-05 00:57:45.952019', 'like_count': 0, 'liked_by_me': False, 'reply_count': 0, 'replies': []}}
2026-04-05 00:57:46,023 [httpx] INFO: HTTP Request: GET http://thread_service:8003/threads/10 "HTTP/1.1 200 OK"
2026-04-05 00:57:46,025 [app.kafka_producer] INFO: Sent to comment-events: {'event': 'new_comment', 'user_id': 10, 'type': 'new_comment', 'message': 'tina commented on your thread', 'reference_id': 58}
2026-04-05 00:57:46,026 [app.kafka_producer] INFO: Sent to comment-events: {'broadcast': True, 'type': 'new_comment_broadcast', 'comment': {'id': 58, 'content': 'Thanks for sharing! This saved me hours of debugging.', 'thread_id': 10, 'author': {'id': 20, 'username': 'tina', 'avatar': None}, 'parent_comment_id': None, 'created_at': '2026-04-05 00:57:45.996961', 'updated_at': '2026-04-05 00:57:45.996961', 'like_count': 0, 'liked_by_me': False, 'reply_count': 0, 'replies': []}}
2026-04-05 00:57:46,066 [httpx] INFO: HTTP Request: GET http://thread_service:8003/threads/10 "HTTP/1.1 200 OK"
2026-04-05 00:57:46,068 [app.kafka_producer] INFO: Sent to comment-events: {'event': 'new_comment', 'user_id': 10, 'type': 'new_comment', 'message': 'henry commented on your thread', 'reference_id': 59}
2026-04-05 00:57:46,070 [app.kafka_producer] INFO: Sent to comment-events: {'broadcast': True, 'type': 'new_comment_broadcast', 'comment': {'id': 59, 'content': 'Nice! Would love to see a follow-up thread on advanced use cases.', 'thread_id': 10, 'author': {'id': 8, 'username': 'henry', 'avatar': None}, 'parent_comment_id': None, 'created_at': '2026-04-05 00:57:46.041414', 'updated_at': '2026-04-05 00:57:46.041414', 'like_count': 0, 'liked_by_me': False, 'reply_count': 0, 'replies': []}}
2026-04-05 00:57:46,121 [httpx] INFO: HTTP Request: GET http://thread_service:8003/threads/10 "HTTP/1.1 200 OK"
2026-04-05 00:57:46,124 [app.kafka_producer] INFO: Sent to comment-events: {'event': 'new_comment', 'user_id': 10, 'type': 'new_comment', 'message': 'grace commented on your thread', 'reference_id': 60}
2026-04-05 00:57:46,125 [app.kafka_producer] INFO: Sent to comment-events: {'broadcast': True, 'type': 'new_comment_broadcast', 'comment': {'id': 60, 'content': 'I respectfully disagree. In my experience the opposite is true at scale.', 'thread_id': 10, 'author': {'id': 7, 'username': 'grace', 'avatar': None}, 'parent_comment_id': None, 'created_at': '2026-04-05 00:57:46.084799', 'updated_at': '2026-04-05 00:57:46.084799', 'like_count': 0, 'liked_by_me': False, 'reply_count': 0, 'replies': []}}
2026-04-05 00:57:46,164 [httpx] INFO: HTTP Request: GET http://thread_service:8003/threads/11 "HTTP/1.1 200 OK"
2026-04-05 00:57:46,166 [app.kafka_producer] INFO: Sent to comment-events: {'event': 'new_comment', 'user_id': 11, 'type': 'new_comment', 'message': 'olivia commented on your thread', 'reference_id': 61}
2026-04-05 00:57:46,168 [app.kafka_producer] INFO: Sent to comment-events: {'broadcast': True, 'type': 'new_comment_broadcast', 'comment': {'id': 61, 'content': 'Solid advice. We adopted this pattern last quarter and it worked great.', 'thread_id': 11, 'author': {'id': 15, 'username': 'olivia', 'avatar': None}, 'parent_comment_id': None, 'created_at': '2026-04-05 00:57:46.140431', 'updated_at': '2026-04-05 00:57:46.140431', 'like_count': 0, 'liked_by_me': False, 'reply_count': 0, 'replies': []}}
2026-04-05 00:57:46,227 [httpx] INFO: HTTP Request: GET http://thread_service:8003/threads/11 "HTTP/1.1 200 OK"
2026-04-05 00:57:46,229 [app.kafka_producer] INFO: Sent to comment-events: {'event': 'new_comment', 'user_id': 11, 'type': 'new_comment', 'message': 'ivy commented on your thread', 'reference_id': 62}
2026-04-05 00:57:46,231 [app.kafka_producer] INFO: Sent to comment-events: {'broadcast': True, 'type': 'new_comment_broadcast', 'comment': {'id': 62, 'content': 'Just deployed this in staging and the results are promising.', 'thread_id': 11, 'author': {'id': 9, 'username': 'ivy', 'avatar': None}, 'parent_comment_id': None, 'created_at': '2026-04-05 00:57:46.202376', 'updated_at': '2026-04-05 00:57:46.202376', 'like_count': 0, 'liked_by_me': False, 'reply_count': 0, 'replies': []}}
2026-04-05 00:57:46,270 [httpx] INFO: HTTP Request: GET http://thread_service:8003/threads/11 "HTTP/1.1 200 OK"
2026-04-05 00:57:46,272 [app.kafka_producer] INFO: Sent to comment-events: {'event': 'new_comment', 'user_id': 11, 'type': 'new_comment', 'message': 'olivia commented on your thread', 'reference_id': 63}
2026-04-05 00:57:46,275 [app.kafka_producer] INFO: Sent to comment-events: {'broadcast': True, 'type': 'new_comment_broadcast', 'comment': {'id': 63, 'content': "Can you elaborate more on this? I'd love to understand the internals.", 'thread_id': 11, 'author': {'id': 15, 'username': 'olivia', 'avatar': None}, 'parent_comment_id': None, 'created_at': '2026-04-05 00:57:46.245477', 'updated_at': '2026-04-05 00:57:46.245477', 'like_count': 0, 'liked_by_me': False, 'reply_count': 0, 'replies': []}}
2026-04-05 00:57:46,312 [httpx] INFO: HTTP Request: GET http://thread_service:8003/threads/11 "HTTP/1.1 200 OK"
2026-04-05 00:57:46,314 [app.kafka_producer] INFO: Sent to comment-events: {'event': 'new_comment', 'user_id': 11, 'type': 'new_comment', 'message': 'diana commented on your thread', 'reference_id': 64}
2026-04-05 00:57:46,316 [app.kafka_producer] INFO: Sent to comment-events: {'broadcast': True, 'type': 'new_comment_broadcast', 'comment': {'id': 64, 'content': 'This is exactly what I was looking for — bookmarked!', 'thread_id': 11, 'author': {'id': 4, 'username': 'diana', 'avatar': None}, 'parent_comment_id': None, 'created_at': '2026-04-05 00:57:46.288209', 'updated_at': '2026-04-05 00:57:46.288209', 'like_count': 0, 'liked_by_me': False, 'reply_count': 0, 'replies': []}}
2026-04-05 00:57:46,354 [httpx] INFO: HTTP Request: GET http://thread_service:8003/threads/11 "HTTP/1.1 200 OK"
2026-04-05 00:57:46,357 [app.kafka_producer] INFO: Sent to comment-events: {'event': 'new_comment', 'user_id': 11, 'type': 'new_comment', 'message': 'bob commented on your thread', 'reference_id': 65}
2026-04-05 00:57:46,360 [app.kafka_producer] INFO: Sent to comment-events: {'broadcast': True, 'type': 'new_comment_broadcast', 'comment': {'id': 65, 'content': 'Would be great to see a benchmark comparing the two approaches.', 'thread_id': 11, 'author': {'id': 2, 'username': 'bob', 'avatar': None}, 'parent_comment_id': None, 'created_at': '2026-04-05 00:57:46.330786', 'updated_at': '2026-04-05 00:57:46.330786', 'like_count': 0, 'liked_by_me': False, 'reply_count': 0, 'replies': []}}
2026-04-05 00:57:46,401 [httpx] INFO: HTTP Request: GET http://thread_service:8003/threads/11 "HTTP/1.1 200 OK"
2026-04-05 00:57:46,403 [app.kafka_producer] INFO: Sent to comment-events: {'event': 'new_comment', 'user_id': 11, 'type': 'new_comment', 'message': 'quinn commented on your thread', 'reference_id': 66}
2026-04-05 00:57:46,405 [app.kafka_producer] INFO: Sent to comment-events: {'broadcast': True, 'type': 'new_comment_broadcast', 'comment': {'id': 66, 'content': 'This thread is gold. More discussions like this please!', 'thread_id': 11, 'author': {'id': 17, 'username': 'quinn', 'avatar': None}, 'parent_comment_id': None, 'created_at': '2026-04-05 00:57:46.376164', 'updated_at': '2026-04-05 00:57:46.376164', 'like_count': 0, 'liked_by_me': False, 'reply_count': 0, 'replies': []}}
2026-04-05 00:57:46,458 [httpx] INFO: HTTP Request: GET http://thread_service:8003/threads/11 "HTTP/1.1 200 OK"
2026-04-05 00:57:46,460 [app.kafka_producer] INFO: Sent to comment-events: {'event': 'new_comment', 'user_id': 11, 'type': 'new_comment', 'message': 'peter commented on your thread', 'reference_id': 67}
2026-04-05 00:57:46,462 [app.kafka_producer] INFO: Sent to comment-events: {'broadcast': True, 'type': 'new_comment_broadcast', 'comment': {'id': 67, 'content': "I had a similar experience. Here's what worked for me in production.", 'thread_id': 11, 'author': {'id': 16, 'username': 'peter', 'avatar': None}, 'parent_comment_id': None, 'created_at': '2026-04-05 00:57:46.419349', 'updated_at': '2026-04-05 00:57:46.419349', 'like_count': 0, 'liked_by_me': False, 'reply_count': 0, 'replies': []}}
2026-04-05 00:57:46,502 [httpx] INFO: HTTP Request: GET http://thread_service:8003/threads/12 "HTTP/1.1 200 OK"
2026-04-05 00:57:46,505 [app.kafka_producer] INFO: Sent to comment-events: {'event': 'new_comment', 'user_id': 12, 'type': 'new_comment', 'message': 'charlie commented on your thread', 'reference_id': 68}
2026-04-05 00:57:46,507 [app.kafka_producer] INFO: Sent to comment-events: {'broadcast': True, 'type': 'new_comment_broadcast', 'comment': {'id': 68, 'content': 'Underrated topic! More people should be talking about this.', 'thread_id': 12, 'author': {'id': 3, 'username': 'charlie', 'avatar': None}, 'parent_comment_id': None, 'created_at': '2026-04-05 00:57:46.476511', 'updated_at': '2026-04-05 00:57:46.476511', 'like_count': 0, 'liked_by_me': False, 'reply_count': 0, 'replies': []}}
2026-04-05 00:57:46,547 [httpx] INFO: HTTP Request: GET http://thread_service:8003/threads/12 "HTTP/1.1 200 OK"
2026-04-05 00:57:46,549 [app.kafka_producer] INFO: Sent to comment-events: {'event': 'new_comment', 'user_id': 12, 'type': 'new_comment', 'message': 'rachel commented on your thread', 'reference_id': 69}
2026-04-05 00:57:46,551 [app.kafka_producer] INFO: Sent to comment-events: {'broadcast': True, 'type': 'new_comment_broadcast', 'comment': {'id': 69, 'content': 'I switched from the old approach to this one and never looked back.', 'thread_id': 12, 'author': {'id': 18, 'username': 'rachel', 'avatar': None}, 'parent_comment_id': None, 'created_at': '2026-04-05 00:57:46.521192', 'updated_at': '2026-04-05 00:57:46.521192', 'like_count': 0, 'liked_by_me': False, 'reply_count': 0, 'replies': []}}
2026-04-05 00:57:46,589 [httpx] INFO: HTTP Request: GET http://thread_service:8003/threads/12 "HTTP/1.1 200 OK"
2026-04-05 00:57:46,591 [app.kafka_producer] INFO: Sent to comment-events: {'event': 'new_comment', 'user_id': 12, 'type': 'new_comment', 'message': 'henry commented on your thread', 'reference_id': 70}
2026-04-05 00:57:46,593 [app.kafka_producer] INFO: Sent to comment-events: {'broadcast': True, 'type': 'new_comment_broadcast', 'comment': {'id': 70, 'content': 'Just deployed this in staging and the results are promising.', 'thread_id': 12, 'author': {'id': 8, 'username': 'henry', 'avatar': None}, 'parent_comment_id': None, 'created_at': '2026-04-05 00:57:46.566285', 'updated_at': '2026-04-05 00:57:46.566285', 'like_count': 0, 'liked_by_me': False, 'reply_count': 0, 'replies': []}}
2026-04-05 00:57:46,631 [httpx] INFO: HTTP Request: GET http://thread_service:8003/threads/12 "HTTP/1.1 200 OK"
2026-04-05 00:57:46,633 [app.kafka_producer] INFO: Sent to comment-events: {'event': 'new_comment', 'user_id': 12, 'type': 'new_comment', 'message': 'noah commented on your thread', 'reference_id': 71}
2026-04-05 00:57:46,635 [app.kafka_producer] INFO: Sent to comment-events: {'broadcast': True, 'type': 'new_comment_broadcast', 'comment': {'id': 71, 'content': 'Solid advice. We adopted this pattern last quarter and it worked great.', 'thread_id': 12, 'author': {'id': 14, 'username': 'noah', 'avatar': None}, 'parent_comment_id': None, 'created_at': '2026-04-05 00:57:46.605811', 'updated_at': '2026-04-05 00:57:46.605811', 'like_count': 0, 'liked_by_me': False, 'reply_count': 0, 'replies': []}}
2026-04-05 00:57:46,671 [httpx] INFO: HTTP Request: GET http://thread_service:8003/threads/12 "HTTP/1.1 200 OK"
2026-04-05 00:57:46,674 [app.kafka_producer] INFO: Sent to comment-events: {'event': 'new_comment', 'user_id': 12, 'type': 'new_comment', 'message': 'charlie commented on your thread', 'reference_id': 72}
2026-04-05 00:57:46,677 [app.kafka_producer] INFO: Sent to comment-events: {'broadcast': True, 'type': 'new_comment_broadcast', 'comment': {'id': 72, 'content': 'This reminded me of a talk I saw at PyCon. Very relevant.', 'thread_id': 12, 'author': {'id': 3, 'username': 'charlie', 'avatar': None}, 'parent_comment_id': None, 'created_at': '2026-04-05 00:57:46.648838', 'updated_at': '2026-04-05 00:57:46.648838', 'like_count': 0, 'liked_by_me': False, 'reply_count': 0, 'replies': []}}
2026-04-05 00:57:46,718 [httpx] INFO: HTTP Request: GET http://thread_service:8003/threads/12 "HTTP/1.1 200 OK"
2026-04-05 00:57:46,721 [app.kafka_producer] INFO: Sent to comment-events: {'event': 'new_comment', 'user_id': 12, 'type': 'new_comment', 'message': 'jack commented on your thread', 'reference_id': 73}
2026-04-05 00:57:46,723 [app.kafka_producer] INFO: Sent to comment-events: {'broadcast': True, 'type': 'new_comment_broadcast', 'comment': {'id': 73, 'content': "I had a similar experience. Here's what worked for me in production.", 'thread_id': 12, 'author': {'id': 10, 'username': 'jack', 'avatar': None}, 'parent_comment_id': None, 'created_at': '2026-04-05 00:57:46.691475', 'updated_at': '2026-04-05 00:57:46.691475', 'like_count': 0, 'liked_by_me': False, 'reply_count': 0, 'replies': []}}
2026-04-05 00:57:46,770 [httpx] INFO: HTTP Request: GET http://thread_service:8003/threads/12 "HTTP/1.1 200 OK"
2026-04-05 00:57:46,774 [app.kafka_producer] INFO: Sent to comment-events: {'event': 'new_comment', 'user_id': 12, 'type': 'new_comment', 'message': 'charlie commented on your thread', 'reference_id': 74}
2026-04-05 00:57:46,776 [app.kafka_producer] INFO: Sent to comment-events: {'broadcast': True, 'type': 'new_comment_broadcast', 'comment': {'id': 74, 'content': 'This thread is gold. More discussions like this please!', 'thread_id': 12, 'author': {'id': 3, 'username': 'charlie', 'avatar': None}, 'parent_comment_id': None, 'created_at': '2026-04-05 00:57:46.739827', 'updated_at': '2026-04-05 00:57:46.739827', 'like_count': 0, 'liked_by_me': False, 'reply_count': 0, 'replies': []}}
2026-04-05 00:57:46,834 [httpx] INFO: HTTP Request: GET http://thread_service:8003/threads/13 "HTTP/1.1 200 OK"
2026-04-05 00:57:46,836 [app.kafka_producer] INFO: Sent to comment-events: {'broadcast': True, 'type': 'new_comment_broadcast', 'comment': {'id': 75, 'content': "I had a similar experience. Here's what worked for me in production.", 'thread_id': 13, 'author': {'id': 13, 'username': 'mia', 'avatar': None}, 'parent_comment_id': None, 'created_at': '2026-04-05 00:57:46.797839', 'updated_at': '2026-04-05 00:57:46.797839', 'like_count': 0, 'liked_by_me': False, 'reply_count': 0, 'replies': []}}
2026-04-05 00:57:46,880 [httpx] INFO: HTTP Request: GET http://thread_service:8003/threads/13 "HTTP/1.1 200 OK"
2026-04-05 00:57:46,883 [app.kafka_producer] INFO: Sent to comment-events: {'event': 'new_comment', 'user_id': 13, 'type': 'new_comment', 'message': 'alice commented on your thread', 'reference_id': 76}
2026-04-05 00:57:46,886 [app.kafka_producer] INFO: Sent to comment-events: {'broadcast': True, 'type': 'new_comment_broadcast', 'comment': {'id': 76, 'content': "Can you elaborate more on this? I'd love to understand the internals.", 'thread_id': 13, 'author': {'id': 1, 'username': 'alice', 'avatar': None}, 'parent_comment_id': None, 'created_at': '2026-04-05 00:57:46.850870', 'updated_at': '2026-04-05 00:57:46.850870', 'like_count': 0, 'liked_by_me': False, 'reply_count': 0, 'replies': []}}
2026-04-05 00:57:46,926 [httpx] INFO: HTTP Request: GET http://thread_service:8003/threads/13 "HTTP/1.1 200 OK"
2026-04-05 00:57:46,928 [app.kafka_producer] INFO: Sent to comment-events: {'event': 'new_comment', 'user_id': 13, 'type': 'new_comment', 'message': 'leo commented on your thread', 'reference_id': 77}
2026-04-05 00:57:46,930 [app.kafka_producer] INFO: Sent to comment-events: {'broadcast': True, 'type': 'new_comment_broadcast', 'comment': {'id': 77, 'content': 'Great point! I totally agree with this approach.', 'thread_id': 13, 'author': {'id': 12, 'username': 'leo', 'avatar': None}, 'parent_comment_id': None, 'created_at': '2026-04-05 00:57:46.902928', 'updated_at': '2026-04-05 00:57:46.902928', 'like_count': 0, 'liked_by_me': False, 'reply_count': 0, 'replies': []}}
2026-04-05 00:57:46,971 [httpx] INFO: HTTP Request: GET http://thread_service:8003/threads/13 "HTTP/1.1 200 OK"
2026-04-05 00:57:46,974 [app.kafka_producer] INFO: Sent to comment-events: {'event': 'new_comment', 'user_id': 13, 'type': 'new_comment', 'message': 'noah commented on your thread', 'reference_id': 78}
2026-04-05 00:57:46,976 [app.kafka_producer] INFO: Sent to comment-events: {'broadcast': True, 'type': 'new_comment_broadcast', 'comment': {'id': 78, 'content': "Good write-up! I'd add that error handling is also critical here.", 'thread_id': 13, 'author': {'id': 14, 'username': 'noah', 'avatar': None}, 'parent_comment_id': None, 'created_at': '2026-04-05 00:57:46.945242', 'updated_at': '2026-04-05 00:57:46.945242', 'like_count': 0, 'liked_by_me': False, 'reply_count': 0, 'replies': []}}
2026-04-05 00:57:47,021 [httpx] INFO: HTTP Request: GET http://thread_service:8003/threads/13 "HTTP/1.1 200 OK"
2026-04-05 00:57:47,024 [app.kafka_producer] INFO: Sent to comment-events: {'event': 'new_comment', 'user_id': 13, 'type': 'new_comment', 'message': 'eve commented on your thread', 'reference_id': 79}
2026-04-05 00:57:47,025 [app.kafka_producer] INFO: Sent to comment-events: {'broadcast': True, 'type': 'new_comment_broadcast', 'comment': {'id': 79, 'content': 'We ran into the exact same issue last sprint. Here is how we fixed it.', 'thread_id': 13, 'author': {'id': 5, 'username': 'eve', 'avatar': None}, 'parent_comment_id': None, 'created_at': '2026-04-05 00:57:46.993709', 'updated_at': '2026-04-05 00:57:46.993709', 'like_count': 0, 'liked_by_me': False, 'reply_count': 0, 'replies': []}}
2026-04-05 00:57:47,067 [httpx] INFO: HTTP Request: GET http://thread_service:8003/threads/13 "HTTP/1.1 200 OK"
2026-04-05 00:57:47,070 [app.kafka_producer] INFO: Sent to comment-events: {'event': 'new_comment', 'user_id': 13, 'type': 'new_comment', 'message': 'leo commented on your thread', 'reference_id': 80}
2026-04-05 00:57:47,072 [app.kafka_producer] INFO: Sent to comment-events: {'broadcast': True, 'type': 'new_comment_broadcast', 'comment': {'id': 80, 'content': 'Interesting perspective. Have you considered the trade-offs with scalability?', 'thread_id': 13, 'author': {'id': 12, 'username': 'leo', 'avatar': None}, 'parent_comment_id': None, 'created_at': '2026-04-05 00:57:47.040769', 'updated_at': '2026-04-05 00:57:47.040769', 'like_count': 0, 'liked_by_me': False, 'reply_count': 0, 'replies': []}}
2026-04-05 00:57:47,111 [httpx] INFO: HTTP Request: GET http://thread_service:8003/threads/13 "HTTP/1.1 200 OK"
2026-04-05 00:57:47,113 [app.kafka_producer] INFO: Sent to comment-events: {'event': 'new_comment', 'user_id': 13, 'type': 'new_comment', 'message': 'alice commented on your thread', 'reference_id': 81}
2026-04-05 00:57:47,116 [app.kafka_producer] INFO: Sent to comment-events: {'broadcast': True, 'type': 'new_comment_broadcast', 'comment': {'id': 81, 'content': "I had a similar experience. Here's what worked for me in production.", 'thread_id': 13, 'author': {'id': 1, 'username': 'alice', 'avatar': None}, 'parent_comment_id': None, 'created_at': '2026-04-05 00:57:47.085096', 'updated_at': '2026-04-05 00:57:47.085096', 'like_count': 0, 'liked_by_me': False, 'reply_count': 0, 'replies': []}}
2026-04-05 00:57:47,159 [httpx] INFO: HTTP Request: GET http://thread_service:8003/threads/14 "HTTP/1.1 200 OK"
2026-04-05 00:57:47,162 [app.kafka_producer] INFO: Sent to comment-events: {'event': 'new_comment', 'user_id': 14, 'type': 'new_comment', 'message': 'leo commented on your thread', 'reference_id': 82}
2026-04-05 00:57:47,164 [app.kafka_producer] INFO: Sent to comment-events: {'broadcast': True, 'type': 'new_comment_broadcast', 'comment': {'id': 82, 'content': "I had a similar experience. Here's what worked for me in production.", 'thread_id': 14, 'author': {'id': 12, 'username': 'leo', 'avatar': None}, 'parent_comment_id': None, 'created_at': '2026-04-05 00:57:47.133166', 'updated_at': '2026-04-05 00:57:47.133166', 'like_count': 0, 'liked_by_me': False, 'reply_count': 0, 'replies': []}}
2026-04-05 00:57:47,209 [httpx] INFO: HTTP Request: GET http://thread_service:8003/threads/14 "HTTP/1.1 200 OK"
2026-04-05 00:57:47,212 [app.kafka_producer] INFO: Sent to comment-events: {'event': 'new_comment', 'user_id': 14, 'type': 'new_comment', 'message': 'henry commented on your thread', 'reference_id': 83}
2026-04-05 00:57:47,214 [app.kafka_producer] INFO: Sent to comment-events: {'broadcast': True, 'type': 'new_comment_broadcast', 'comment': {'id': 83, 'content': 'Great point! I totally agree with this approach.', 'thread_id': 14, 'author': {'id': 8, 'username': 'henry', 'avatar': None}, 'parent_comment_id': None, 'created_at': '2026-04-05 00:57:47.180009', 'updated_at': '2026-04-05 00:57:47.180009', 'like_count': 0, 'liked_by_me': False, 'reply_count': 0, 'replies': []}}
2026-04-05 00:57:47,266 [httpx] INFO: HTTP Request: GET http://thread_service:8003/threads/14 "HTTP/1.1 200 OK"
2026-04-05 00:57:47,269 [app.kafka_producer] INFO: Sent to comment-events: {'event': 'new_comment', 'user_id': 14, 'type': 'new_comment', 'message': 'charlie commented on your thread', 'reference_id': 84}
2026-04-05 00:57:47,272 [app.kafka_producer] INFO: Sent to comment-events: {'broadcast': True, 'type': 'new_comment_broadcast', 'comment': {'id': 84, 'content': "Can you elaborate more on this? I'd love to understand the internals.", 'thread_id': 14, 'author': {'id': 3, 'username': 'charlie', 'avatar': None}, 'parent_comment_id': None, 'created_at': '2026-04-05 00:57:47.232553', 'updated_at': '2026-04-05 00:57:47.232553', 'like_count': 0, 'liked_by_me': False, 'reply_count': 0, 'replies': []}}
2026-04-05 00:57:47,315 [httpx] INFO: HTTP Request: GET http://thread_service:8003/threads/14 "HTTP/1.1 200 OK"
2026-04-05 00:57:47,318 [app.kafka_producer] INFO: Sent to comment-events: {'event': 'new_comment', 'user_id': 14, 'type': 'new_comment', 'message': 'charlie commented on your thread', 'reference_id': 85}
2026-04-05 00:57:47,321 [app.kafka_producer] INFO: Sent to comment-events: {'broadcast': True, 'type': 'new_comment_broadcast', 'comment': {'id': 85, 'content': 'Solid advice. We adopted this pattern last quarter and it worked great.', 'thread_id': 14, 'author': {'id': 3, 'username': 'charlie', 'avatar': None}, 'parent_comment_id': None, 'created_at': '2026-04-05 00:57:47.289567', 'updated_at': '2026-04-05 00:57:47.289567', 'like_count': 0, 'liked_by_me': False, 'reply_count': 0, 'replies': []}}
2026-04-05 00:57:47,363 [httpx] INFO: HTTP Request: GET http://thread_service:8003/threads/14 "HTTP/1.1 200 OK"
2026-04-05 00:57:47,365 [app.kafka_producer] INFO: Sent to comment-events: {'event': 'new_comment', 'user_id': 14, 'type': 'new_comment', 'message': 'olivia commented on your thread', 'reference_id': 86}
2026-04-05 00:57:47,366 [app.kafka_producer] INFO: Sent to comment-events: {'broadcast': True, 'type': 'new_comment_broadcast', 'comment': {'id': 86, 'content': 'Would be great to see a benchmark comparing the two approaches.', 'thread_id': 14, 'author': {'id': 15, 'username': 'olivia', 'avatar': None}, 'parent_comment_id': None, 'created_at': '2026-04-05 00:57:47.337988', 'updated_at': '2026-04-05 00:57:47.337988', 'like_count': 0, 'liked_by_me': False, 'reply_count': 0, 'replies': []}}
2026-04-05 00:57:47,426 [httpx] INFO: HTTP Request: GET http://thread_service:8003/threads/14 "HTTP/1.1 200 OK"
2026-04-05 00:57:47,429 [app.kafka_producer] INFO: Sent to comment-events: {'event': 'new_comment', 'user_id': 14, 'type': 'new_comment', 'message': 'leo commented on your thread', 'reference_id': 87}
2026-04-05 00:57:47,430 [app.kafka_producer] INFO: Sent to comment-events: {'broadcast': True, 'type': 'new_comment_broadcast', 'comment': {'id': 87, 'content': "Good write-up! I'd add that error handling is also critical here.", 'thread_id': 14, 'author': {'id': 12, 'username': 'leo', 'avatar': None}, 'parent_comment_id': None, 'created_at': '2026-04-05 00:57:47.383475', 'updated_at': '2026-04-05 00:57:47.383475', 'like_count': 0, 'liked_by_me': False, 'reply_count': 0, 'replies': []}}
2026-04-05 00:57:47,475 [httpx] INFO: HTTP Request: GET http://thread_service:8003/threads/15 "HTTP/1.1 200 OK"
2026-04-05 00:57:47,478 [app.kafka_producer] INFO: Sent to comment-events: {'event': 'new_comment', 'user_id': 15, 'type': 'new_comment', 'message': 'quinn commented on your thread', 'reference_id': 88}
2026-04-05 00:57:47,480 [app.kafka_producer] INFO: Sent to comment-events: {'broadcast': True, 'type': 'new_comment_broadcast', 'comment': {'id': 88, 'content': 'Adding to the list: do not forget about edge cases with concurrent requests.', 'thread_id': 15, 'author': {'id': 17, 'username': 'quinn', 'avatar': None}, 'parent_comment_id': None, 'created_at': '2026-04-05 00:57:47.447280', 'updated_at': '2026-04-05 00:57:47.447280', 'like_count': 0, 'liked_by_me': False, 'reply_count': 0, 'replies': []}}
2026-04-05 00:57:47,522 [httpx] INFO: HTTP Request: GET http://thread_service:8003/threads/15 "HTTP/1.1 200 OK"
2026-04-05 00:57:47,525 [app.kafka_producer] INFO: Sent to comment-events: {'event': 'new_comment', 'user_id': 15, 'type': 'new_comment', 'message': 'leo commented on your thread', 'reference_id': 89}
2026-04-05 00:57:47,526 [app.kafka_producer] INFO: Sent to comment-events: {'broadcast': True, 'type': 'new_comment_broadcast', 'comment': {'id': 89, 'content': "Has anyone benchmarked this? I'm curious about the performance impact.", 'thread_id': 15, 'author': {'id': 12, 'username': 'leo', 'avatar': None}, 'parent_comment_id': None, 'created_at': '2026-04-05 00:57:47.495240', 'updated_at': '2026-04-05 00:57:47.495240', 'like_count': 0, 'liked_by_me': False, 'reply_count': 0, 'replies': []}}
2026-04-05 00:57:47,575 [httpx] INFO: HTTP Request: GET http://thread_service:8003/threads/15 "HTTP/1.1 200 OK"
2026-04-05 00:57:47,577 [app.kafka_producer] INFO: Sent to comment-events: {'event': 'new_comment', 'user_id': 15, 'type': 'new_comment', 'message': 'alice commented on your thread', 'reference_id': 90}
2026-04-05 00:57:47,579 [app.kafka_producer] INFO: Sent to comment-events: {'broadcast': True, 'type': 'new_comment_broadcast', 'comment': {'id': 90, 'content': 'Underrated topic! More people should be talking about this.', 'thread_id': 15, 'author': {'id': 1, 'username': 'alice', 'avatar': None}, 'parent_comment_id': None, 'created_at': '2026-04-05 00:57:47.542149', 'updated_at': '2026-04-05 00:57:47.542149', 'like_count': 0, 'liked_by_me': False, 'reply_count': 0, 'replies': []}}
2026-04-05 00:57:47,619 [httpx] INFO: HTTP Request: GET http://thread_service:8003/threads/15 "HTTP/1.1 200 OK"
2026-04-05 00:57:47,621 [app.kafka_producer] INFO: Sent to comment-events: {'event': 'new_comment', 'user_id': 15, 'type': 'new_comment', 'message': 'tina commented on your thread', 'reference_id': 91}
2026-04-05 00:57:47,624 [app.kafka_producer] INFO: Sent to comment-events: {'broadcast': True, 'type': 'new_comment_broadcast', 'comment': {'id': 91, 'content': 'Would be great to see a benchmark comparing the two approaches.', 'thread_id': 15, 'author': {'id': 20, 'username': 'tina', 'avatar': None}, 'parent_comment_id': None, 'created_at': '2026-04-05 00:57:47.594363', 'updated_at': '2026-04-05 00:57:47.594363', 'like_count': 0, 'liked_by_me': False, 'reply_count': 0, 'replies': []}}
2026-04-05 00:57:47,689 [httpx] INFO: HTTP Request: GET http://thread_service:8003/threads/15 "HTTP/1.1 200 OK"
2026-04-05 00:57:47,692 [app.kafka_producer] INFO: Sent to comment-events: {'broadcast': True, 'type': 'new_comment_broadcast', 'comment': {'id': 92, 'content': 'Just deployed this in staging and the results are promising.', 'thread_id': 15, 'author': {'id': 15, 'username': 'olivia', 'avatar': None}, 'parent_comment_id': None, 'created_at': '2026-04-05 00:57:47.663331', 'updated_at': '2026-04-05 00:57:47.663331', 'like_count': 0, 'liked_by_me': False, 'reply_count': 0, 'replies': []}}
2026-04-05 00:57:47,736 [httpx] INFO: HTTP Request: GET http://thread_service:8003/threads/15 "HTTP/1.1 200 OK"
2026-04-05 00:57:47,739 [app.kafka_producer] INFO: Sent to comment-events: {'event': 'new_comment', 'user_id': 15, 'type': 'new_comment', 'message': 'karen commented on your thread', 'reference_id': 93}
2026-04-05 00:57:47,742 [app.kafka_producer] INFO: Sent to comment-events: {'broadcast': True, 'type': 'new_comment_broadcast', 'comment': {'id': 93, 'content': 'Nice! Would love to see a follow-up thread on advanced use cases.', 'thread_id': 15, 'author': {'id': 11, 'username': 'karen', 'avatar': None}, 'parent_comment_id': None, 'created_at': '2026-04-05 00:57:47.706604', 'updated_at': '2026-04-05 00:57:47.706604', 'like_count': 0, 'liked_by_me': False, 'reply_count': 0, 'replies': []}}
2026-04-05 00:57:47,786 [httpx] INFO: HTTP Request: GET http://thread_service:8003/threads/15 "HTTP/1.1 200 OK"
2026-04-05 00:57:47,788 [app.kafka_producer] INFO: Sent to comment-events: {'event': 'new_comment', 'user_id': 15, 'type': 'new_comment', 'message': 'sam commented on your thread', 'reference_id': 94}
2026-04-05 00:57:47,790 [app.kafka_producer] INFO: Sent to comment-events: {'broadcast': True, 'type': 'new_comment_broadcast', 'comment': {'id': 94, 'content': 'Interesting perspective. Have you considered the trade-offs with scalability?', 'thread_id': 15, 'author': {'id': 19, 'username': 'sam', 'avatar': None}, 'parent_comment_id': None, 'created_at': '2026-04-05 00:57:47.758760', 'updated_at': '2026-04-05 00:57:47.758760', 'like_count': 0, 'liked_by_me': False, 'reply_count': 0, 'replies': []}}
2026-04-05 00:57:47,868 [httpx] INFO: HTTP Request: GET http://thread_service:8003/threads/16 "HTTP/1.1 200 OK"
2026-04-05 00:57:47,871 [app.kafka_producer] INFO: Sent to comment-events: {'event': 'new_comment', 'user_id': 16, 'type': 'new_comment', 'message': 'rachel commented on your thread', 'reference_id': 95}
2026-04-05 00:57:47,873 [app.kafka_producer] INFO: Sent to comment-events: {'broadcast': True, 'type': 'new_comment_broadcast', 'comment': {'id': 95, 'content': "Can you elaborate more on this? I'd love to understand the internals.", 'thread_id': 16, 'author': {'id': 18, 'username': 'rachel', 'avatar': None}, 'parent_comment_id': None, 'created_at': '2026-04-05 00:57:47.825153', 'updated_at': '2026-04-05 00:57:47.825153', 'like_count': 0, 'liked_by_me': False, 'reply_count': 0, 'replies': []}}
2026-04-05 00:57:47,924 [httpx] INFO: HTTP Request: GET http://thread_service:8003/threads/16 "HTTP/1.1 200 OK"
2026-04-05 00:57:47,926 [app.kafka_producer] INFO: Sent to comment-events: {'event': 'new_comment', 'user_id': 16, 'type': 'new_comment', 'message': 'tina commented on your thread', 'reference_id': 96}
2026-04-05 00:57:47,929 [app.kafka_producer] INFO: Sent to comment-events: {'broadcast': True, 'type': 'new_comment_broadcast', 'comment': {'id': 96, 'content': "Can you elaborate more on this? I'd love to understand the internals.", 'thread_id': 16, 'author': {'id': 20, 'username': 'tina', 'avatar': None}, 'parent_comment_id': None, 'created_at': '2026-04-05 00:57:47.893410', 'updated_at': '2026-04-05 00:57:47.893410', 'like_count': 0, 'liked_by_me': False, 'reply_count': 0, 'replies': []}}
2026-04-05 00:57:47,982 [httpx] INFO: HTTP Request: GET http://thread_service:8003/threads/16 "HTTP/1.1 200 OK"
2026-04-05 00:57:47,985 [app.kafka_producer] INFO: Sent to comment-events: {'event': 'new_comment', 'user_id': 16, 'type': 'new_comment', 'message': 'bob commented on your thread', 'reference_id': 97}
2026-04-05 00:57:47,987 [app.kafka_producer] INFO: Sent to comment-events: {'broadcast': True, 'type': 'new_comment_broadcast', 'comment': {'id': 97, 'content': 'Interesting perspective. Have you considered the trade-offs with scalability?', 'thread_id': 16, 'author': {'id': 2, 'username': 'bob', 'avatar': None}, 'parent_comment_id': None, 'created_at': '2026-04-05 00:57:47.950231', 'updated_at': '2026-04-05 00:57:47.950231', 'like_count': 0, 'liked_by_me': False, 'reply_count': 0, 'replies': []}}
2026-04-05 00:57:48,035 [httpx] INFO: HTTP Request: GET http://thread_service:8003/threads/16 "HTTP/1.1 200 OK"
2026-04-05 00:57:48,038 [app.kafka_producer] INFO: Sent to comment-events: {'event': 'new_comment', 'user_id': 16, 'type': 'new_comment', 'message': 'alice commented on your thread', 'reference_id': 98}
2026-04-05 00:57:48,040 [app.kafka_producer] INFO: Sent to comment-events: {'broadcast': True, 'type': 'new_comment_broadcast', 'comment': {'id': 98, 'content': 'Thanks for sharing! This saved me hours of debugging.', 'thread_id': 16, 'author': {'id': 1, 'username': 'alice', 'avatar': None}, 'parent_comment_id': None, 'created_at': '2026-04-05 00:57:48.005061', 'updated_at': '2026-04-05 00:57:48.005061', 'like_count': 0, 'liked_by_me': False, 'reply_count': 0, 'replies': []}}
2026-04-05 00:57:48,084 [httpx] INFO: HTTP Request: GET http://thread_service:8003/threads/16 "HTTP/1.1 200 OK"
2026-04-05 00:57:48,086 [app.kafka_producer] INFO: Sent to comment-events: {'event': 'new_comment', 'user_id': 16, 'type': 'new_comment', 'message': 'henry commented on your thread', 'reference_id': 99}
2026-04-05 00:57:48,088 [app.kafka_producer] INFO: Sent to comment-events: {'broadcast': True, 'type': 'new_comment_broadcast', 'comment': {'id': 99, 'content': 'Nice! Would love to see a follow-up thread on advanced use cases.', 'thread_id': 16, 'author': {'id': 8, 'username': 'henry', 'avatar': None}, 'parent_comment_id': None, 'created_at': '2026-04-05 00:57:48.056654', 'updated_at': '2026-04-05 00:57:48.056654', 'like_count': 0, 'liked_by_me': False, 'reply_count': 0, 'replies': []}}
2026-04-05 00:57:48,127 [httpx] INFO: HTTP Request: GET http://thread_service:8003/threads/16 "HTTP/1.1 200 OK"
2026-04-05 00:57:48,129 [app.kafka_producer] INFO: Sent to comment-events: {'event': 'new_comment', 'user_id': 16, 'type': 'new_comment', 'message': 'noah commented on your thread', 'reference_id': 100}
2026-04-05 00:57:48,132 [app.kafka_producer] INFO: Sent to comment-events: {'broadcast': True, 'type': 'new_comment_broadcast', 'comment': {'id': 100, 'content': 'This is exactly what I was looking for — bookmarked!', 'thread_id': 16, 'author': {'id': 14, 'username': 'noah', 'avatar': None}, 'parent_comment_id': None, 'created_at': '2026-04-05 00:57:48.102489', 'updated_at': '2026-04-05 00:57:48.102489', 'like_count': 0, 'liked_by_me': False, 'reply_count': 0, 'replies': []}}
2026-04-05 00:57:48,173 [httpx] INFO: HTTP Request: GET http://thread_service:8003/threads/17 "HTTP/1.1 200 OK"
2026-04-05 00:57:48,175 [app.kafka_producer] INFO: Sent to comment-events: {'event': 'new_comment', 'user_id': 17, 'type': 'new_comment', 'message': 'karen commented on your thread', 'reference_id': 101}
2026-04-05 00:57:48,176 [app.kafka_producer] INFO: Sent to comment-events: {'broadcast': True, 'type': 'new_comment_broadcast', 'comment': {'id': 101, 'content': 'Would be great to see a benchmark comparing the two approaches.', 'thread_id': 17, 'author': {'id': 11, 'username': 'karen', 'avatar': None}, 'parent_comment_id': None, 'created_at': '2026-04-05 00:57:48.149369', 'updated_at': '2026-04-05 00:57:48.149369', 'like_count': 0, 'liked_by_me': False, 'reply_count': 0, 'replies': []}}
2026-04-05 00:57:48,219 [httpx] INFO: HTTP Request: GET http://thread_service:8003/threads/17 "HTTP/1.1 200 OK"
2026-04-05 00:57:48,221 [app.kafka_producer] INFO: Sent to comment-events: {'event': 'new_comment', 'user_id': 17, 'type': 'new_comment', 'message': 'charlie commented on your thread', 'reference_id': 102}
2026-04-05 00:57:48,222 [app.kafka_producer] INFO: Sent to comment-events: {'broadcast': True, 'type': 'new_comment_broadcast', 'comment': {'id': 102, 'content': "Good write-up! I'd add that error handling is also critical here.", 'thread_id': 17, 'author': {'id': 3, 'username': 'charlie', 'avatar': None}, 'parent_comment_id': None, 'created_at': '2026-04-05 00:57:48.192607', 'updated_at': '2026-04-05 00:57:48.192607', 'like_count': 0, 'liked_by_me': False, 'reply_count': 0, 'replies': []}}
2026-04-05 00:57:48,261 [httpx] INFO: HTTP Request: GET http://thread_service:8003/threads/17 "HTTP/1.1 200 OK"
2026-04-05 00:57:48,264 [app.kafka_producer] INFO: Sent to comment-events: {'event': 'new_comment', 'user_id': 17, 'type': 'new_comment', 'message': 'rachel commented on your thread', 'reference_id': 103}
2026-04-05 00:57:48,266 [app.kafka_producer] INFO: Sent to comment-events: {'broadcast': True, 'type': 'new_comment_broadcast', 'comment': {'id': 103, 'content': 'Adding to the list: do not forget about edge cases with concurrent requests.', 'thread_id': 17, 'author': {'id': 18, 'username': 'rachel', 'avatar': None}, 'parent_comment_id': None, 'created_at': '2026-04-05 00:57:48.236709', 'updated_at': '2026-04-05 00:57:48.236709', 'like_count': 0, 'liked_by_me': False, 'reply_count': 0, 'replies': []}}
2026-04-05 00:57:48,306 [httpx] INFO: HTTP Request: GET http://thread_service:8003/threads/17 "HTTP/1.1 200 OK"
2026-04-05 00:57:48,308 [app.kafka_producer] INFO: Sent to comment-events: {'event': 'new_comment', 'user_id': 17, 'type': 'new_comment', 'message': 'olivia commented on your thread', 'reference_id': 104}
2026-04-05 00:57:48,310 [app.kafka_producer] INFO: Sent to comment-events: {'broadcast': True, 'type': 'new_comment_broadcast', 'comment': {'id': 104, 'content': 'Thanks for sharing! This saved me hours of debugging.', 'thread_id': 17, 'author': {'id': 15, 'username': 'olivia', 'avatar': None}, 'parent_comment_id': None, 'created_at': '2026-04-05 00:57:48.279848', 'updated_at': '2026-04-05 00:57:48.279848', 'like_count': 0, 'liked_by_me': False, 'reply_count': 0, 'replies': []}}
2026-04-05 00:57:48,377 [httpx] INFO: HTTP Request: GET http://thread_service:8003/threads/17 "HTTP/1.1 200 OK"
2026-04-05 00:57:48,381 [app.kafka_producer] INFO: Sent to comment-events: {'event': 'new_comment', 'user_id': 17, 'type': 'new_comment', 'message': 'diana commented on your thread', 'reference_id': 105}
2026-04-05 00:57:48,383 [app.kafka_producer] INFO: Sent to comment-events: {'broadcast': True, 'type': 'new_comment_broadcast', 'comment': {'id': 105, 'content': 'Adding to the list: do not forget about edge cases with concurrent requests.', 'thread_id': 17, 'author': {'id': 4, 'username': 'diana', 'avatar': None}, 'parent_comment_id': None, 'created_at': '2026-04-05 00:57:48.327740', 'updated_at': '2026-04-05 00:57:48.327740', 'like_count': 0, 'liked_by_me': False, 'reply_count': 0, 'replies': []}}
2026-04-05 00:57:48,424 [httpx] INFO: HTTP Request: GET http://thread_service:8003/threads/17 "HTTP/1.1 200 OK"
2026-04-05 00:57:48,427 [app.kafka_producer] INFO: Sent to comment-events: {'event': 'new_comment', 'user_id': 17, 'type': 'new_comment', 'message': 'eve commented on your thread', 'reference_id': 106}
2026-04-05 00:57:48,428 [app.kafka_producer] INFO: Sent to comment-events: {'broadcast': True, 'type': 'new_comment_broadcast', 'comment': {'id': 106, 'content': 'Just deployed this in staging and the results are promising.', 'thread_id': 17, 'author': {'id': 5, 'username': 'eve', 'avatar': None}, 'parent_comment_id': None, 'created_at': '2026-04-05 00:57:48.399744', 'updated_at': '2026-04-05 00:57:48.399744', 'like_count': 0, 'liked_by_me': False, 'reply_count': 0, 'replies': []}}
2026-04-05 00:57:48,481 [httpx] INFO: HTTP Request: GET http://thread_service:8003/threads/18 "HTTP/1.1 200 OK"
2026-04-05 00:57:48,482 [app.kafka_producer] INFO: Sent to comment-events: {'event': 'new_comment', 'user_id': 18, 'type': 'new_comment', 'message': 'tina commented on your thread', 'reference_id': 107}
2026-04-05 00:57:48,484 [app.kafka_producer] INFO: Sent to comment-events: {'broadcast': True, 'type': 'new_comment_broadcast', 'comment': {'id': 107, 'content': 'Nice! Would love to see a follow-up thread on advanced use cases.', 'thread_id': 18, 'author': {'id': 20, 'username': 'tina', 'avatar': None}, 'parent_comment_id': None, 'created_at': '2026-04-05 00:57:48.441744', 'updated_at': '2026-04-05 00:57:48.441744', 'like_count': 0, 'liked_by_me': False, 'reply_count': 0, 'replies': []}}
2026-04-05 00:57:48,524 [httpx] INFO: HTTP Request: GET http://thread_service:8003/threads/18 "HTTP/1.1 200 OK"
2026-04-05 00:57:48,526 [app.kafka_producer] INFO: Sent to comment-events: {'event': 'new_comment', 'user_id': 18, 'type': 'new_comment', 'message': 'tina commented on your thread', 'reference_id': 108}
2026-04-05 00:57:48,527 [app.kafka_producer] INFO: Sent to comment-events: {'broadcast': True, 'type': 'new_comment_broadcast', 'comment': {'id': 108, 'content': "Has anyone benchmarked this? I'm curious about the performance impact.", 'thread_id': 18, 'author': {'id': 20, 'username': 'tina', 'avatar': None}, 'parent_comment_id': None, 'created_at': '2026-04-05 00:57:48.499355', 'updated_at': '2026-04-05 00:57:48.499355', 'like_count': 0, 'liked_by_me': False, 'reply_count': 0, 'replies': []}}
2026-04-05 00:57:48,564 [httpx] INFO: HTTP Request: GET http://thread_service:8003/threads/18 "HTTP/1.1 200 OK"
2026-04-05 00:57:48,566 [app.kafka_producer] INFO: Sent to comment-events: {'broadcast': True, 'type': 'new_comment_broadcast', 'comment': {'id': 109, 'content': 'Just deployed this in staging and the results are promising.', 'thread_id': 18, 'author': {'id': 18, 'username': 'rachel', 'avatar': None}, 'parent_comment_id': None, 'created_at': '2026-04-05 00:57:48.540170', 'updated_at': '2026-04-05 00:57:48.540170', 'like_count': 0, 'liked_by_me': False, 'reply_count': 0, 'replies': []}}
2026-04-05 00:57:48,607 [httpx] INFO: HTTP Request: GET http://thread_service:8003/threads/18 "HTTP/1.1 200 OK"
2026-04-05 00:57:48,611 [app.kafka_producer] INFO: Sent to comment-events: {'event': 'new_comment', 'user_id': 18, 'type': 'new_comment', 'message': 'bob commented on your thread', 'reference_id': 110}
2026-04-05 00:57:48,614 [app.kafka_producer] INFO: Sent to comment-events: {'broadcast': True, 'type': 'new_comment_broadcast', 'comment': {'id': 110, 'content': "I had a similar experience. Here's what worked for me in production.", 'thread_id': 18, 'author': {'id': 2, 'username': 'bob', 'avatar': None}, 'parent_comment_id': None, 'created_at': '2026-04-05 00:57:48.581074', 'updated_at': '2026-04-05 00:57:48.581074', 'like_count': 0, 'liked_by_me': False, 'reply_count': 0, 'replies': []}}
2026-04-05 00:57:48,658 [httpx] INFO: HTTP Request: GET http://thread_service:8003/threads/18 "HTTP/1.1 200 OK"
2026-04-05 00:57:48,661 [app.kafka_producer] INFO: Sent to comment-events: {'event': 'new_comment', 'user_id': 18, 'type': 'new_comment', 'message': 'bob commented on your thread', 'reference_id': 111}
2026-04-05 00:57:48,664 [app.kafka_producer] INFO: Sent to comment-events: {'broadcast': True, 'type': 'new_comment_broadcast', 'comment': {'id': 111, 'content': "I had a similar experience. Here's what worked for me in production.", 'thread_id': 18, 'author': {'id': 2, 'username': 'bob', 'avatar': None}, 'parent_comment_id': None, 'created_at': '2026-04-05 00:57:48.631679', 'updated_at': '2026-04-05 00:57:48.631679', 'like_count': 0, 'liked_by_me': False, 'reply_count': 0, 'replies': []}}
2026-04-05 00:57:48,711 [httpx] INFO: HTTP Request: GET http://thread_service:8003/threads/18 "HTTP/1.1 200 OK"
2026-04-05 00:57:48,714 [app.kafka_producer] INFO: Sent to comment-events: {'event': 'new_comment', 'user_id': 18, 'type': 'new_comment', 'message': 'ivy commented on your thread', 'reference_id': 112}
2026-04-05 00:57:48,717 [app.kafka_producer] INFO: Sent to comment-events: {'broadcast': True, 'type': 'new_comment_broadcast', 'comment': {'id': 112, 'content': 'This reminded me of a talk I saw at PyCon. Very relevant.', 'thread_id': 18, 'author': {'id': 9, 'username': 'ivy', 'avatar': None}, 'parent_comment_id': None, 'created_at': '2026-04-05 00:57:48.684482', 'updated_at': '2026-04-05 00:57:48.684482', 'like_count': 0, 'liked_by_me': False, 'reply_count': 0, 'replies': []}}
2026-04-05 00:57:48,759 [httpx] INFO: HTTP Request: GET http://thread_service:8003/threads/19 "HTTP/1.1 200 OK"
2026-04-05 00:57:48,762 [app.kafka_producer] INFO: Sent to comment-events: {'broadcast': True, 'type': 'new_comment_broadcast', 'comment': {'id': 113, 'content': "Good write-up! I'd add that error handling is also critical here.", 'thread_id': 19, 'author': {'id': 19, 'username': 'sam', 'avatar': None}, 'parent_comment_id': None, 'created_at': '2026-04-05 00:57:48.734173', 'updated_at': '2026-04-05 00:57:48.734173', 'like_count': 0, 'liked_by_me': False, 'reply_count': 0, 'replies': []}}
2026-04-05 00:57:48,800 [httpx] INFO: HTTP Request: GET http://thread_service:8003/threads/19 "HTTP/1.1 200 OK"
2026-04-05 00:57:48,802 [app.kafka_producer] INFO: Sent to comment-events: {'event': 'new_comment', 'user_id': 19, 'type': 'new_comment', 'message': 'eve commented on your thread', 'reference_id': 114}
2026-04-05 00:57:48,803 [app.kafka_producer] INFO: Sent to comment-events: {'broadcast': True, 'type': 'new_comment_broadcast', 'comment': {'id': 114, 'content': "I had a similar experience. Here's what worked for me in production.", 'thread_id': 19, 'author': {'id': 5, 'username': 'eve', 'avatar': None}, 'parent_comment_id': None, 'created_at': '2026-04-05 00:57:48.775448', 'updated_at': '2026-04-05 00:57:48.775448', 'like_count': 0, 'liked_by_me': False, 'reply_count': 0, 'replies': []}}
2026-04-05 00:57:48,847 [httpx] INFO: HTTP Request: GET http://thread_service:8003/threads/19 "HTTP/1.1 200 OK"
2026-04-05 00:57:48,849 [app.kafka_producer] INFO: Sent to comment-events: {'event': 'new_comment', 'user_id': 19, 'type': 'new_comment', 'message': 'peter commented on your thread', 'reference_id': 115}
2026-04-05 00:57:48,851 [app.kafka_producer] INFO: Sent to comment-events: {'broadcast': True, 'type': 'new_comment_broadcast', 'comment': {'id': 115, 'content': 'This is exactly what I was looking for — bookmarked!', 'thread_id': 19, 'author': {'id': 16, 'username': 'peter', 'avatar': None}, 'parent_comment_id': None, 'created_at': '2026-04-05 00:57:48.817834', 'updated_at': '2026-04-05 00:57:48.817834', 'like_count': 0, 'liked_by_me': False, 'reply_count': 0, 'replies': []}}
2026-04-05 00:57:48,889 [httpx] INFO: HTTP Request: GET http://thread_service:8003/threads/19 "HTTP/1.1 200 OK"
2026-04-05 00:57:48,890 [app.kafka_producer] INFO: Sent to comment-events: {'event': 'new_comment', 'user_id': 19, 'type': 'new_comment', 'message': 'diana commented on your thread', 'reference_id': 116}
2026-04-05 00:57:48,892 [app.kafka_producer] INFO: Sent to comment-events: {'broadcast': True, 'type': 'new_comment_broadcast', 'comment': {'id': 116, 'content': 'This thread is gold. More discussions like this please!', 'thread_id': 19, 'author': {'id': 4, 'username': 'diana', 'avatar': None}, 'parent_comment_id': None, 'created_at': '2026-04-05 00:57:48.865350', 'updated_at': '2026-04-05 00:57:48.865350', 'like_count': 0, 'liked_by_me': False, 'reply_count': 0, 'replies': []}}
2026-04-05 00:57:48,930 [httpx] INFO: HTTP Request: GET http://thread_service:8003/threads/19 "HTTP/1.1 200 OK"
2026-04-05 00:57:48,933 [app.kafka_producer] INFO: Sent to comment-events: {'event': 'new_comment', 'user_id': 19, 'type': 'new_comment', 'message': 'diana commented on your thread', 'reference_id': 117}
2026-04-05 00:57:48,934 [app.kafka_producer] INFO: Sent to comment-events: {'broadcast': True, 'type': 'new_comment_broadcast', 'comment': {'id': 117, 'content': 'Just deployed this in staging and the results are promising.', 'thread_id': 19, 'author': {'id': 4, 'username': 'diana', 'avatar': None}, 'parent_comment_id': None, 'created_at': '2026-04-05 00:57:48.906713', 'updated_at': '2026-04-05 00:57:48.906713', 'like_count': 0, 'liked_by_me': False, 'reply_count': 0, 'replies': []}}
2026-04-05 00:57:48,970 [httpx] INFO: HTTP Request: GET http://thread_service:8003/threads/19 "HTTP/1.1 200 OK"
2026-04-05 00:57:48,972 [app.kafka_producer] INFO: Sent to comment-events: {'event': 'new_comment', 'user_id': 19, 'type': 'new_comment', 'message': 'charlie commented on your thread', 'reference_id': 118}
2026-04-05 00:57:48,973 [app.kafka_producer] INFO: Sent to comment-events: {'broadcast': True, 'type': 'new_comment_broadcast', 'comment': {'id': 118, 'content': "Has anyone benchmarked this? I'm curious about the performance impact.", 'thread_id': 19, 'author': {'id': 3, 'username': 'charlie', 'avatar': None}, 'parent_comment_id': None, 'created_at': '2026-04-05 00:57:48.947295', 'updated_at': '2026-04-05 00:57:48.947295', 'like_count': 0, 'liked_by_me': False, 'reply_count': 0, 'replies': []}}
2026-04-05 00:57:49,013 [httpx] INFO: HTTP Request: GET http://thread_service:8003/threads/19 "HTTP/1.1 200 OK"
2026-04-05 00:57:49,016 [app.kafka_producer] INFO: Sent to comment-events: {'event': 'new_comment', 'user_id': 19, 'type': 'new_comment', 'message': 'quinn commented on your thread', 'reference_id': 119}
2026-04-05 00:57:49,017 [app.kafka_producer] INFO: Sent to comment-events: {'broadcast': True, 'type': 'new_comment_broadcast', 'comment': {'id': 119, 'content': 'Just deployed this in staging and the results are promising.', 'thread_id': 19, 'author': {'id': 17, 'username': 'quinn', 'avatar': None}, 'parent_comment_id': None, 'created_at': '2026-04-05 00:57:48.987267', 'updated_at': '2026-04-05 00:57:48.987267', 'like_count': 0, 'liked_by_me': False, 'reply_count': 0, 'replies': []}}
2026-04-05 00:57:49,064 [httpx] INFO: HTTP Request: GET http://thread_service:8003/threads/20 "HTTP/1.1 200 OK"
2026-04-05 00:57:49,067 [app.kafka_producer] INFO: Sent to comment-events: {'broadcast': True, 'type': 'new_comment_broadcast', 'comment': {'id': 120, 'content': "I had a similar experience. Here's what worked for me in production.", 'thread_id': 20, 'author': {'id': 20, 'username': 'tina', 'avatar': None}, 'parent_comment_id': None, 'created_at': '2026-04-05 00:57:49.030950', 'updated_at': '2026-04-05 00:57:49.030950', 'like_count': 0, 'liked_by_me': False, 'reply_count': 0, 'replies': []}}
2026-04-05 00:57:49,107 [httpx] INFO: HTTP Request: GET http://thread_service:8003/threads/20 "HTTP/1.1 200 OK"
2026-04-05 00:57:49,109 [app.kafka_producer] INFO: Sent to comment-events: {'event': 'new_comment', 'user_id': 20, 'type': 'new_comment', 'message': 'noah commented on your thread', 'reference_id': 121}
2026-04-05 00:57:49,110 [app.kafka_producer] INFO: Sent to comment-events: {'broadcast': True, 'type': 'new_comment_broadcast', 'comment': {'id': 121, 'content': 'We use a similar setup at work. One gotcha to watch out for is memory leaks.', 'thread_id': 20, 'author': {'id': 14, 'username': 'noah', 'avatar': None}, 'parent_comment_id': None, 'created_at': '2026-04-05 00:57:49.081257', 'updated_at': '2026-04-05 00:57:49.081257', 'like_count': 0, 'liked_by_me': False, 'reply_count': 0, 'replies': []}}
2026-04-05 00:57:49,173 [httpx] INFO: HTTP Request: GET http://thread_service:8003/threads/20 "HTTP/1.1 200 OK"
2026-04-05 00:57:49,177 [app.kafka_producer] INFO: Sent to comment-events: {'event': 'new_comment', 'user_id': 20, 'type': 'new_comment', 'message': 'leo commented on your thread', 'reference_id': 122}
2026-04-05 00:57:49,179 [app.kafka_producer] INFO: Sent to comment-events: {'broadcast': True, 'type': 'new_comment_broadcast', 'comment': {'id': 122, 'content': 'Solid advice. We adopted this pattern last quarter and it worked great.', 'thread_id': 20, 'author': {'id': 12, 'username': 'leo', 'avatar': None}, 'parent_comment_id': None, 'created_at': '2026-04-05 00:57:49.146397', 'updated_at': '2026-04-05 00:57:49.146397', 'like_count': 0, 'liked_by_me': False, 'reply_count': 0, 'replies': []}}
2026-04-05 00:57:49,220 [httpx] INFO: HTTP Request: GET http://thread_service:8003/threads/20 "HTTP/1.1 200 OK"
2026-04-05 00:57:49,223 [app.kafka_producer] INFO: Sent to comment-events: {'event': 'new_comment', 'user_id': 20, 'type': 'new_comment', 'message': 'noah commented on your thread', 'reference_id': 123}
2026-04-05 00:57:49,225 [app.kafka_producer] INFO: Sent to comment-events: {'broadcast': True, 'type': 'new_comment_broadcast', 'comment': {'id': 123, 'content': "Can you elaborate more on this? I'd love to understand the internals.", 'thread_id': 20, 'author': {'id': 14, 'username': 'noah', 'avatar': None}, 'parent_comment_id': None, 'created_at': '2026-04-05 00:57:49.193865', 'updated_at': '2026-04-05 00:57:49.193865', 'like_count': 0, 'liked_by_me': False, 'reply_count': 0, 'replies': []}}
2026-04-05 00:57:49,270 [httpx] INFO: HTTP Request: GET http://thread_service:8003/threads/20 "HTTP/1.1 200 OK"
2026-04-05 00:57:49,272 [app.kafka_producer] INFO: Sent to comment-events: {'event': 'new_comment', 'user_id': 20, 'type': 'new_comment', 'message': 'leo commented on your thread', 'reference_id': 124}
2026-04-05 00:57:49,273 [app.kafka_producer] INFO: Sent to comment-events: {'broadcast': True, 'type': 'new_comment_broadcast', 'comment': {'id': 124, 'content': 'Underrated topic! More people should be talking about this.', 'thread_id': 20, 'author': {'id': 12, 'username': 'leo', 'avatar': None}, 'parent_comment_id': None, 'created_at': '2026-04-05 00:57:49.243338', 'updated_at': '2026-04-05 00:57:49.243338', 'like_count': 0, 'liked_by_me': False, 'reply_count': 0, 'replies': []}}
2026-04-05 00:57:49,314 [httpx] INFO: HTTP Request: GET http://thread_service:8003/threads/20 "HTTP/1.1 200 OK"
2026-04-05 00:57:49,318 [app.kafka_producer] INFO: Sent to comment-events: {'event': 'new_comment', 'user_id': 20, 'type': 'new_comment', 'message': 'karen commented on your thread', 'reference_id': 125}
2026-04-05 00:57:49,320 [app.kafka_producer] INFO: Sent to comment-events: {'broadcast': True, 'type': 'new_comment_broadcast', 'comment': {'id': 125, 'content': "I had a similar experience. Here's what worked for me in production.", 'thread_id': 20, 'author': {'id': 11, 'username': 'karen', 'avatar': None}, 'parent_comment_id': None, 'created_at': '2026-04-05 00:57:49.288262', 'updated_at': '2026-04-05 00:57:49.288262', 'like_count': 0, 'liked_by_me': False, 'reply_count': 0, 'replies': []}}
2026-04-05 00:57:49,360 [httpx] INFO: HTTP Request: GET http://thread_service:8003/threads/20 "HTTP/1.1 200 OK"
2026-04-05 00:57:49,363 [app.kafka_producer] INFO: Sent to comment-events: {'broadcast': True, 'type': 'new_comment_broadcast', 'comment': {'id': 126, 'content': "Has anyone benchmarked this? I'm curious about the performance impact.", 'thread_id': 20, 'author': {'id': 20, 'username': 'tina', 'avatar': None}, 'parent_comment_id': None, 'created_at': '2026-04-05 00:57:49.335998', 'updated_at': '2026-04-05 00:57:49.335998', 'like_count': 0, 'liked_by_me': False, 'reply_count': 0, 'replies': []}}
2026-04-05 00:57:49,389 [app.kafka_producer] INFO: Sent to comment-events: {'event': 'comment_reply', 'user_id': 7, 'type': 'comment_reply', 'message': 'jack replied to your comment', 'reference_id': 127}
2026-04-05 00:57:49,412 [httpx] INFO: HTTP Request: GET http://thread_service:8003/threads/2 "HTTP/1.1 200 OK"
2026-04-05 00:57:49,414 [app.kafka_producer] INFO: Sent to comment-events: {'event': 'new_comment', 'user_id': 2, 'type': 'new_comment', 'message': 'jack commented on your thread', 'reference_id': 127}
2026-04-05 00:57:49,415 [app.kafka_producer] INFO: Sent to comment-events: {'broadcast': True, 'type': 'new_comment_broadcast', 'comment': {'id': 127, 'content': '@grace Let me test this out and report back.', 'thread_id': 2, 'author': {'id': 10, 'username': 'jack', 'avatar': None}, 'parent_comment_id': 12, 'created_at': '2026-04-05 00:57:49.378854', 'updated_at': '2026-04-05 00:57:49.378854', 'like_count': 0, 'liked_by_me': False, 'reply_count': 0, 'replies': []}}
2026-04-05 00:57:49,420 [app.kafka_producer] INFO: Sent to comment-events: {'event': 'mention', 'user_id': 7, 'type': 'mention', 'message': 'jack mentioned you in a comment', 'reference_id': 127}
2026-04-05 00:57:49,441 [app.kafka_producer] INFO: Sent to comment-events: {'event': 'comment_reply', 'user_id': 14, 'type': 'comment_reply', 'message': 'bob replied to your comment', 'reference_id': 128}
2026-04-05 00:57:49,476 [httpx] INFO: HTTP Request: GET http://thread_service:8003/threads/8 "HTTP/1.1 200 OK"
2026-04-05 00:57:49,479 [app.kafka_producer] INFO: Sent to comment-events: {'event': 'new_comment', 'user_id': 8, 'type': 'new_comment', 'message': 'bob commented on your thread', 'reference_id': 128}
2026-04-05 00:57:49,480 [app.kafka_producer] INFO: Sent to comment-events: {'broadcast': True, 'type': 'new_comment_broadcast', 'comment': {'id': 128, 'content': '@noah Exactly! This is the pattern we follow too.', 'thread_id': 8, 'author': {'id': 2, 'username': 'bob', 'avatar': None}, 'parent_comment_id': 45, 'created_at': '2026-04-05 00:57:49.433136', 'updated_at': '2026-04-05 00:57:49.433136', 'like_count': 0, 'liked_by_me': False, 'reply_count': 0, 'replies': []}}
2026-04-05 00:57:49,483 [app.kafka_producer] INFO: Sent to comment-events: {'event': 'mention', 'user_id': 14, 'type': 'mention', 'message': 'bob mentioned you in a comment', 'reference_id': 128}
2026-04-05 00:57:49,504 [app.kafka_producer] INFO: Sent to comment-events: {'event': 'comment_reply', 'user_id': 17, 'type': 'comment_reply', 'message': 'tina replied to your comment', 'reference_id': 129}
2026-04-05 00:57:49,525 [httpx] INFO: HTTP Request: GET http://thread_service:8003/threads/9 "HTTP/1.1 200 OK"
2026-04-05 00:57:49,528 [app.kafka_producer] INFO: Sent to comment-events: {'event': 'new_comment', 'user_id': 9, 'type': 'new_comment', 'message': 'tina commented on your thread', 'reference_id': 129}
2026-04-05 00:57:49,529 [app.kafka_producer] INFO: Sent to comment-events: {'broadcast': True, 'type': 'new_comment_broadcast', 'comment': {'id': 129, 'content': '@quinn Let me test this out and report back.', 'thread_id': 9, 'author': {'id': 20, 'username': 'tina', 'avatar': None}, 'parent_comment_id': 52, 'created_at': '2026-04-05 00:57:49.497416', 'updated_at': '2026-04-05 00:57:49.497416', 'like_count': 0, 'liked_by_me': False, 'reply_count': 0, 'replies': []}}
2026-04-05 00:57:49,531 [app.kafka_producer] INFO: Sent to comment-events: {'event': 'mention', 'user_id': 17, 'type': 'mention', 'message': 'tina mentioned you in a comment', 'reference_id': 129}
2026-04-05 00:57:49,554 [app.kafka_producer] INFO: Sent to comment-events: {'event': 'comment_reply', 'user_id': 18, 'type': 'comment_reply', 'message': 'mia replied to your comment', 'reference_id': 130}
2026-04-05 00:57:49,581 [httpx] INFO: HTTP Request: GET http://thread_service:8003/threads/3 "HTTP/1.1 200 OK"
2026-04-05 00:57:49,583 [app.kafka_producer] INFO: Sent to comment-events: {'event': 'new_comment', 'user_id': 3, 'type': 'new_comment', 'message': 'mia commented on your thread', 'reference_id': 130}
2026-04-05 00:57:49,585 [app.kafka_producer] INFO: Sent to comment-events: {'broadcast': True, 'type': 'new_comment_broadcast', 'comment': {'id': 130, 'content': '@rachel Good catch — I missed that detail. Updated my approach.', 'thread_id': 3, 'author': {'id': 13, 'username': 'mia', 'avatar': None}, 'parent_comment_id': 13, 'created_at': '2026-04-05 00:57:49.546300', 'updated_at': '2026-04-05 00:57:49.546300', 'like_count': 0, 'liked_by_me': False, 'reply_count': 0, 'replies': []}}
2026-04-05 00:57:49,588 [app.kafka_producer] INFO: Sent to comment-events: {'event': 'mention', 'user_id': 18, 'type': 'mention', 'message': 'mia mentioned you in a comment', 'reference_id': 130}
2026-04-05 00:57:49,612 [app.kafka_producer] INFO: Sent to comment-events: {'event': 'comment_reply', 'user_id': 10, 'type': 'comment_reply', 'message': 'leo replied to your comment', 'reference_id': 131}
2026-04-05 00:57:49,631 [httpx] INFO: HTTP Request: GET http://thread_service:8003/threads/10 "HTTP/1.1 200 OK"
2026-04-05 00:57:49,634 [app.kafka_producer] INFO: Sent to comment-events: {'broadcast': True, 'type': 'new_comment_broadcast', 'comment': {'id': 131, 'content': 'Exactly! This is the pattern we follow too.', 'thread_id': 10, 'author': {'id': 12, 'username': 'leo', 'avatar': None}, 'parent_comment_id': 56, 'created_at': '2026-04-05 00:57:49.601784', 'updated_at': '2026-04-05 00:57:49.601784', 'like_count': 0, 'liked_by_me': False, 'reply_count': 0, 'replies': []}}
2026-04-05 00:57:49,675 [app.kafka_producer] INFO: Sent to comment-events: {'event': 'comment_reply', 'user_id': 14, 'type': 'comment_reply', 'message': 'charlie replied to your comment', 'reference_id': 132}
2026-04-05 00:57:49,695 [httpx] INFO: HTTP Request: GET http://thread_service:8003/threads/12 "HTTP/1.1 200 OK"
2026-04-05 00:57:49,698 [app.kafka_producer] INFO: Sent to comment-events: {'event': 'new_comment', 'user_id': 12, 'type': 'new_comment', 'message': 'charlie commented on your thread', 'reference_id': 132}
2026-04-05 00:57:49,701 [app.kafka_producer] INFO: Sent to comment-events: {'broadcast': True, 'type': 'new_comment_broadcast', 'comment': {'id': 132, 'content': '@noah Exactly! This is the pattern we follow too.', 'thread_id': 12, 'author': {'id': 3, 'username': 'charlie', 'avatar': None}, 'parent_comment_id': 71, 'created_at': '2026-04-05 00:57:49.648385', 'updated_at': '2026-04-05 00:57:49.648385', 'like_count': 0, 'liked_by_me': False, 'reply_count': 0, 'replies': []}}
2026-04-05 00:57:49,705 [app.kafka_producer] INFO: Sent to comment-events: {'event': 'mention', 'user_id': 14, 'type': 'mention', 'message': 'charlie mentioned you in a comment', 'reference_id': 132}
2026-04-05 00:57:49,728 [app.kafka_producer] INFO: Sent to comment-events: {'event': 'comment_reply', 'user_id': 20, 'type': 'comment_reply', 'message': 'charlie replied to your comment', 'reference_id': 133}
2026-04-05 00:57:49,746 [httpx] INFO: HTTP Request: GET http://thread_service:8003/threads/1 "HTTP/1.1 200 OK"
2026-04-05 00:57:49,748 [app.kafka_producer] INFO: Sent to comment-events: {'event': 'new_comment', 'user_id': 1, 'type': 'new_comment', 'message': 'charlie commented on your thread', 'reference_id': 133}
2026-04-05 00:57:49,750 [app.kafka_producer] INFO: Sent to comment-events: {'broadcast': True, 'type': 'new_comment_broadcast', 'comment': {'id': 133, 'content': 'Good catch — I missed that detail. Updated my approach.', 'thread_id': 1, 'author': {'id': 3, 'username': 'charlie', 'avatar': None}, 'parent_comment_id': 4, 'created_at': '2026-04-05 00:57:49.720247', 'updated_at': '2026-04-05 00:57:49.720247', 'like_count': 0, 'liked_by_me': False, 'reply_count': 0, 'replies': []}}
2026-04-05 00:57:49,775 [app.kafka_producer] INFO: Sent to comment-events: {'event': 'comment_reply', 'user_id': 14, 'type': 'comment_reply', 'message': 'peter replied to your comment', 'reference_id': 134}
2026-04-05 00:57:49,798 [httpx] INFO: HTTP Request: GET http://thread_service:8003/threads/6 "HTTP/1.1 200 OK"
2026-04-05 00:57:49,800 [app.kafka_producer] INFO: Sent to comment-events: {'event': 'new_comment', 'user_id': 6, 'type': 'new_comment', 'message': 'peter commented on your thread', 'reference_id': 134}
2026-04-05 00:57:49,802 [app.kafka_producer] INFO: Sent to comment-events: {'broadcast': True, 'type': 'new_comment_broadcast', 'comment': {'id': 134, 'content': 'Exactly! This is the pattern we follow too.', 'thread_id': 6, 'author': {'id': 16, 'username': 'peter', 'avatar': None}, 'parent_comment_id': 35, 'created_at': '2026-04-05 00:57:49.765558', 'updated_at': '2026-04-05 00:57:49.765558', 'like_count': 0, 'liked_by_me': False, 'reply_count': 0, 'replies': []}}
2026-04-05 00:57:49,826 [app.kafka_producer] INFO: Sent to comment-events: {'event': 'comment_reply', 'user_id': 14, 'type': 'comment_reply', 'message': 'leo replied to your comment', 'reference_id': 135}
2026-04-05 00:57:49,851 [httpx] INFO: HTTP Request: GET http://thread_service:8003/threads/13 "HTTP/1.1 200 OK"
2026-04-05 00:57:49,852 [app.kafka_producer] INFO: Sent to comment-events: {'event': 'new_comment', 'user_id': 13, 'type': 'new_comment', 'message': 'leo commented on your thread', 'reference_id': 135}
2026-04-05 00:57:49,854 [app.kafka_producer] INFO: Sent to comment-events: {'broadcast': True, 'type': 'new_comment_broadcast', 'comment': {'id': 135, 'content': '@noah Good catch — I missed that detail. Updated my approach.', 'thread_id': 13, 'author': {'id': 12, 'username': 'leo', 'avatar': None}, 'parent_comment_id': 78, 'created_at': '2026-04-05 00:57:49.817878', 'updated_at': '2026-04-05 00:57:49.817878', 'like_count': 0, 'liked_by_me': False, 'reply_count': 0, 'replies': []}}
2026-04-05 00:57:49,858 [app.kafka_producer] INFO: Sent to comment-events: {'event': 'mention', 'user_id': 14, 'type': 'mention', 'message': 'leo mentioned you in a comment', 'reference_id': 135}
2026-04-05 00:57:49,729 [app.kafka_producer] INFO: Sent to comment-events: {'event': 'comment_reply', 'user_id': 12, 'type': 'comment_reply', 'message': 'grace replied to your comment', 'reference_id': 136}
2026-04-05 00:57:49,752 [httpx] INFO: HTTP Request: GET http://thread_service:8003/threads/5 "HTTP/1.1 200 OK"
2026-04-05 00:57:49,755 [app.kafka_producer] INFO: Sent to comment-events: {'event': 'new_comment', 'user_id': 5, 'type': 'new_comment', 'message': 'grace commented on your thread', 'reference_id': 136}
2026-04-05 00:57:49,757 [app.kafka_producer] INFO: Sent to comment-events: {'broadcast': True, 'type': 'new_comment_broadcast', 'comment': {'id': 136, 'content': '@leo Hmm, I see your point but what about edge cases in production?', 'thread_id': 5, 'author': {'id': 7, 'username': 'grace', 'avatar': None}, 'parent_comment_id': 28, 'created_at': '2026-04-05 00:57:49.875636', 'updated_at': '2026-04-05 00:57:49.875636', 'like_count': 0, 'liked_by_me': False, 'reply_count': 0, 'replies': []}}
2026-04-05 00:57:49,761 [app.kafka_producer] INFO: Sent to comment-events: {'event': 'mention', 'user_id': 12, 'type': 'mention', 'message': 'grace mentioned you in a comment', 'reference_id': 136}
2026-04-05 00:57:49,786 [app.kafka_producer] INFO: Sent to comment-events: {'event': 'comment_reply', 'user_id': 16, 'type': 'comment_reply', 'message': 'leo replied to your comment', 'reference_id': 137}
2026-04-05 00:57:49,814 [httpx] INFO: HTTP Request: GET http://thread_service:8003/threads/11 "HTTP/1.1 200 OK"
2026-04-05 00:57:49,816 [app.kafka_producer] INFO: Sent to comment-events: {'event': 'new_comment', 'user_id': 11, 'type': 'new_comment', 'message': 'leo commented on your thread', 'reference_id': 137}
2026-04-05 00:57:49,818 [app.kafka_producer] INFO: Sent to comment-events: {'broadcast': True, 'type': 'new_comment_broadcast', 'comment': {'id': 137, 'content': 'Good catch — I missed that detail. Updated my approach.', 'thread_id': 11, 'author': {'id': 12, 'username': 'leo', 'avatar': None}, 'parent_comment_id': 67, 'created_at': '2026-04-05 00:57:49.777366', 'updated_at': '2026-04-05 00:57:49.777366', 'like_count': 0, 'liked_by_me': False, 'reply_count': 0, 'replies': []}}
2026-04-05 00:57:49,843 [app.kafka_producer] INFO: Sent to comment-events: {'event': 'comment_reply', 'user_id': 12, 'type': 'comment_reply', 'message': 'jack replied to your comment', 'reference_id': 138}
2026-04-05 00:57:49,866 [httpx] INFO: HTTP Request: GET http://thread_service:8003/threads/13 "HTTP/1.1 200 OK"
2026-04-05 00:57:49,868 [app.kafka_producer] INFO: Sent to comment-events: {'event': 'new_comment', 'user_id': 13, 'type': 'new_comment', 'message': 'jack commented on your thread', 'reference_id': 138}
2026-04-05 00:57:49,870 [app.kafka_producer] INFO: Sent to comment-events: {'broadcast': True, 'type': 'new_comment_broadcast', 'comment': {'id': 138, 'content': 'Thanks for the reply — that clears things up.', 'thread_id': 13, 'author': {'id': 10, 'username': 'jack', 'avatar': None}, 'parent_comment_id': 77, 'created_at': '2026-04-05 00:57:49.834735', 'updated_at': '2026-04-05 00:57:49.834735', 'like_count': 0, 'liked_by_me': False, 'reply_count': 0, 'replies': []}}
2026-04-05 00:57:49,894 [app.kafka_producer] INFO: Sent to comment-events: {'event': 'comment_reply', 'user_id': 14, 'type': 'comment_reply', 'message': 'peter replied to your comment', 'reference_id': 139}
2026-04-05 00:57:49,919 [httpx] INFO: HTTP Request: GET http://thread_service:8003/threads/20 "HTTP/1.1 200 OK"
2026-04-05 00:57:49,921 [app.kafka_producer] INFO: Sent to comment-events: {'event': 'new_comment', 'user_id': 20, 'type': 'new_comment', 'message': 'peter commented on your thread', 'reference_id': 139}
2026-04-05 00:57:49,923 [app.kafka_producer] INFO: Sent to comment-events: {'broadcast': True, 'type': 'new_comment_broadcast', 'comment': {'id': 139, 'content': "Well said! I couldn't agree more.", 'thread_id': 20, 'author': {'id': 16, 'username': 'peter', 'avatar': None}, 'parent_comment_id': 121, 'created_at': '2026-04-05 00:57:49.886245', 'updated_at': '2026-04-05 00:57:49.886245', 'like_count': 0, 'liked_by_me': False, 'reply_count': 0, 'replies': []}}
2026-04-05 00:57:49,949 [app.kafka_producer] INFO: Sent to comment-events: {'event': 'comment_reply', 'user_id': 16, 'type': 'comment_reply', 'message': 'diana replied to your comment', 'reference_id': 140}
2026-04-05 00:57:49,975 [httpx] INFO: HTTP Request: GET http://thread_service:8003/threads/3 "HTTP/1.1 200 OK"
2026-04-05 00:57:49,978 [app.kafka_producer] INFO: Sent to comment-events: {'event': 'new_comment', 'user_id': 3, 'type': 'new_comment', 'message': 'diana commented on your thread', 'reference_id': 140}
2026-04-05 00:57:49,980 [app.kafka_producer] INFO: Sent to comment-events: {'broadcast': True, 'type': 'new_comment_broadcast', 'comment': {'id': 140, 'content': 'Good catch — I missed that detail. Updated my approach.', 'thread_id': 3, 'author': {'id': 4, 'username': 'diana', 'avatar': None}, 'parent_comment_id': 14, 'created_at': '2026-04-05 00:57:49.940908', 'updated_at': '2026-04-05 00:57:49.940908', 'like_count': 0, 'liked_by_me': False, 'reply_count': 0, 'replies': []}}
2026-04-05 00:57:50,005 [app.kafka_producer] INFO: Sent to comment-events: {'event': 'comment_reply', 'user_id': 8, 'type': 'comment_reply', 'message': 'karen replied to your comment', 'reference_id': 141}
2026-04-05 00:57:50,027 [httpx] INFO: HTTP Request: GET http://thread_service:8003/threads/14 "HTTP/1.1 200 OK"
2026-04-05 00:57:50,029 [app.kafka_producer] INFO: Sent to comment-events: {'event': 'new_comment', 'user_id': 14, 'type': 'new_comment', 'message': 'karen commented on your thread', 'reference_id': 141}
2026-04-05 00:57:50,031 [app.kafka_producer] INFO: Sent to comment-events: {'broadcast': True, 'type': 'new_comment_broadcast', 'comment': {'id': 141, 'content': 'Exactly! This is the pattern we follow too.', 'thread_id': 14, 'author': {'id': 11, 'username': 'karen', 'avatar': None}, 'parent_comment_id': 83, 'created_at': '2026-04-05 00:57:49.997280', 'updated_at': '2026-04-05 00:57:49.997280', 'like_count': 0, 'liked_by_me': False, 'reply_count': 0, 'replies': []}}
2026-04-05 00:57:50,054 [app.kafka_producer] INFO: Sent to comment-events: {'event': 'comment_reply', 'user_id': 1, 'type': 'comment_reply', 'message': 'sam replied to your comment', 'reference_id': 142}
2026-04-05 00:57:50,077 [httpx] INFO: HTTP Request: GET http://thread_service:8003/threads/4 "HTTP/1.1 200 OK"
2026-04-05 00:57:50,079 [app.kafka_producer] INFO: Sent to comment-events: {'event': 'new_comment', 'user_id': 4, 'type': 'new_comment', 'message': 'sam commented on your thread', 'reference_id': 142}
2026-04-05 00:57:50,081 [app.kafka_producer] INFO: Sent to comment-events: {'broadcast': True, 'type': 'new_comment_broadcast', 'comment': {'id': 142, 'content': 'Good catch — I missed that detail. Updated my approach.', 'thread_id': 4, 'author': {'id': 19, 'username': 'sam', 'avatar': None}, 'parent_comment_id': 23, 'created_at': '2026-04-05 00:57:50.046279', 'updated_at': '2026-04-05 00:57:50.046279', 'like_count': 0, 'liked_by_me': False, 'reply_count': 0, 'replies': []}}
2026-04-05 00:57:50,104 [app.kafka_producer] INFO: Sent to comment-events: {'event': 'comment_reply', 'user_id': 12, 'type': 'comment_reply', 'message': 'grace replied to your comment', 'reference_id': 143}
2026-04-05 00:57:50,127 [httpx] INFO: HTTP Request: GET http://thread_service:8003/threads/10 "HTTP/1.1 200 OK"
2026-04-05 00:57:50,129 [app.kafka_producer] INFO: Sent to comment-events: {'event': 'new_comment', 'user_id': 10, 'type': 'new_comment', 'message': 'grace commented on your thread', 'reference_id': 143}
2026-04-05 00:57:50,131 [app.kafka_producer] INFO: Sent to comment-events: {'broadcast': True, 'type': 'new_comment_broadcast', 'comment': {'id': 143, 'content': 'Let me test this out and report back.', 'thread_id': 10, 'author': {'id': 7, 'username': 'grace', 'avatar': None}, 'parent_comment_id': 57, 'created_at': '2026-04-05 00:57:50.097096', 'updated_at': '2026-04-05 00:57:50.097096', 'like_count': 0, 'liked_by_me': False, 'reply_count': 0, 'replies': []}}
2026-04-05 00:57:50,154 [app.kafka_producer] INFO: Sent to comment-events: {'event': 'comment_reply', 'user_id': 18, 'type': 'comment_reply', 'message': 'charlie replied to your comment', 'reference_id': 144}
2026-04-05 00:57:50,187 [httpx] INFO: HTTP Request: GET http://thread_service:8003/threads/12 "HTTP/1.1 200 OK"
2026-04-05 00:57:50,189 [app.kafka_producer] INFO: Sent to comment-events: {'event': 'new_comment', 'user_id': 12, 'type': 'new_comment', 'message': 'charlie commented on your thread', 'reference_id': 144}
2026-04-05 00:57:50,192 [app.kafka_producer] INFO: Sent to comment-events: {'broadcast': True, 'type': 'new_comment_broadcast', 'comment': {'id': 144, 'content': 'Exactly! This is the pattern we follow too.', 'thread_id': 12, 'author': {'id': 3, 'username': 'charlie', 'avatar': None}, 'parent_comment_id': 69, 'created_at': '2026-04-05 00:57:50.146809', 'updated_at': '2026-04-05 00:57:50.146809', 'like_count': 0, 'liked_by_me': False, 'reply_count': 0, 'replies': []}}
2026-04-05 00:57:50,216 [app.kafka_producer] INFO: Sent to comment-events: {'event': 'comment_reply', 'user_id': 20, 'type': 'comment_reply', 'message': 'sam replied to your comment', 'reference_id': 145}
2026-04-05 00:57:50,239 [httpx] INFO: HTTP Request: GET http://thread_service:8003/threads/18 "HTTP/1.1 200 OK"
2026-04-05 00:57:50,241 [app.kafka_producer] INFO: Sent to comment-events: {'event': 'new_comment', 'user_id': 18, 'type': 'new_comment', 'message': 'sam commented on your thread', 'reference_id': 145}
2026-04-05 00:57:50,243 [app.kafka_producer] INFO: Sent to comment-events: {'broadcast': True, 'type': 'new_comment_broadcast', 'comment': {'id': 145, 'content': '@tina Hmm, I see your point but what about edge cases in production?', 'thread_id': 18, 'author': {'id': 19, 'username': 'sam', 'avatar': None}, 'parent_comment_id': 107, 'created_at': '2026-04-05 00:57:50.208647', 'updated_at': '2026-04-05 00:57:50.208647', 'like_count': 0, 'liked_by_me': False, 'reply_count': 0, 'replies': []}}
2026-04-05 00:57:50,245 [app.kafka_producer] INFO: Sent to comment-events: {'event': 'mention', 'user_id': 20, 'type': 'mention', 'message': 'sam mentioned you in a comment', 'reference_id': 145}
2026-04-05 00:57:50,268 [app.kafka_producer] INFO: Sent to comment-events: {'event': 'comment_reply', 'user_id': 11, 'type': 'comment_reply', 'message': 'olivia replied to your comment', 'reference_id': 146}
2026-04-05 00:57:50,289 [httpx] INFO: HTTP Request: GET http://thread_service:8003/threads/7 "HTTP/1.1 200 OK"
2026-04-05 00:57:50,290 [app.kafka_producer] INFO: Sent to comment-events: {'event': 'new_comment', 'user_id': 7, 'type': 'new_comment', 'message': 'olivia commented on your thread', 'reference_id': 146}
2026-04-05 00:57:50,292 [app.kafka_producer] INFO: Sent to comment-events: {'broadcast': True, 'type': 'new_comment_broadcast', 'comment': {'id': 146, 'content': 'Let me test this out and report back.', 'thread_id': 7, 'author': {'id': 15, 'username': 'olivia', 'avatar': None}, 'parent_comment_id': 41, 'created_at': '2026-04-05 00:57:50.259724', 'updated_at': '2026-04-05 00:57:50.259724', 'like_count': 0, 'liked_by_me': False, 'reply_count': 0, 'replies': []}}
2026-04-05 00:57:50,320 [app.kafka_producer] INFO: Sent to comment-events: {'broadcast': True, 'type': 'comment_like_update', 'comment_id': 95, 'thread_id': 16, 'like_count': 1}
2026-04-05 00:57:50,322 [app.kafka_producer] INFO: Sent to comment-events: {'event': 'comment_liked', 'user_id': 18, 'actor_id': 14, 'type': 'comment_like', 'message': 'noah liked your comment', 'reference_id': 95}
2026-04-05 00:57:50,345 [httpx] INFO: HTTP Request: GET http://thread_service:8003/threads/16 "HTTP/1.1 200 OK"
2026-04-05 00:57:50,347 [app.kafka_producer] INFO: Sent to comment-events: {'event': 'comment_liked_on_thread', 'user_id': 16, 'type': 'comment_like', 'message': 'noah liked a comment on your thread', 'reference_id': 95}
2026-04-05 00:57:50,371 [app.kafka_producer] INFO: Sent to comment-events: {'broadcast': True, 'type': 'comment_like_update', 'comment_id': 77, 'thread_id': 13, 'like_count': 1}
2026-04-05 00:57:50,372 [app.kafka_producer] INFO: Sent to comment-events: {'event': 'comment_liked', 'user_id': 12, 'actor_id': 5, 'type': 'comment_like', 'message': 'eve liked your comment', 'reference_id': 77}
2026-04-05 00:57:50,390 [httpx] INFO: HTTP Request: GET http://thread_service:8003/threads/13 "HTTP/1.1 200 OK"
2026-04-05 00:57:50,392 [app.kafka_producer] INFO: Sent to comment-events: {'event': 'comment_liked_on_thread', 'user_id': 13, 'type': 'comment_like', 'message': 'eve liked a comment on your thread', 'reference_id': 77}
2026-04-05 00:57:50,412 [app.kafka_producer] INFO: Sent to comment-events: {'broadcast': True, 'type': 'comment_like_update', 'comment_id': 82, 'thread_id': 14, 'like_count': 1}
2026-04-05 00:57:50,413 [app.kafka_producer] INFO: Sent to comment-events: {'event': 'comment_liked', 'user_id': 12, 'actor_id': 1, 'type': 'comment_like', 'message': 'alice liked your comment', 'reference_id': 82}
2026-04-05 00:57:50,433 [httpx] INFO: HTTP Request: GET http://thread_service:8003/threads/14 "HTTP/1.1 200 OK"
2026-04-05 00:57:50,435 [app.kafka_producer] INFO: Sent to comment-events: {'event': 'comment_liked_on_thread', 'user_id': 14, 'type': 'comment_like', 'message': 'alice liked a comment on your thread', 'reference_id': 82}
2026-04-05 00:57:50,455 [app.kafka_producer] INFO: Sent to comment-events: {'broadcast': True, 'type': 'comment_like_update', 'comment_id': 63, 'thread_id': 11, 'like_count': 1}
2026-04-05 00:57:50,456 [app.kafka_producer] INFO: Sent to comment-events: {'event': 'comment_liked', 'user_id': 15, 'actor_id': 4, 'type': 'comment_like', 'message': 'diana liked your comment', 'reference_id': 63}
2026-04-05 00:57:50,478 [httpx] INFO: HTTP Request: GET http://thread_service:8003/threads/11 "HTTP/1.1 200 OK"
2026-04-05 00:57:50,481 [app.kafka_producer] INFO: Sent to comment-events: {'event': 'comment_liked_on_thread', 'user_id': 11, 'type': 'comment_like', 'message': 'diana liked a comment on your thread', 'reference_id': 63}
2026-04-05 00:57:50,503 [app.kafka_producer] INFO: Sent to comment-events: {'broadcast': True, 'type': 'comment_like_update', 'comment_id': 62, 'thread_id': 11, 'like_count': 1}
2026-04-05 00:57:50,504 [app.kafka_producer] INFO: Sent to comment-events: {'event': 'comment_liked', 'user_id': 9, 'actor_id': 19, 'type': 'comment_like', 'message': 'sam liked your comment', 'reference_id': 62}
2026-04-05 00:57:50,538 [httpx] INFO: HTTP Request: GET http://thread_service:8003/threads/11 "HTTP/1.1 200 OK"
2026-04-05 00:57:50,541 [app.kafka_producer] INFO: Sent to comment-events: {'event': 'comment_liked_on_thread', 'user_id': 11, 'type': 'comment_like', 'message': 'sam liked a comment on your thread', 'reference_id': 62}
2026-04-05 00:57:50,582 [app.kafka_producer] INFO: Sent to comment-events: {'broadcast': True, 'type': 'comment_like_update', 'comment_id': 10, 'thread_id': 2, 'like_count': 1}
2026-04-05 00:57:50,584 [app.kafka_producer] INFO: Sent to comment-events: {'event': 'comment_liked', 'user_id': 6, 'actor_id': 11, 'type': 'comment_like', 'message': 'karen liked your comment', 'reference_id': 10}
2026-04-05 00:57:50,601 [httpx] INFO: HTTP Request: GET http://thread_service:8003/threads/2 "HTTP/1.1 200 OK"
2026-04-05 00:57:50,603 [app.kafka_producer] INFO: Sent to comment-events: {'event': 'comment_liked_on_thread', 'user_id': 2, 'type': 'comment_like', 'message': 'karen liked a comment on your thread', 'reference_id': 10}
2026-04-05 00:57:50,623 [app.kafka_producer] INFO: Sent to comment-events: {'broadcast': True, 'type': 'comment_like_update', 'comment_id': 96, 'thread_id': 16, 'like_count': 1}
2026-04-05 00:57:50,627 [app.kafka_producer] INFO: Sent to comment-events: {'event': 'comment_liked', 'user_id': 20, 'actor_id': 8, 'type': 'comment_like', 'message': 'henry liked your comment', 'reference_id': 96}
2026-04-05 00:57:50,652 [httpx] INFO: HTTP Request: GET http://thread_service:8003/threads/16 "HTTP/1.1 200 OK"
2026-04-05 00:57:50,653 [app.kafka_producer] INFO: Sent to comment-events: {'event': 'comment_liked_on_thread', 'user_id': 16, 'type': 'comment_like', 'message': 'henry liked a comment on your thread', 'reference_id': 96}
2026-04-05 00:57:50,672 [app.kafka_producer] INFO: Sent to comment-events: {'broadcast': True, 'type': 'comment_like_update', 'comment_id': 70, 'thread_id': 12, 'like_count': 1}
2026-04-05 00:57:50,674 [app.kafka_producer] INFO: Sent to comment-events: {'event': 'comment_liked', 'user_id': 8, 'actor_id': 7, 'type': 'comment_like', 'message': 'grace liked your comment', 'reference_id': 70}
2026-04-05 00:57:50,693 [httpx] INFO: HTTP Request: GET http://thread_service:8003/threads/12 "HTTP/1.1 200 OK"
2026-04-05 00:57:50,694 [app.kafka_producer] INFO: Sent to comment-events: {'event': 'comment_liked_on_thread', 'user_id': 12, 'type': 'comment_like', 'message': 'grace liked a comment on your thread', 'reference_id': 70}
2026-04-05 00:57:50,713 [app.kafka_producer] INFO: Sent to comment-events: {'broadcast': True, 'type': 'comment_like_update', 'comment_id': 107, 'thread_id': 18, 'like_count': 1}
2026-04-05 00:57:50,714 [app.kafka_producer] INFO: Sent to comment-events: {'event': 'comment_liked', 'user_id': 20, 'actor_id': 3, 'type': 'comment_like', 'message': 'charlie liked your comment', 'reference_id': 107}
2026-04-05 00:57:50,732 [httpx] INFO: HTTP Request: GET http://thread_service:8003/threads/18 "HTTP/1.1 200 OK"
2026-04-05 00:57:50,734 [app.kafka_producer] INFO: Sent to comment-events: {'event': 'comment_liked_on_thread', 'user_id': 18, 'type': 'comment_like', 'message': 'charlie liked a comment on your thread', 'reference_id': 107}
2026-04-05 00:57:50,755 [app.kafka_producer] INFO: Sent to comment-events: {'broadcast': True, 'type': 'comment_like_update', 'comment_id': 98, 'thread_id': 16, 'like_count': 1}
2026-04-05 00:57:50,756 [app.kafka_producer] INFO: Sent to comment-events: {'event': 'comment_liked', 'user_id': 1, 'actor_id': 10, 'type': 'comment_like', 'message': 'jack liked your comment', 'reference_id': 98}
2026-04-05 00:57:50,776 [httpx] INFO: HTTP Request: GET http://thread_service:8003/threads/16 "HTTP/1.1 200 OK"
2026-04-05 00:57:50,778 [app.kafka_producer] INFO: Sent to comment-events: {'event': 'comment_liked_on_thread', 'user_id': 16, 'type': 'comment_like', 'message': 'jack liked a comment on your thread', 'reference_id': 98}
2026-04-05 00:57:50,798 [app.kafka_producer] INFO: Sent to comment-events: {'broadcast': True, 'type': 'comment_like_update', 'comment_id': 115, 'thread_id': 19, 'like_count': 1}
2026-04-05 00:57:50,804 [app.kafka_producer] INFO: Sent to comment-events: {'event': 'comment_liked', 'user_id': 16, 'actor_id': 9, 'type': 'comment_like', 'message': 'ivy liked your comment', 'reference_id': 115}
2026-04-05 00:57:50,822 [httpx] INFO: HTTP Request: GET http://thread_service:8003/threads/19 "HTTP/1.1 200 OK"
2026-04-05 00:57:50,824 [app.kafka_producer] INFO: Sent to comment-events: {'event': 'comment_liked_on_thread', 'user_id': 19, 'type': 'comment_like', 'message': 'ivy liked a comment on your thread', 'reference_id': 115}
2026-04-05 00:57:50,842 [app.kafka_producer] INFO: Sent to comment-events: {'broadcast': True, 'type': 'comment_like_update', 'comment_id': 26, 'thread_id': 5, 'like_count': 1}
2026-04-05 00:57:50,843 [app.kafka_producer] INFO: Sent to comment-events: {'event': 'comment_liked', 'user_id': 8, 'actor_id': 9, 'type': 'comment_like', 'message': 'ivy liked your comment', 'reference_id': 26}
2026-04-05 00:57:50,861 [httpx] INFO: HTTP Request: GET http://thread_service:8003/threads/5 "HTTP/1.1 200 OK"
2026-04-05 00:57:50,863 [app.kafka_producer] INFO: Sent to comment-events: {'event': 'comment_liked_on_thread', 'user_id': 5, 'type': 'comment_like', 'message': 'ivy liked a comment on your thread', 'reference_id': 26}
2026-04-05 00:57:50,885 [app.kafka_producer] INFO: Sent to comment-events: {'broadcast': True, 'type': 'comment_like_update', 'comment_id': 80, 'thread_id': 13, 'like_count': 1}
2026-04-05 00:57:50,887 [app.kafka_producer] INFO: Sent to comment-events: {'event': 'comment_liked', 'user_id': 12, 'actor_id': 14, 'type': 'comment_like', 'message': 'noah liked your comment', 'reference_id': 80}
2026-04-05 00:57:50,915 [httpx] INFO: HTTP Request: GET http://thread_service:8003/threads/13 "HTTP/1.1 200 OK"
2026-04-05 00:57:50,918 [app.kafka_producer] INFO: Sent to comment-events: {'event': 'comment_liked_on_thread', 'user_id': 13, 'type': 'comment_like', 'message': 'noah liked a comment on your thread', 'reference_id': 80}
2026-04-05 00:57:50,939 [app.kafka_producer] INFO: Sent to comment-events: {'broadcast': True, 'type': 'comment_like_update', 'comment_id': 45, 'thread_id': 8, 'like_count': 1}
2026-04-05 00:57:50,941 [app.kafka_producer] INFO: Sent to comment-events: {'event': 'comment_liked', 'user_id': 14, 'actor_id': 7, 'type': 'comment_like', 'message': 'grace liked your comment', 'reference_id': 45}
2026-04-05 00:57:50,959 [httpx] INFO: HTTP Request: GET http://thread_service:8003/threads/8 "HTTP/1.1 200 OK"
2026-04-05 00:57:50,962 [app.kafka_producer] INFO: Sent to comment-events: {'event': 'comment_liked_on_thread', 'user_id': 8, 'type': 'comment_like', 'message': 'grace liked a comment on your thread', 'reference_id': 45}
2026-04-05 00:57:50,986 [app.kafka_producer] INFO: Sent to comment-events: {'broadcast': True, 'type': 'comment_like_update', 'comment_id': 44, 'thread_id': 8, 'like_count': 1}
2026-04-05 00:57:50,988 [app.kafka_producer] INFO: Sent to comment-events: {'event': 'comment_liked', 'user_id': 2, 'actor_id': 11, 'type': 'comment_like', 'message': 'karen liked your comment', 'reference_id': 44}
2026-04-05 00:57:51,008 [httpx] INFO: HTTP Request: GET http://thread_service:8003/threads/8 "HTTP/1.1 200 OK"
2026-04-05 00:57:51,010 [app.kafka_producer] INFO: Sent to comment-events: {'event': 'comment_liked_on_thread', 'user_id': 8, 'type': 'comment_like', 'message': 'karen liked a comment on your thread', 'reference_id': 44}
2026-04-05 00:57:51,035 [app.kafka_producer] INFO: Sent to comment-events: {'broadcast': True, 'type': 'comment_like_update', 'comment_id': 118, 'thread_id': 19, 'like_count': 1}
2026-04-05 00:57:51,038 [app.kafka_producer] INFO: Sent to comment-events: {'event': 'comment_liked', 'user_id': 3, 'actor_id': 5, 'type': 'comment_like', 'message': 'eve liked your comment', 'reference_id': 118}
2026-04-05 00:57:51,058 [httpx] INFO: HTTP Request: GET http://thread_service:8003/threads/19 "HTTP/1.1 200 OK"
2026-04-05 00:57:51,061 [app.kafka_producer] INFO: Sent to comment-events: {'event': 'comment_liked_on_thread', 'user_id': 19, 'type': 'comment_like', 'message': 'eve liked a comment on your thread', 'reference_id': 118}
2026-04-05 00:57:51,085 [app.kafka_producer] INFO: Sent to comment-events: {'broadcast': True, 'type': 'comment_like_update', 'comment_id': 34, 'thread_id': 6, 'like_count': 1}
2026-04-05 00:57:51,086 [app.kafka_producer] INFO: Sent to comment-events: {'event': 'comment_liked', 'user_id': 6, 'actor_id': 4, 'type': 'comment_like', 'message': 'diana liked your comment', 'reference_id': 34}
2026-04-05 00:57:51,105 [httpx] INFO: HTTP Request: GET http://thread_service:8003/threads/6 "HTTP/1.1 200 OK"
2026-04-05 00:57:51,125 [app.kafka_producer] INFO: Sent to comment-events: {'broadcast': True, 'type': 'comment_like_update', 'comment_id': 105, 'thread_id': 17, 'like_count': 1}
2026-04-05 00:57:51,126 [app.kafka_producer] INFO: Sent to comment-events: {'event': 'comment_liked', 'user_id': 4, 'actor_id': 16, 'type': 'comment_like', 'message': 'peter liked your comment', 'reference_id': 105}
2026-04-05 00:57:51,145 [httpx] INFO: HTTP Request: GET http://thread_service:8003/threads/17 "HTTP/1.1 200 OK"
2026-04-05 00:57:51,147 [app.kafka_producer] INFO: Sent to comment-events: {'event': 'comment_liked_on_thread', 'user_id': 17, 'type': 'comment_like', 'message': 'peter liked a comment on your thread', 'reference_id': 105}
2026-04-05 00:57:51,169 [app.kafka_producer] INFO: Sent to comment-events: {'broadcast': True, 'type': 'comment_like_update', 'comment_id': 39, 'thread_id': 7, 'like_count': 1}
2026-04-05 00:57:51,170 [app.kafka_producer] INFO: Sent to comment-events: {'event': 'comment_liked', 'user_id': 4, 'actor_id': 7, 'type': 'comment_like', 'message': 'grace liked your comment', 'reference_id': 39}
2026-04-05 00:57:51,190 [httpx] INFO: HTTP Request: GET http://thread_service:8003/threads/7 "HTTP/1.1 200 OK"
2026-04-05 00:57:51,211 [app.kafka_producer] INFO: Sent to comment-events: {'broadcast': True, 'type': 'comment_like_update', 'comment_id': 12, 'thread_id': 2, 'like_count': 1}
2026-04-05 00:57:51,213 [app.kafka_producer] INFO: Sent to comment-events: {'event': 'comment_liked', 'user_id': 7, 'actor_id': 9, 'type': 'comment_like', 'message': 'ivy liked your comment', 'reference_id': 12}
2026-04-05 00:57:51,231 [httpx] INFO: HTTP Request: GET http://thread_service:8003/threads/2 "HTTP/1.1 200 OK"
2026-04-05 00:57:51,234 [app.kafka_producer] INFO: Sent to comment-events: {'event': 'comment_liked_on_thread', 'user_id': 2, 'type': 'comment_like', 'message': 'ivy liked a comment on your thread', 'reference_id': 12}
2026-04-05 00:57:51,254 [app.kafka_producer] INFO: Sent to comment-events: {'broadcast': True, 'type': 'comment_like_update', 'comment_id': 126, 'thread_id': 20, 'like_count': 1}
2026-04-05 00:57:51,256 [app.kafka_producer] INFO: Sent to comment-events: {'event': 'comment_liked', 'user_id': 20, 'actor_id': 3, 'type': 'comment_like', 'message': 'charlie liked your comment', 'reference_id': 126}
2026-04-05 00:57:51,275 [httpx] INFO: HTTP Request: GET http://thread_service:8003/threads/20 "HTTP/1.1 200 OK"
2026-04-05 00:57:51,297 [app.kafka_producer] INFO: Sent to comment-events: {'broadcast': True, 'type': 'comment_like_update', 'comment_id': 46, 'thread_id': 8, 'like_count': 1}
2026-04-05 00:57:51,298 [app.kafka_producer] INFO: Sent to comment-events: {'event': 'comment_liked', 'user_id': 9, 'actor_id': 18, 'type': 'comment_like', 'message': 'rachel liked your comment', 'reference_id': 46}
2026-04-05 00:57:51,316 [httpx] INFO: HTTP Request: GET http://thread_service:8003/threads/8 "HTTP/1.1 200 OK"
2026-04-05 00:57:51,318 [app.kafka_producer] INFO: Sent to comment-events: {'event': 'comment_liked_on_thread', 'user_id': 8, 'type': 'comment_like', 'message': 'rachel liked a comment on your thread', 'reference_id': 46}
2026-04-05 00:57:51,339 [app.kafka_producer] INFO: Sent to comment-events: {'broadcast': True, 'type': 'comment_like_update', 'comment_id': 11, 'thread_id': 2, 'like_count': 1}
2026-04-05 00:57:51,341 [app.kafka_producer] INFO: Sent to comment-events: {'event': 'comment_liked', 'user_id': 8, 'actor_id': 14, 'type': 'comment_like', 'message': 'noah liked your comment', 'reference_id': 11}
2026-04-05 00:57:51,362 [httpx] INFO: HTTP Request: GET http://thread_service:8003/threads/2 "HTTP/1.1 200 OK"
2026-04-05 00:57:51,365 [app.kafka_producer] INFO: Sent to comment-events: {'event': 'comment_liked_on_thread', 'user_id': 2, 'type': 'comment_like', 'message': 'noah liked a comment on your thread', 'reference_id': 11}
2026-04-05 00:57:51,385 [app.kafka_producer] INFO: Sent to comment-events: {'broadcast': True, 'type': 'comment_like_update', 'comment_id': 1, 'thread_id': 1, 'like_count': 1}
2026-04-05 00:57:51,386 [app.kafka_producer] INFO: Sent to comment-events: {'event': 'comment_liked', 'user_id': 4, 'actor_id': 11, 'type': 'comment_like', 'message': 'karen liked your comment', 'reference_id': 1}
2026-04-05 00:57:51,405 [httpx] INFO: HTTP Request: GET http://thread_service:8003/threads/1 "HTTP/1.1 200 OK"
2026-04-05 00:57:51,407 [app.kafka_producer] INFO: Sent to comment-events: {'event': 'comment_liked_on_thread', 'user_id': 1, 'type': 'comment_like', 'message': 'karen liked a comment on your thread', 'reference_id': 1}
2026-04-05 00:57:51,428 [app.kafka_producer] INFO: Sent to comment-events: {'broadcast': True, 'type': 'comment_like_update', 'comment_id': 42, 'thread_id': 7, 'like_count': 1}
2026-04-05 00:57:51,430 [app.kafka_producer] INFO: Sent to comment-events: {'event': 'comment_liked', 'user_id': 18, 'actor_id': 9, 'type': 'comment_like', 'message': 'ivy liked your comment', 'reference_id': 42}
2026-04-05 00:57:51,449 [httpx] INFO: HTTP Request: GET http://thread_service:8003/threads/7 "HTTP/1.1 200 OK"
2026-04-05 00:57:51,450 [app.kafka_producer] INFO: Sent to comment-events: {'event': 'comment_liked_on_thread', 'user_id': 7, 'type': 'comment_like', 'message': 'ivy liked a comment on your thread', 'reference_id': 42}
2026-04-05 01:14:57,597 [aiokafka.consumer.group_coordinator] INFO: LeaveGroup request succeeded
2026-04-05 01:14:57,598 [comment_service.consumer] INFO: Kafka consumer stopped
2026-04-05 01:14:57,599 [app.kafka_producer] INFO: Kafka producer stopped
2026-04-05 01:15:31,073 [app.kafka_producer] INFO: Kafka producer started
2026-04-05 01:15:31,074 [comment_service] INFO: Comment service started successfully
2026-04-05 01:15:31,075 [aiokafka.consumer.subscription_state] INFO: Updating subscribed topics to: frozenset({'user-events'})
2026-04-05 01:15:31,144 [aiokafka.cluster] WARNING: Topic user-events is not available during auto-create initialization
2026-04-05 01:15:31,248 [aiokafka.cluster] ERROR: Topic user-events not found in cluster metadata
2026-04-05 01:15:31,382 [aiokafka.consumer.group_coordinator] ERROR: Group Coordinator Request failed: [Error 15] GroupCoordinatorNotAvailableError
2026-04-05 01:15:31,494 [aiokafka.consumer.group_coordinator] ERROR: Group Coordinator Request failed: [Error 15] GroupCoordinatorNotAvailableError
2026-04-05 01:15:31,603 [aiokafka.consumer.group_coordinator] ERROR: Group Coordinator Request failed: [Error 15] GroupCoordinatorNotAvailableError
2026-04-05 01:15:31,708 [aiokafka.consumer.group_coordinator] ERROR: Group Coordinator Request failed: [Error 15] GroupCoordinatorNotAvailableError
2026-04-05 01:15:31,814 [aiokafka.consumer.group_coordinator] ERROR: Group Coordinator Request failed: [Error 15] GroupCoordinatorNotAvailableError
2026-04-05 01:15:31,920 [aiokafka.consumer.group_coordinator] ERROR: Group Coordinator Request failed: [Error 15] GroupCoordinatorNotAvailableError
2026-04-05 01:15:32,027 [aiokafka.consumer.group_coordinator] INFO: Discovered coordinator 1 for group comment-service-user-sync
2026-04-05 01:15:32,028 [aiokafka.consumer.group_coordinator] INFO: Revoking previously assigned partitions set() for group comment-service-user-sync
2026-04-05 01:15:32,028 [aiokafka.consumer.group_coordinator] INFO: (Re-)joining group comment-service-user-sync
2026-04-05 01:15:35,058 [aiokafka.consumer.group_coordinator] INFO: Joined group 'comment-service-user-sync' (generation 1) with member_id aiokafka-0.13.0-c145f6ac-01c6-4a06-a492-c7fdf57d7d93
2026-04-05 01:15:35,059 [aiokafka.consumer.group_coordinator] INFO: Elected group leader -- performing partition assignments using roundrobin
2026-04-05 01:15:35,129 [aiokafka.consumer.group_coordinator] INFO: Successfully synced group comment-service-user-sync with generation 1
2026-04-05 01:15:35,130 [aiokafka.consumer.group_coordinator] INFO: Setting newly assigned partitions {TopicPartition(topic='user-events', partition=0)} for group comment-service-user-sync
2026-04-05 01:15:35,131 [comment_service.consumer] INFO: Kafka consumer started, listening for user-events
2026-04-05 01:16:53,060 [httpx] INFO: HTTP Request: GET http://user_service:8002/users/4 "HTTP/1.1 200 OK"
2026-04-05 01:16:53,195 [httpx] INFO: HTTP Request: GET http://thread_service:8003/threads/1 "HTTP/1.1 200 OK"
2026-04-05 01:16:53,204 [app.kafka_producer] INFO: Sent to comment-events: {'event': 'new_comment', 'user_id': 1, 'type': 'new_comment', 'message': 'diana commented on your thread', 'reference_id': 1}
2026-04-05 01:16:53,207 [app.kafka_producer] INFO: Sent to comment-events: {'broadcast': True, 'type': 'new_comment_broadcast', 'comment': {'id': 1, 'content': "I had a similar experience. Here's what worked for me in production.", 'thread_id': 1, 'author': {'id': 4, 'username': 'diana', 'avatar': None}, 'parent_comment_id': None, 'created_at': '2026-04-05 01:16:53.109697', 'updated_at': '2026-04-05 01:16:53.109697', 'like_count': 0, 'liked_by_me': False, 'reply_count': 0, 'replies': []}}
2026-04-05 01:16:53,276 [httpx] INFO: HTTP Request: GET http://thread_service:8003/threads/1 "HTTP/1.1 200 OK"
2026-04-05 01:16:53,278 [app.kafka_producer] INFO: Sent to comment-events: {'event': 'new_comment', 'user_id': 1, 'type': 'new_comment', 'message': 'diana commented on your thread', 'reference_id': 2}
2026-04-05 01:16:53,281 [app.kafka_producer] INFO: Sent to comment-events: {'broadcast': True, 'type': 'new_comment_broadcast', 'comment': {'id': 2, 'content': 'Adding to the list: do not forget about edge cases with concurrent requests.', 'thread_id': 1, 'author': {'id': 4, 'username': 'diana', 'avatar': None}, 'parent_comment_id': None, 'created_at': '2026-04-05 01:16:53.234229', 'updated_at': '2026-04-05 01:16:53.234229', 'like_count': 0, 'liked_by_me': False, 'reply_count': 0, 'replies': []}}
2026-04-05 01:16:53,318 [httpx] INFO: HTTP Request: GET http://user_service:8002/users/3 "HTTP/1.1 200 OK"
2026-04-05 01:16:53,356 [httpx] INFO: HTTP Request: GET http://thread_service:8003/threads/1 "HTTP/1.1 200 OK"
2026-04-05 01:16:53,359 [app.kafka_producer] INFO: Sent to comment-events: {'event': 'new_comment', 'user_id': 1, 'type': 'new_comment', 'message': 'charlie commented on your thread', 'reference_id': 3}
2026-04-05 01:16:53,361 [app.kafka_producer] INFO: Sent to comment-events: {'broadcast': True, 'type': 'new_comment_broadcast', 'comment': {'id': 3, 'content': 'This is exactly what I was looking for — bookmarked!', 'thread_id': 1, 'author': {'id': 3, 'username': 'charlie', 'avatar': None}, 'parent_comment_id': None, 'created_at': '2026-04-05 01:16:53.324910', 'updated_at': '2026-04-05 01:16:53.324910', 'like_count': 0, 'liked_by_me': False, 'reply_count': 0, 'replies': []}}
2026-04-05 01:16:53,405 [httpx] INFO: HTTP Request: GET http://thread_service:8003/threads/1 "HTTP/1.1 200 OK"
2026-04-05 01:16:53,409 [app.kafka_producer] INFO: Sent to comment-events: {'event': 'new_comment', 'user_id': 1, 'type': 'new_comment', 'message': 'diana commented on your thread', 'reference_id': 4}
2026-04-05 01:16:53,411 [app.kafka_producer] INFO: Sent to comment-events: {'broadcast': True, 'type': 'new_comment_broadcast', 'comment': {'id': 4, 'content': 'This thread is gold. More discussions like this please!', 'thread_id': 1, 'author': {'id': 4, 'username': 'diana', 'avatar': None}, 'parent_comment_id': None, 'created_at': '2026-04-05 01:16:53.377608', 'updated_at': '2026-04-05 01:16:53.377608', 'like_count': 0, 'liked_by_me': False, 'reply_count': 0, 'replies': []}}
2026-04-05 01:16:53,434 [httpx] INFO: HTTP Request: GET http://user_service:8002/users/1 "HTTP/1.1 200 OK"
2026-04-05 01:16:53,470 [httpx] INFO: HTTP Request: GET http://thread_service:8003/threads/1 "HTTP/1.1 200 OK"
2026-04-05 01:16:53,474 [app.kafka_producer] INFO: Sent to comment-events: {'broadcast': True, 'type': 'new_comment_broadcast', 'comment': {'id': 5, 'content': 'This thread is gold. More discussions like this please!', 'thread_id': 1, 'author': {'id': 1, 'username': 'alice', 'avatar': None}, 'parent_comment_id': None, 'created_at': '2026-04-05 01:16:53.441154', 'updated_at': '2026-04-05 01:16:53.441154', 'like_count': 0, 'liked_by_me': False, 'reply_count': 0, 'replies': []}}
2026-04-05 01:16:53,509 [httpx] INFO: HTTP Request: GET http://user_service:8002/users/11 "HTTP/1.1 200 OK"
2026-04-05 01:16:53,544 [httpx] INFO: HTTP Request: GET http://thread_service:8003/threads/1 "HTTP/1.1 200 OK"
2026-04-05 01:16:53,546 [app.kafka_producer] INFO: Sent to comment-events: {'event': 'new_comment', 'user_id': 1, 'type': 'new_comment', 'message': 'karen commented on your thread', 'reference_id': 6}
2026-04-05 01:16:53,548 [app.kafka_producer] INFO: Sent to comment-events: {'broadcast': True, 'type': 'new_comment_broadcast', 'comment': {'id': 6, 'content': 'This reminded me of a talk I saw at PyCon. Very relevant.', 'thread_id': 1, 'author': {'id': 11, 'username': 'karen', 'avatar': None}, 'parent_comment_id': None, 'created_at': '2026-04-05 01:16:53.514977', 'updated_at': '2026-04-05 01:16:53.514977', 'like_count': 0, 'liked_by_me': False, 'reply_count': 0, 'replies': []}}
2026-04-05 01:16:53,574 [httpx] INFO: HTTP Request: GET http://user_service:8002/users/12 "HTTP/1.1 200 OK"
2026-04-05 01:16:53,611 [httpx] INFO: HTTP Request: GET http://thread_service:8003/threads/2 "HTTP/1.1 200 OK"
2026-04-05 01:16:53,613 [app.kafka_producer] INFO: Sent to comment-events: {'event': 'new_comment', 'user_id': 2, 'type': 'new_comment', 'message': 'leo commented on your thread', 'reference_id': 7}
2026-04-05 01:16:53,615 [app.kafka_producer] INFO: Sent to comment-events: {'broadcast': True, 'type': 'new_comment_broadcast', 'comment': {'id': 7, 'content': "I had a similar experience. Here's what worked for me in production.", 'thread_id': 2, 'author': {'id': 12, 'username': 'leo', 'avatar': None}, 'parent_comment_id': None, 'created_at': '2026-04-05 01:16:53.580932', 'updated_at': '2026-04-05 01:16:53.580932', 'like_count': 0, 'liked_by_me': False, 'reply_count': 0, 'replies': []}}
2026-04-05 01:16:53,641 [httpx] INFO: HTTP Request: GET http://user_service:8002/users/7 "HTTP/1.1 200 OK"
2026-04-05 01:16:53,687 [httpx] INFO: HTTP Request: GET http://thread_service:8003/threads/2 "HTTP/1.1 200 OK"
2026-04-05 01:16:53,691 [app.kafka_producer] INFO: Sent to comment-events: {'event': 'new_comment', 'user_id': 2, 'type': 'new_comment', 'message': 'grace commented on your thread', 'reference_id': 8}
2026-04-05 01:16:53,693 [app.kafka_producer] INFO: Sent to comment-events: {'broadcast': True, 'type': 'new_comment_broadcast', 'comment': {'id': 8, 'content': 'We ran into the exact same issue last sprint. Here is how we fixed it.', 'thread_id': 2, 'author': {'id': 7, 'username': 'grace', 'avatar': None}, 'parent_comment_id': None, 'created_at': '2026-04-05 01:16:53.646647', 'updated_at': '2026-04-05 01:16:53.646647', 'like_count': 0, 'liked_by_me': False, 'reply_count': 0, 'replies': []}}
2026-04-05 01:16:53,721 [httpx] INFO: HTTP Request: GET http://user_service:8002/users/19 "HTTP/1.1 200 OK"
2026-04-05 01:16:53,773 [httpx] INFO: HTTP Request: GET http://thread_service:8003/threads/2 "HTTP/1.1 200 OK"
2026-04-05 01:16:53,776 [app.kafka_producer] INFO: Sent to comment-events: {'event': 'new_comment', 'user_id': 2, 'type': 'new_comment', 'message': 'sam commented on your thread', 'reference_id': 9}
2026-04-05 01:16:53,778 [app.kafka_producer] INFO: Sent to comment-events: {'broadcast': True, 'type': 'new_comment_broadcast', 'comment': {'id': 9, 'content': 'I switched from the old approach to this one and never looked back.', 'thread_id': 2, 'author': {'id': 19, 'username': 'sam', 'avatar': None}, 'parent_comment_id': None, 'created_at': '2026-04-05 01:16:53.727032', 'updated_at': '2026-04-05 01:16:53.727032', 'like_count': 0, 'liked_by_me': False, 'reply_count': 0, 'replies': []}}
2026-04-05 01:16:53,808 [httpx] INFO: HTTP Request: GET http://user_service:8002/users/14 "HTTP/1.1 200 OK"
2026-04-05 01:16:53,840 [httpx] INFO: HTTP Request: GET http://thread_service:8003/threads/2 "HTTP/1.1 200 OK"
2026-04-05 01:16:53,844 [app.kafka_producer] INFO: Sent to comment-events: {'event': 'new_comment', 'user_id': 2, 'type': 'new_comment', 'message': 'noah commented on your thread', 'reference_id': 10}
2026-04-05 01:16:53,846 [app.kafka_producer] INFO: Sent to comment-events: {'broadcast': True, 'type': 'new_comment_broadcast', 'comment': {'id': 10, 'content': 'Adding to the list: do not forget about edge cases with concurrent requests.', 'thread_id': 2, 'author': {'id': 14, 'username': 'noah', 'avatar': None}, 'parent_comment_id': None, 'created_at': '2026-04-05 01:16:53.813916', 'updated_at': '2026-04-05 01:16:53.813916', 'like_count': 0, 'liked_by_me': False, 'reply_count': 0, 'replies': []}}
2026-04-05 01:16:53,890 [httpx] INFO: HTTP Request: GET http://thread_service:8003/threads/3 "HTTP/1.1 200 OK"
2026-04-05 01:16:53,893 [app.kafka_producer] INFO: Sent to comment-events: {'broadcast': True, 'type': 'new_comment_broadcast', 'comment': {'id': 11, 'content': 'Interesting perspective. Have you considered the trade-offs with scalability?', 'thread_id': 3, 'author': {'id': 3, 'username': 'charlie', 'avatar': None}, 'parent_comment_id': None, 'created_at': '2026-04-05 01:16:53.862391', 'updated_at': '2026-04-05 01:16:53.862391', 'like_count': 0, 'liked_by_me': False, 'reply_count': 0, 'replies': []}}
2026-04-05 01:16:53,917 [httpx] INFO: HTTP Request: GET http://user_service:8002/users/20 "HTTP/1.1 200 OK"
2026-04-05 01:16:53,949 [httpx] INFO: HTTP Request: GET http://thread_service:8003/threads/3 "HTTP/1.1 200 OK"
2026-04-05 01:16:53,951 [app.kafka_producer] INFO: Sent to comment-events: {'event': 'new_comment', 'user_id': 3, 'type': 'new_comment', 'message': 'tina commented on your thread', 'reference_id': 12}
2026-04-05 01:16:53,953 [app.kafka_producer] INFO: Sent to comment-events: {'broadcast': True, 'type': 'new_comment_broadcast', 'comment': {'id': 12, 'content': 'We use a similar setup at work. One gotcha to watch out for is memory leaks.', 'thread_id': 3, 'author': {'id': 20, 'username': 'tina', 'avatar': None}, 'parent_comment_id': None, 'created_at': '2026-04-05 01:16:53.922275', 'updated_at': '2026-04-05 01:16:53.922275', 'like_count': 0, 'liked_by_me': False, 'reply_count': 0, 'replies': []}}
2026-04-05 01:16:53,978 [httpx] INFO: HTTP Request: GET http://user_service:8002/users/8 "HTTP/1.1 200 OK"
2026-04-05 01:16:54,013 [httpx] INFO: HTTP Request: GET http://thread_service:8003/threads/3 "HTTP/1.1 200 OK"
2026-04-05 01:16:54,016 [app.kafka_producer] INFO: Sent to comment-events: {'event': 'new_comment', 'user_id': 3, 'type': 'new_comment', 'message': 'henry commented on your thread', 'reference_id': 13}
2026-04-05 01:16:54,018 [app.kafka_producer] INFO: Sent to comment-events: {'broadcast': True, 'type': 'new_comment_broadcast', 'comment': {'id': 13, 'content': 'I respectfully disagree. In my experience the opposite is true at scale.', 'thread_id': 3, 'author': {'id': 8, 'username': 'henry', 'avatar': None}, 'parent_comment_id': None, 'created_at': '2026-04-05 01:16:53.984939', 'updated_at': '2026-04-05 01:16:53.984939', 'like_count': 0, 'liked_by_me': False, 'reply_count': 0, 'replies': []}}
2026-04-05 01:16:54,042 [httpx] INFO: HTTP Request: GET http://user_service:8002/users/15 "HTTP/1.1 200 OK"
2026-04-05 01:16:54,077 [httpx] INFO: HTTP Request: GET http://thread_service:8003/threads/3 "HTTP/1.1 200 OK"
2026-04-05 01:16:54,080 [app.kafka_producer] INFO: Sent to comment-events: {'event': 'new_comment', 'user_id': 3, 'type': 'new_comment', 'message': 'olivia commented on your thread', 'reference_id': 14}
2026-04-05 01:16:54,082 [app.kafka_producer] INFO: Sent to comment-events: {'broadcast': True, 'type': 'new_comment_broadcast', 'comment': {'id': 14, 'content': 'Underrated topic! More people should be talking about this.', 'thread_id': 3, 'author': {'id': 15, 'username': 'olivia', 'avatar': None}, 'parent_comment_id': None, 'created_at': '2026-04-05 01:16:54.048455', 'updated_at': '2026-04-05 01:16:54.048455', 'like_count': 0, 'liked_by_me': False, 'reply_count': 0, 'replies': []}}
2026-04-05 01:16:54,129 [httpx] INFO: HTTP Request: GET http://thread_service:8003/threads/3 "HTTP/1.1 200 OK"
2026-04-05 01:16:54,132 [app.kafka_producer] INFO: Sent to comment-events: {'event': 'new_comment', 'user_id': 3, 'type': 'new_comment', 'message': 'henry commented on your thread', 'reference_id': 15}
2026-04-05 01:16:54,134 [app.kafka_producer] INFO: Sent to comment-events: {'broadcast': True, 'type': 'new_comment_broadcast', 'comment': {'id': 15, 'content': 'Solid advice. We adopted this pattern last quarter and it worked great.', 'thread_id': 3, 'author': {'id': 8, 'username': 'henry', 'avatar': None}, 'parent_comment_id': None, 'created_at': '2026-04-05 01:16:54.100229', 'updated_at': '2026-04-05 01:16:54.100229', 'like_count': 0, 'liked_by_me': False, 'reply_count': 0, 'replies': []}}
2026-04-05 01:16:54,180 [httpx] INFO: HTTP Request: GET http://thread_service:8003/threads/3 "HTTP/1.1 200 OK"
2026-04-05 01:16:54,183 [app.kafka_producer] INFO: Sent to comment-events: {'event': 'new_comment', 'user_id': 3, 'type': 'new_comment', 'message': 'sam commented on your thread', 'reference_id': 16}
2026-04-05 01:16:54,185 [app.kafka_producer] INFO: Sent to comment-events: {'broadcast': True, 'type': 'new_comment_broadcast', 'comment': {'id': 16, 'content': "Can you elaborate more on this? I'd love to understand the internals.", 'thread_id': 3, 'author': {'id': 19, 'username': 'sam', 'avatar': None}, 'parent_comment_id': None, 'created_at': '2026-04-05 01:16:54.151315', 'updated_at': '2026-04-05 01:16:54.151315', 'like_count': 0, 'liked_by_me': False, 'reply_count': 0, 'replies': []}}
2026-04-05 01:16:54,227 [httpx] INFO: HTTP Request: GET http://thread_service:8003/threads/3 "HTTP/1.1 200 OK"
2026-04-05 01:16:54,230 [app.kafka_producer] INFO: Sent to comment-events: {'event': 'new_comment', 'user_id': 3, 'type': 'new_comment', 'message': 'karen commented on your thread', 'reference_id': 17}
2026-04-05 01:16:54,232 [app.kafka_producer] INFO: Sent to comment-events: {'broadcast': True, 'type': 'new_comment_broadcast', 'comment': {'id': 17, 'content': 'Great point! I totally agree with this approach.', 'thread_id': 3, 'author': {'id': 11, 'username': 'karen', 'avatar': None}, 'parent_comment_id': None, 'created_at': '2026-04-05 01:16:54.199722', 'updated_at': '2026-04-05 01:16:54.199722', 'like_count': 0, 'liked_by_me': False, 'reply_count': 0, 'replies': []}}
2026-04-05 01:16:54,257 [httpx] INFO: HTTP Request: GET http://user_service:8002/users/2 "HTTP/1.1 200 OK"
2026-04-05 01:16:54,295 [httpx] INFO: HTTP Request: GET http://thread_service:8003/threads/4 "HTTP/1.1 200 OK"
2026-04-05 01:16:54,297 [app.kafka_producer] INFO: Sent to comment-events: {'event': 'new_comment', 'user_id': 4, 'type': 'new_comment', 'message': 'bob commented on your thread', 'reference_id': 18}
2026-04-05 01:16:54,299 [app.kafka_producer] INFO: Sent to comment-events: {'broadcast': True, 'type': 'new_comment_broadcast', 'comment': {'id': 18, 'content': 'I switched from the old approach to this one and never looked back.', 'thread_id': 4, 'author': {'id': 2, 'username': 'bob', 'avatar': None}, 'parent_comment_id': None, 'created_at': '2026-04-05 01:16:54.264169', 'updated_at': '2026-04-05 01:16:54.264169', 'like_count': 0, 'liked_by_me': False, 'reply_count': 0, 'replies': []}}
2026-04-05 01:16:54,324 [httpx] INFO: HTTP Request: GET http://user_service:8002/users/5 "HTTP/1.1 200 OK"
2026-04-05 01:16:54,359 [httpx] INFO: HTTP Request: GET http://thread_service:8003/threads/4 "HTTP/1.1 200 OK"
2026-04-05 01:16:54,363 [app.kafka_producer] INFO: Sent to comment-events: {'event': 'new_comment', 'user_id': 4, 'type': 'new_comment', 'message': 'eve commented on your thread', 'reference_id': 19}
2026-04-05 01:16:54,365 [app.kafka_producer] INFO: Sent to comment-events: {'broadcast': True, 'type': 'new_comment_broadcast', 'comment': {'id': 19, 'content': 'Adding to the list: do not forget about edge cases with concurrent requests.', 'thread_id': 4, 'author': {'id': 5, 'username': 'eve', 'avatar': None}, 'parent_comment_id': None, 'created_at': '2026-04-05 01:16:54.331213', 'updated_at': '2026-04-05 01:16:54.331213', 'like_count': 0, 'liked_by_me': False, 'reply_count': 0, 'replies': []}}
2026-04-05 01:16:54,399 [httpx] INFO: HTTP Request: GET http://user_service:8002/users/9 "HTTP/1.1 200 OK"
2026-04-05 01:16:54,462 [httpx] INFO: HTTP Request: GET http://thread_service:8003/threads/4 "HTTP/1.1 200 OK"
2026-04-05 01:16:54,468 [app.kafka_producer] INFO: Sent to comment-events: {'event': 'new_comment', 'user_id': 4, 'type': 'new_comment', 'message': 'ivy commented on your thread', 'reference_id': 20}
2026-04-05 01:16:54,475 [app.kafka_producer] INFO: Sent to comment-events: {'broadcast': True, 'type': 'new_comment_broadcast', 'comment': {'id': 20, 'content': "Good write-up! I'd add that error handling is also critical here.", 'thread_id': 4, 'author': {'id': 9, 'username': 'ivy', 'avatar': None}, 'parent_comment_id': None, 'created_at': '2026-04-05 01:16:54.405013', 'updated_at': '2026-04-05 01:16:54.405013', 'like_count': 0, 'liked_by_me': False, 'reply_count': 0, 'replies': []}}
2026-04-05 01:16:54,526 [httpx] INFO: HTTP Request: GET http://thread_service:8003/threads/4 "HTTP/1.1 200 OK"
2026-04-05 01:16:54,528 [app.kafka_producer] INFO: Sent to comment-events: {'event': 'new_comment', 'user_id': 4, 'type': 'new_comment', 'message': 'leo commented on your thread', 'reference_id': 21}
2026-04-05 01:16:54,530 [app.kafka_producer] INFO: Sent to comment-events: {'broadcast': True, 'type': 'new_comment_broadcast', 'comment': {'id': 21, 'content': 'We use a similar setup at work. One gotcha to watch out for is memory leaks.', 'thread_id': 4, 'author': {'id': 12, 'username': 'leo', 'avatar': None}, 'parent_comment_id': None, 'created_at': '2026-04-05 01:16:54.495264', 'updated_at': '2026-04-05 01:16:54.495264', 'like_count': 0, 'liked_by_me': False, 'reply_count': 0, 'replies': []}}
2026-04-05 01:16:54,581 [httpx] INFO: HTTP Request: GET http://thread_service:8003/threads/4 "HTTP/1.1 200 OK"
2026-04-05 01:16:54,583 [app.kafka_producer] INFO: Sent to comment-events: {'event': 'new_comment', 'user_id': 4, 'type': 'new_comment', 'message': 'grace commented on your thread', 'reference_id': 22}
2026-04-05 01:16:54,585 [app.kafka_producer] INFO: Sent to comment-events: {'broadcast': True, 'type': 'new_comment_broadcast', 'comment': {'id': 22, 'content': 'Underrated topic! More people should be talking about this.', 'thread_id': 4, 'author': {'id': 7, 'username': 'grace', 'avatar': None}, 'parent_comment_id': None, 'created_at': '2026-04-05 01:16:54.545334', 'updated_at': '2026-04-05 01:16:54.545334', 'like_count': 0, 'liked_by_me': False, 'reply_count': 0, 'replies': []}}
2026-04-05 01:16:54,644 [httpx] INFO: HTTP Request: GET http://user_service:8002/users/17 "HTTP/1.1 200 OK"
2026-04-05 01:16:54,689 [httpx] INFO: HTTP Request: GET http://thread_service:8003/threads/5 "HTTP/1.1 200 OK"
2026-04-05 01:16:54,692 [app.kafka_producer] INFO: Sent to comment-events: {'event': 'new_comment', 'user_id': 5, 'type': 'new_comment', 'message': 'quinn commented on your thread', 'reference_id': 23}
2026-04-05 01:16:54,695 [app.kafka_producer] INFO: Sent to comment-events: {'broadcast': True, 'type': 'new_comment_broadcast', 'comment': {'id': 23, 'content': 'Solid advice. We adopted this pattern last quarter and it worked great.', 'thread_id': 5, 'author': {'id': 17, 'username': 'quinn', 'avatar': None}, 'parent_comment_id': None, 'created_at': '2026-04-05 01:16:54.653268', 'updated_at': '2026-04-05 01:16:54.653268', 'like_count': 0, 'liked_by_me': False, 'reply_count': 0, 'replies': []}}
2026-04-05 01:16:54,742 [httpx] INFO: HTTP Request: GET http://thread_service:8003/threads/5 "HTTP/1.1 200 OK"
2026-04-05 01:16:54,746 [app.kafka_producer] INFO: Sent to comment-events: {'event': 'new_comment', 'user_id': 5, 'type': 'new_comment', 'message': 'henry commented on your thread', 'reference_id': 24}
2026-04-05 01:16:54,750 [app.kafka_producer] INFO: Sent to comment-events: {'broadcast': True, 'type': 'new_comment_broadcast', 'comment': {'id': 24, 'content': 'Underrated topic! More people should be talking about this.', 'thread_id': 5, 'author': {'id': 8, 'username': 'henry', 'avatar': None}, 'parent_comment_id': None, 'created_at': '2026-04-05 01:16:54.711453', 'updated_at': '2026-04-05 01:16:54.711453', 'like_count': 0, 'liked_by_me': False, 'reply_count': 0, 'replies': []}}
2026-04-05 01:16:54,801 [httpx] INFO: HTTP Request: GET http://thread_service:8003/threads/5 "HTTP/1.1 200 OK"
2026-04-05 01:16:54,804 [app.kafka_producer] INFO: Sent to comment-events: {'event': 'new_comment', 'user_id': 5, 'type': 'new_comment', 'message': 'alice commented on your thread', 'reference_id': 25}
2026-04-05 01:16:54,806 [app.kafka_producer] INFO: Sent to comment-events: {'broadcast': True, 'type': 'new_comment_broadcast', 'comment': {'id': 25, 'content': 'This reminded me of a talk I saw at PyCon. Very relevant.', 'thread_id': 5, 'author': {'id': 1, 'username': 'alice', 'avatar': None}, 'parent_comment_id': None, 'created_at': '2026-04-05 01:16:54.769993', 'updated_at': '2026-04-05 01:16:54.769993', 'like_count': 0, 'liked_by_me': False, 'reply_count': 0, 'replies': []}}
2026-04-05 01:16:54,853 [httpx] INFO: HTTP Request: GET http://thread_service:8003/threads/5 "HTTP/1.1 200 OK"
2026-04-05 01:16:54,855 [app.kafka_producer] INFO: Sent to comment-events: {'event': 'new_comment', 'user_id': 5, 'type': 'new_comment', 'message': 'tina commented on your thread', 'reference_id': 26}
2026-04-05 01:16:54,857 [app.kafka_producer] INFO: Sent to comment-events: {'broadcast': True, 'type': 'new_comment_broadcast', 'comment': {'id': 26, 'content': 'I switched from the old approach to this one and never looked back.', 'thread_id': 5, 'author': {'id': 20, 'username': 'tina', 'avatar': None}, 'parent_comment_id': None, 'created_at': '2026-04-05 01:16:54.822710', 'updated_at': '2026-04-05 01:16:54.822710', 'like_count': 0, 'liked_by_me': False, 'reply_count': 0, 'replies': []}}
2026-04-05 01:16:54,884 [httpx] INFO: HTTP Request: GET http://user_service:8002/users/10 "HTTP/1.1 200 OK"
2026-04-05 01:16:54,920 [httpx] INFO: HTTP Request: GET http://thread_service:8003/threads/5 "HTTP/1.1 200 OK"
2026-04-05 01:16:54,922 [app.kafka_producer] INFO: Sent to comment-events: {'event': 'new_comment', 'user_id': 5, 'type': 'new_comment', 'message': 'jack commented on your thread', 'reference_id': 27}
2026-04-05 01:16:54,925 [app.kafka_producer] INFO: Sent to comment-events: {'broadcast': True, 'type': 'new_comment_broadcast', 'comment': {'id': 27, 'content': 'I respectfully disagree. In my experience the opposite is true at scale.', 'thread_id': 5, 'author': {'id': 10, 'username': 'jack', 'avatar': None}, 'parent_comment_id': None, 'created_at': '2026-04-05 01:16:54.889779', 'updated_at': '2026-04-05 01:16:54.889779', 'like_count': 0, 'liked_by_me': False, 'reply_count': 0, 'replies': []}}
2026-04-05 01:16:54,982 [httpx] INFO: HTTP Request: GET http://thread_service:8003/threads/5 "HTTP/1.1 200 OK"
2026-04-05 01:16:54,985 [app.kafka_producer] INFO: Sent to comment-events: {'event': 'new_comment', 'user_id': 5, 'type': 'new_comment', 'message': 'karen commented on your thread', 'reference_id': 28}
2026-04-05 01:16:54,987 [app.kafka_producer] INFO: Sent to comment-events: {'broadcast': True, 'type': 'new_comment_broadcast', 'comment': {'id': 28, 'content': "Can you elaborate more on this? I'd love to understand the internals.", 'thread_id': 5, 'author': {'id': 11, 'username': 'karen', 'avatar': None}, 'parent_comment_id': None, 'created_at': '2026-04-05 01:16:54.939720', 'updated_at': '2026-04-05 01:16:54.939720', 'like_count': 0, 'liked_by_me': False, 'reply_count': 0, 'replies': []}}
2026-04-05 01:16:55,013 [httpx] INFO: HTTP Request: GET http://user_service:8002/users/6 "HTTP/1.1 200 OK"
2026-04-05 01:16:55,047 [httpx] INFO: HTTP Request: GET http://thread_service:8003/threads/6 "HTTP/1.1 200 OK"
2026-04-05 01:16:55,049 [app.kafka_producer] INFO: Sent to comment-events: {'broadcast': True, 'type': 'new_comment_broadcast', 'comment': {'id': 29, 'content': 'Thanks for sharing! This saved me hours of debugging.', 'thread_id': 6, 'author': {'id': 6, 'username': 'frank', 'avatar': None}, 'parent_comment_id': None, 'created_at': '2026-04-05 01:16:55.019752', 'updated_at': '2026-04-05 01:16:55.019752', 'like_count': 0, 'liked_by_me': False, 'reply_count': 0, 'replies': []}}
2026-04-05 01:16:55,098 [httpx] INFO: HTTP Request: GET http://thread_service:8003/threads/6 "HTTP/1.1 200 OK"
2026-04-05 01:16:55,101 [app.kafka_producer] INFO: Sent to comment-events: {'event': 'new_comment', 'user_id': 6, 'type': 'new_comment', 'message': 'quinn commented on your thread', 'reference_id': 30}
2026-04-05 01:16:55,103 [app.kafka_producer] INFO: Sent to comment-events: {'broadcast': True, 'type': 'new_comment_broadcast', 'comment': {'id': 30, 'content': 'This thread is gold. More discussions like this please!', 'thread_id': 6, 'author': {'id': 17, 'username': 'quinn', 'avatar': None}, 'parent_comment_id': None, 'created_at': '2026-04-05 01:16:55.065904', 'updated_at': '2026-04-05 01:16:55.065904', 'like_count': 0, 'liked_by_me': False, 'reply_count': 0, 'replies': []}}
2026-04-05 01:16:55,148 [httpx] INFO: HTTP Request: GET http://thread_service:8003/threads/6 "HTTP/1.1 200 OK"
2026-04-05 01:16:55,151 [app.kafka_producer] INFO: Sent to comment-events: {'event': 'new_comment', 'user_id': 6, 'type': 'new_comment', 'message': 'eve commented on your thread', 'reference_id': 31}
2026-04-05 01:16:55,153 [app.kafka_producer] INFO: Sent to comment-events: {'broadcast': True, 'type': 'new_comment_broadcast', 'comment': {'id': 31, 'content': 'This reminded me of a talk I saw at PyCon. Very relevant.', 'thread_id': 6, 'author': {'id': 5, 'username': 'eve', 'avatar': None}, 'parent_comment_id': None, 'created_at': '2026-04-05 01:16:55.119689', 'updated_at': '2026-04-05 01:16:55.119689', 'like_count': 0, 'liked_by_me': False, 'reply_count': 0, 'replies': []}}
2026-04-05 01:16:55,202 [httpx] INFO: HTTP Request: GET http://thread_service:8003/threads/6 "HTTP/1.1 200 OK"
2026-04-05 01:16:55,205 [app.kafka_producer] INFO: Sent to comment-events: {'event': 'new_comment', 'user_id': 6, 'type': 'new_comment', 'message': 'tina commented on your thread', 'reference_id': 32}
2026-04-05 01:16:55,208 [app.kafka_producer] INFO: Sent to comment-events: {'broadcast': True, 'type': 'new_comment_broadcast', 'comment': {'id': 32, 'content': 'Adding to the list: do not forget about edge cases with concurrent requests.', 'thread_id': 6, 'author': {'id': 20, 'username': 'tina', 'avatar': None}, 'parent_comment_id': None, 'created_at': '2026-04-05 01:16:55.170619', 'updated_at': '2026-04-05 01:16:55.170619', 'like_count': 0, 'liked_by_me': False, 'reply_count': 0, 'replies': []}}
2026-04-05 01:16:55,269 [httpx] INFO: HTTP Request: GET http://thread_service:8003/threads/6 "HTTP/1.1 200 OK"
2026-04-05 01:16:55,271 [app.kafka_producer] INFO: Sent to comment-events: {'event': 'new_comment', 'user_id': 6, 'type': 'new_comment', 'message': 'noah commented on your thread', 'reference_id': 33}
2026-04-05 01:16:55,273 [app.kafka_producer] INFO: Sent to comment-events: {'broadcast': True, 'type': 'new_comment_broadcast', 'comment': {'id': 33, 'content': 'I respectfully disagree. In my experience the opposite is true at scale.', 'thread_id': 6, 'author': {'id': 14, 'username': 'noah', 'avatar': None}, 'parent_comment_id': None, 'created_at': '2026-04-05 01:16:55.224399', 'updated_at': '2026-04-05 01:16:55.224399', 'like_count': 0, 'liked_by_me': False, 'reply_count': 0, 'replies': []}}
2026-04-05 01:16:55,322 [httpx] INFO: HTTP Request: GET http://thread_service:8003/threads/7 "HTTP/1.1 200 OK"
2026-04-05 01:16:55,325 [app.kafka_producer] INFO: Sent to comment-events: {'event': 'new_comment', 'user_id': 7, 'type': 'new_comment', 'message': 'ivy commented on your thread', 'reference_id': 34}
2026-04-05 01:16:55,327 [app.kafka_producer] INFO: Sent to comment-events: {'broadcast': True, 'type': 'new_comment_broadcast', 'comment': {'id': 34, 'content': 'Solid advice. We adopted this pattern last quarter and it worked great.', 'thread_id': 7, 'author': {'id': 9, 'username': 'ivy', 'avatar': None}, 'parent_comment_id': None, 'created_at': '2026-04-05 01:16:55.293417', 'updated_at': '2026-04-05 01:16:55.293417', 'like_count': 0, 'liked_by_me': False, 'reply_count': 0, 'replies': []}}
2026-04-05 01:16:55,373 [httpx] INFO: HTTP Request: GET http://thread_service:8003/threads/7 "HTTP/1.1 200 OK"
2026-04-05 01:16:55,376 [app.kafka_producer] INFO: Sent to comment-events: {'event': 'new_comment', 'user_id': 7, 'type': 'new_comment', 'message': 'diana commented on your thread', 'reference_id': 35}
2026-04-05 01:16:55,378 [app.kafka_producer] INFO: Sent to comment-events: {'broadcast': True, 'type': 'new_comment_broadcast', 'comment': {'id': 35, 'content': 'Would be great to see a benchmark comparing the two approaches.', 'thread_id': 7, 'author': {'id': 4, 'username': 'diana', 'avatar': None}, 'parent_comment_id': None, 'created_at': '2026-04-05 01:16:55.345128', 'updated_at': '2026-04-05 01:16:55.345128', 'like_count': 0, 'liked_by_me': False, 'reply_count': 0, 'replies': []}}
2026-04-05 01:16:55,424 [httpx] INFO: HTTP Request: GET http://thread_service:8003/threads/7 "HTTP/1.1 200 OK"
2026-04-05 01:16:55,426 [app.kafka_producer] INFO: Sent to comment-events: {'event': 'new_comment', 'user_id': 7, 'type': 'new_comment', 'message': 'olivia commented on your thread', 'reference_id': 36}
2026-04-05 01:16:55,428 [app.kafka_producer] INFO: Sent to comment-events: {'broadcast': True, 'type': 'new_comment_broadcast', 'comment': {'id': 36, 'content': "Can you elaborate more on this? I'd love to understand the internals.", 'thread_id': 7, 'author': {'id': 15, 'username': 'olivia', 'avatar': None}, 'parent_comment_id': None, 'created_at': '2026-04-05 01:16:55.395245', 'updated_at': '2026-04-05 01:16:55.395245', 'like_count': 0, 'liked_by_me': False, 'reply_count': 0, 'replies': []}}
2026-04-05 01:16:55,471 [httpx] INFO: HTTP Request: GET http://thread_service:8003/threads/7 "HTTP/1.1 200 OK"
2026-04-05 01:16:55,473 [app.kafka_producer] INFO: Sent to comment-events: {'event': 'new_comment', 'user_id': 7, 'type': 'new_comment', 'message': 'charlie commented on your thread', 'reference_id': 37}
2026-04-05 01:16:55,476 [app.kafka_producer] INFO: Sent to comment-events: {'broadcast': True, 'type': 'new_comment_broadcast', 'comment': {'id': 37, 'content': 'Just deployed this in staging and the results are promising.', 'thread_id': 7, 'author': {'id': 3, 'username': 'charlie', 'avatar': None}, 'parent_comment_id': None, 'created_at': '2026-04-05 01:16:55.443383', 'updated_at': '2026-04-05 01:16:55.443383', 'like_count': 0, 'liked_by_me': False, 'reply_count': 0, 'replies': []}}
2026-04-05 01:16:55,521 [httpx] INFO: HTTP Request: GET http://thread_service:8003/threads/7 "HTTP/1.1 200 OK"
2026-04-05 01:16:55,524 [app.kafka_producer] INFO: Sent to comment-events: {'event': 'new_comment', 'user_id': 7, 'type': 'new_comment', 'message': 'charlie commented on your thread', 'reference_id': 38}
2026-04-05 01:16:55,526 [app.kafka_producer] INFO: Sent to comment-events: {'broadcast': True, 'type': 'new_comment_broadcast', 'comment': {'id': 38, 'content': 'This is exactly what I was looking for — bookmarked!', 'thread_id': 7, 'author': {'id': 3, 'username': 'charlie', 'avatar': None}, 'parent_comment_id': None, 'created_at': '2026-04-05 01:16:55.492324', 'updated_at': '2026-04-05 01:16:55.492324', 'like_count': 0, 'liked_by_me': False, 'reply_count': 0, 'replies': []}}
2026-04-05 01:16:55,572 [httpx] INFO: HTTP Request: GET http://thread_service:8003/threads/7 "HTTP/1.1 200 OK"
2026-04-05 01:16:55,574 [app.kafka_producer] INFO: Sent to comment-events: {'event': 'new_comment', 'user_id': 7, 'type': 'new_comment', 'message': 'leo commented on your thread', 'reference_id': 39}
2026-04-05 01:16:55,577 [app.kafka_producer] INFO: Sent to comment-events: {'broadcast': True, 'type': 'new_comment_broadcast', 'comment': {'id': 39, 'content': 'This thread is gold. More discussions like this please!', 'thread_id': 7, 'author': {'id': 12, 'username': 'leo', 'avatar': None}, 'parent_comment_id': None, 'created_at': '2026-04-05 01:16:55.541397', 'updated_at': '2026-04-05 01:16:55.541397', 'like_count': 0, 'liked_by_me': False, 'reply_count': 0, 'replies': []}}
2026-04-05 01:16:55,621 [httpx] INFO: HTTP Request: GET http://thread_service:8003/threads/8 "HTTP/1.1 200 OK"
2026-04-05 01:16:55,624 [app.kafka_producer] INFO: Sent to comment-events: {'event': 'new_comment', 'user_id': 8, 'type': 'new_comment', 'message': 'alice commented on your thread', 'reference_id': 40}
2026-04-05 01:16:55,626 [app.kafka_producer] INFO: Sent to comment-events: {'broadcast': True, 'type': 'new_comment_broadcast', 'comment': {'id': 40, 'content': 'This reminded me of a talk I saw at PyCon. Very relevant.', 'thread_id': 8, 'author': {'id': 1, 'username': 'alice', 'avatar': None}, 'parent_comment_id': None, 'created_at': '2026-04-05 01:16:55.593574', 'updated_at': '2026-04-05 01:16:55.593574', 'like_count': 0, 'liked_by_me': False, 'reply_count': 0, 'replies': []}}
2026-04-05 01:16:55,670 [httpx] INFO: HTTP Request: GET http://thread_service:8003/threads/8 "HTTP/1.1 200 OK"
2026-04-05 01:16:55,673 [app.kafka_producer] INFO: Sent to comment-events: {'event': 'new_comment', 'user_id': 8, 'type': 'new_comment', 'message': 'jack commented on your thread', 'reference_id': 41}
2026-04-05 01:16:55,675 [app.kafka_producer] INFO: Sent to comment-events: {'broadcast': True, 'type': 'new_comment_broadcast', 'comment': {'id': 41, 'content': 'This thread is gold. More discussions like this please!', 'thread_id': 8, 'author': {'id': 10, 'username': 'jack', 'avatar': None}, 'parent_comment_id': None, 'created_at': '2026-04-05 01:16:55.641165', 'updated_at': '2026-04-05 01:16:55.641165', 'like_count': 0, 'liked_by_me': False, 'reply_count': 0, 'replies': []}}
2026-04-05 01:16:55,718 [httpx] INFO: HTTP Request: GET http://thread_service:8003/threads/8 "HTTP/1.1 200 OK"
2026-04-05 01:16:55,721 [app.kafka_producer] INFO: Sent to comment-events: {'event': 'new_comment', 'user_id': 8, 'type': 'new_comment', 'message': 'sam commented on your thread', 'reference_id': 42}
2026-04-05 01:16:55,722 [app.kafka_producer] INFO: Sent to comment-events: {'broadcast': True, 'type': 'new_comment_broadcast', 'comment': {'id': 42, 'content': 'Interesting perspective. Have you considered the trade-offs with scalability?', 'thread_id': 8, 'author': {'id': 19, 'username': 'sam', 'avatar': None}, 'parent_comment_id': None, 'created_at': '2026-04-05 01:16:55.690096', 'updated_at': '2026-04-05 01:16:55.690096', 'like_count': 0, 'liked_by_me': False, 'reply_count': 0, 'replies': []}}
2026-04-05 01:16:55,765 [httpx] INFO: HTTP Request: GET http://thread_service:8003/threads/8 "HTTP/1.1 200 OK"
2026-04-05 01:16:55,768 [app.kafka_producer] INFO: Sent to comment-events: {'broadcast': True, 'type': 'new_comment_broadcast', 'comment': {'id': 43, 'content': 'Great point! I totally agree with this approach.', 'thread_id': 8, 'author': {'id': 8, 'username': 'henry', 'avatar': None}, 'parent_comment_id': None, 'created_at': '2026-04-05 01:16:55.738181', 'updated_at': '2026-04-05 01:16:55.738181', 'like_count': 0, 'liked_by_me': False, 'reply_count': 0, 'replies': []}}
2026-04-05 01:16:55,795 [httpx] INFO: HTTP Request: GET http://user_service:8002/users/16 "HTTP/1.1 200 OK"
2026-04-05 01:16:55,826 [httpx] INFO: HTTP Request: GET http://thread_service:8003/threads/9 "HTTP/1.1 200 OK"
2026-04-05 01:16:55,828 [app.kafka_producer] INFO: Sent to comment-events: {'event': 'new_comment', 'user_id': 9, 'type': 'new_comment', 'message': 'peter commented on your thread', 'reference_id': 44}
2026-04-05 01:16:55,831 [app.kafka_producer] INFO: Sent to comment-events: {'broadcast': True, 'type': 'new_comment_broadcast', 'comment': {'id': 44, 'content': 'Just deployed this in staging and the results are promising.', 'thread_id': 9, 'author': {'id': 16, 'username': 'peter', 'avatar': None}, 'parent_comment_id': None, 'created_at': '2026-04-05 01:16:55.802139', 'updated_at': '2026-04-05 01:16:55.802139', 'like_count': 0, 'liked_by_me': False, 'reply_count': 0, 'replies': []}}
2026-04-05 01:16:55,876 [httpx] INFO: HTTP Request: GET http://thread_service:8003/threads/9 "HTTP/1.1 200 OK"
2026-04-05 01:16:55,879 [app.kafka_producer] INFO: Sent to comment-events: {'event': 'new_comment', 'user_id': 9, 'type': 'new_comment', 'message': 'grace commented on your thread', 'reference_id': 45}
2026-04-05 01:16:55,881 [app.kafka_producer] INFO: Sent to comment-events: {'broadcast': True, 'type': 'new_comment_broadcast', 'comment': {'id': 45, 'content': 'Nice! Would love to see a follow-up thread on advanced use cases.', 'thread_id': 9, 'author': {'id': 7, 'username': 'grace', 'avatar': None}, 'parent_comment_id': None, 'created_at': '2026-04-05 01:16:55.846737', 'updated_at': '2026-04-05 01:16:55.846737', 'like_count': 0, 'liked_by_me': False, 'reply_count': 0, 'replies': []}}
2026-04-05 01:16:55,908 [httpx] INFO: HTTP Request: GET http://user_service:8002/users/18 "HTTP/1.1 200 OK"
2026-04-05 01:16:55,939 [httpx] INFO: HTTP Request: GET http://thread_service:8003/threads/9 "HTTP/1.1 200 OK"
2026-04-05 01:16:55,941 [app.kafka_producer] INFO: Sent to comment-events: {'event': 'new_comment', 'user_id': 9, 'type': 'new_comment', 'message': 'rachel commented on your thread', 'reference_id': 46}
2026-04-05 01:16:55,943 [app.kafka_producer] INFO: Sent to comment-events: {'broadcast': True, 'type': 'new_comment_broadcast', 'comment': {'id': 46, 'content': 'Adding to the list: do not forget about edge cases with concurrent requests.', 'thread_id': 9, 'author': {'id': 18, 'username': 'rachel', 'avatar': None}, 'parent_comment_id': None, 'created_at': '2026-04-05 01:16:55.913585', 'updated_at': '2026-04-05 01:16:55.913585', 'like_count': 0, 'liked_by_me': False, 'reply_count': 0, 'replies': []}}
2026-04-05 01:16:56,006 [httpx] INFO: HTTP Request: GET http://thread_service:8003/threads/9 "HTTP/1.1 200 OK"
2026-04-05 01:16:56,009 [app.kafka_producer] INFO: Sent to comment-events: {'event': 'new_comment', 'user_id': 9, 'type': 'new_comment', 'message': 'jack commented on your thread', 'reference_id': 47}
2026-04-05 01:16:56,011 [app.kafka_producer] INFO: Sent to comment-events: {'broadcast': True, 'type': 'new_comment_broadcast', 'comment': {'id': 47, 'content': 'Interesting perspective. Have you considered the trade-offs with scalability?', 'thread_id': 9, 'author': {'id': 10, 'username': 'jack', 'avatar': None}, 'parent_comment_id': None, 'created_at': '2026-04-05 01:16:55.957908', 'updated_at': '2026-04-05 01:16:55.957908', 'like_count': 0, 'liked_by_me': False, 'reply_count': 0, 'replies': []}}
2026-04-05 01:16:56,056 [httpx] INFO: HTTP Request: GET http://thread_service:8003/threads/9 "HTTP/1.1 200 OK"
2026-04-05 01:16:56,058 [app.kafka_producer] INFO: Sent to comment-events: {'event': 'new_comment', 'user_id': 9, 'type': 'new_comment', 'message': 'eve commented on your thread', 'reference_id': 48}
2026-04-05 01:16:56,060 [app.kafka_producer] INFO: Sent to comment-events: {'broadcast': True, 'type': 'new_comment_broadcast', 'comment': {'id': 48, 'content': 'This is exactly what I was looking for — bookmarked!', 'thread_id': 9, 'author': {'id': 5, 'username': 'eve', 'avatar': None}, 'parent_comment_id': None, 'created_at': '2026-04-05 01:16:56.026157', 'updated_at': '2026-04-05 01:16:56.026157', 'like_count': 0, 'liked_by_me': False, 'reply_count': 0, 'replies': []}}
2026-04-05 01:16:56,104 [httpx] INFO: HTTP Request: GET http://thread_service:8003/threads/9 "HTTP/1.1 200 OK"
2026-04-05 01:16:56,107 [app.kafka_producer] INFO: Sent to comment-events: {'event': 'new_comment', 'user_id': 9, 'type': 'new_comment', 'message': 'sam commented on your thread', 'reference_id': 49}
2026-04-05 01:16:56,110 [app.kafka_producer] INFO: Sent to comment-events: {'broadcast': True, 'type': 'new_comment_broadcast', 'comment': {'id': 49, 'content': 'I switched from the old approach to this one and never looked back.', 'thread_id': 9, 'author': {'id': 19, 'username': 'sam', 'avatar': None}, 'parent_comment_id': None, 'created_at': '2026-04-05 01:16:56.075184', 'updated_at': '2026-04-05 01:16:56.075184', 'like_count': 0, 'liked_by_me': False, 'reply_count': 0, 'replies': []}}
2026-04-05 01:16:56,162 [httpx] INFO: HTTP Request: GET http://thread_service:8003/threads/9 "HTTP/1.1 200 OK"
2026-04-05 01:16:56,164 [app.kafka_producer] INFO: Sent to comment-events: {'event': 'new_comment', 'user_id': 9, 'type': 'new_comment', 'message': 'noah commented on your thread', 'reference_id': 50}
2026-04-05 01:16:56,167 [app.kafka_producer] INFO: Sent to comment-events: {'broadcast': True, 'type': 'new_comment_broadcast', 'comment': {'id': 50, 'content': 'This is exactly what I was looking for — bookmarked!', 'thread_id': 9, 'author': {'id': 14, 'username': 'noah', 'avatar': None}, 'parent_comment_id': None, 'created_at': '2026-04-05 01:16:56.128187', 'updated_at': '2026-04-05 01:16:56.128187', 'like_count': 0, 'liked_by_me': False, 'reply_count': 0, 'replies': []}}
2026-04-05 01:16:56,197 [httpx] INFO: HTTP Request: GET http://user_service:8002/users/13 "HTTP/1.1 200 OK"
2026-04-05 01:16:56,230 [httpx] INFO: HTTP Request: GET http://thread_service:8003/threads/10 "HTTP/1.1 200 OK"
2026-04-05 01:16:56,232 [app.kafka_producer] INFO: Sent to comment-events: {'event': 'new_comment', 'user_id': 10, 'type': 'new_comment', 'message': 'mia commented on your thread', 'reference_id': 51}
2026-04-05 01:16:56,234 [app.kafka_producer] INFO: Sent to comment-events: {'broadcast': True, 'type': 'new_comment_broadcast', 'comment': {'id': 51, 'content': 'Nice! Would love to see a follow-up thread on advanced use cases.', 'thread_id': 10, 'author': {'id': 13, 'username': 'mia', 'avatar': None}, 'parent_comment_id': None, 'created_at': '2026-04-05 01:16:56.202774', 'updated_at': '2026-04-05 01:16:56.202774', 'like_count': 0, 'liked_by_me': False, 'reply_count': 0, 'replies': []}}
2026-04-05 01:16:56,302 [httpx] INFO: HTTP Request: GET http://thread_service:8003/threads/10 "HTTP/1.1 200 OK"
2026-04-05 01:16:56,305 [app.kafka_producer] INFO: Sent to comment-events: {'event': 'new_comment', 'user_id': 10, 'type': 'new_comment', 'message': 'rachel commented on your thread', 'reference_id': 52}
2026-04-05 01:16:56,308 [app.kafka_producer] INFO: Sent to comment-events: {'broadcast': True, 'type': 'new_comment_broadcast', 'comment': {'id': 52, 'content': 'This thread is gold. More discussions like this please!', 'thread_id': 10, 'author': {'id': 18, 'username': 'rachel', 'avatar': None}, 'parent_comment_id': None, 'created_at': '2026-04-05 01:16:56.274456', 'updated_at': '2026-04-05 01:16:56.274456', 'like_count': 0, 'liked_by_me': False, 'reply_count': 0, 'replies': []}}
2026-04-05 01:16:56,355 [httpx] INFO: HTTP Request: GET http://thread_service:8003/threads/10 "HTTP/1.1 200 OK"
2026-04-05 01:16:56,358 [app.kafka_producer] INFO: Sent to comment-events: {'event': 'new_comment', 'user_id': 10, 'type': 'new_comment', 'message': 'olivia commented on your thread', 'reference_id': 53}
2026-04-05 01:16:56,361 [app.kafka_producer] INFO: Sent to comment-events: {'broadcast': True, 'type': 'new_comment_broadcast', 'comment': {'id': 53, 'content': 'Underrated topic! More people should be talking about this.', 'thread_id': 10, 'author': {'id': 15, 'username': 'olivia', 'avatar': None}, 'parent_comment_id': None, 'created_at': '2026-04-05 01:16:56.327793', 'updated_at': '2026-04-05 01:16:56.327793', 'like_count': 0, 'liked_by_me': False, 'reply_count': 0, 'replies': []}}
2026-04-05 01:16:56,413 [httpx] INFO: HTTP Request: GET http://thread_service:8003/threads/10 "HTTP/1.1 200 OK"
2026-04-05 01:16:56,416 [app.kafka_producer] INFO: Sent to comment-events: {'event': 'new_comment', 'user_id': 10, 'type': 'new_comment', 'message': 'eve commented on your thread', 'reference_id': 54}
2026-04-05 01:16:56,418 [app.kafka_producer] INFO: Sent to comment-events: {'broadcast': True, 'type': 'new_comment_broadcast', 'comment': {'id': 54, 'content': 'Underrated topic! More people should be talking about this.', 'thread_id': 10, 'author': {'id': 5, 'username': 'eve', 'avatar': None}, 'parent_comment_id': None, 'created_at': '2026-04-05 01:16:56.381700', 'updated_at': '2026-04-05 01:16:56.381700', 'like_count': 0, 'liked_by_me': False, 'reply_count': 0, 'replies': []}}
2026-04-05 01:16:56,469 [httpx] INFO: HTTP Request: GET http://thread_service:8003/threads/11 "HTTP/1.1 200 OK"
2026-04-05 01:16:56,471 [app.kafka_producer] INFO: Sent to comment-events: {'event': 'new_comment', 'user_id': 11, 'type': 'new_comment', 'message': 'mia commented on your thread', 'reference_id': 55}
2026-04-05 01:16:56,474 [app.kafka_producer] INFO: Sent to comment-events: {'broadcast': True, 'type': 'new_comment_broadcast', 'comment': {'id': 55, 'content': 'We use a similar setup at work. One gotcha to watch out for is memory leaks.', 'thread_id': 11, 'author': {'id': 13, 'username': 'mia', 'avatar': None}, 'parent_comment_id': None, 'created_at': '2026-04-05 01:16:56.439477', 'updated_at': '2026-04-05 01:16:56.439477', 'like_count': 0, 'liked_by_me': False, 'reply_count': 0, 'replies': []}}
2026-04-05 01:16:56,524 [httpx] INFO: HTTP Request: GET http://thread_service:8003/threads/11 "HTTP/1.1 200 OK"
2026-04-05 01:16:56,527 [app.kafka_producer] INFO: Sent to comment-events: {'event': 'new_comment', 'user_id': 11, 'type': 'new_comment', 'message': 'bob commented on your thread', 'reference_id': 56}
2026-04-05 01:16:56,529 [app.kafka_producer] INFO: Sent to comment-events: {'broadcast': True, 'type': 'new_comment_broadcast', 'comment': {'id': 56, 'content': 'Interesting perspective. Have you considered the trade-offs with scalability?', 'thread_id': 11, 'author': {'id': 2, 'username': 'bob', 'avatar': None}, 'parent_comment_id': None, 'created_at': '2026-04-05 01:16:56.492995', 'updated_at': '2026-04-05 01:16:56.492995', 'like_count': 0, 'liked_by_me': False, 'reply_count': 0, 'replies': []}}
2026-04-05 01:16:56,581 [httpx] INFO: HTTP Request: GET http://thread_service:8003/threads/11 "HTTP/1.1 200 OK"
2026-04-05 01:16:56,588 [app.kafka_producer] INFO: Sent to comment-events: {'broadcast': True, 'type': 'new_comment_broadcast', 'comment': {'id': 57, 'content': 'This reminded me of a talk I saw at PyCon. Very relevant.', 'thread_id': 11, 'author': {'id': 11, 'username': 'karen', 'avatar': None}, 'parent_comment_id': None, 'created_at': '2026-04-05 01:16:56.547643', 'updated_at': '2026-04-05 01:16:56.547643', 'like_count': 0, 'liked_by_me': False, 'reply_count': 0, 'replies': []}}
2026-04-05 01:16:56,647 [httpx] INFO: HTTP Request: GET http://thread_service:8003/threads/11 "HTTP/1.1 200 OK"
2026-04-05 01:16:56,650 [app.kafka_producer] INFO: Sent to comment-events: {'event': 'new_comment', 'user_id': 11, 'type': 'new_comment', 'message': 'diana commented on your thread', 'reference_id': 58}
2026-04-05 01:16:56,653 [app.kafka_producer] INFO: Sent to comment-events: {'broadcast': True, 'type': 'new_comment_broadcast', 'comment': {'id': 58, 'content': 'This reminded me of a talk I saw at PyCon. Very relevant.', 'thread_id': 11, 'author': {'id': 4, 'username': 'diana', 'avatar': None}, 'parent_comment_id': None, 'created_at': '2026-04-05 01:16:56.610667', 'updated_at': '2026-04-05 01:16:56.610667', 'like_count': 0, 'liked_by_me': False, 'reply_count': 0, 'replies': []}}
2026-04-05 01:16:56,701 [httpx] INFO: HTTP Request: GET http://thread_service:8003/threads/11 "HTTP/1.1 200 OK"
2026-04-05 01:16:56,703 [app.kafka_producer] INFO: Sent to comment-events: {'event': 'new_comment', 'user_id': 11, 'type': 'new_comment', 'message': 'quinn commented on your thread', 'reference_id': 59}
2026-04-05 01:16:56,706 [app.kafka_producer] INFO: Sent to comment-events: {'broadcast': True, 'type': 'new_comment_broadcast', 'comment': {'id': 59, 'content': 'Just deployed this in staging and the results are promising.', 'thread_id': 11, 'author': {'id': 17, 'username': 'quinn', 'avatar': None}, 'parent_comment_id': None, 'created_at': '2026-04-05 01:16:56.671661', 'updated_at': '2026-04-05 01:16:56.671661', 'like_count': 0, 'liked_by_me': False, 'reply_count': 0, 'replies': []}}
2026-04-05 01:16:56,761 [httpx] INFO: HTTP Request: GET http://thread_service:8003/threads/12 "HTTP/1.1 200 OK"
2026-04-05 01:16:56,765 [app.kafka_producer] INFO: Sent to comment-events: {'event': 'new_comment', 'user_id': 12, 'type': 'new_comment', 'message': 'diana commented on your thread', 'reference_id': 60}
2026-04-05 01:16:56,768 [app.kafka_producer] INFO: Sent to comment-events: {'broadcast': True, 'type': 'new_comment_broadcast', 'comment': {'id': 60, 'content': 'This thread is gold. More discussions like this please!', 'thread_id': 12, 'author': {'id': 4, 'username': 'diana', 'avatar': None}, 'parent_comment_id': None, 'created_at': '2026-04-05 01:16:56.724193', 'updated_at': '2026-04-05 01:16:56.724193', 'like_count': 0, 'liked_by_me': False, 'reply_count': 0, 'replies': []}}
2026-04-05 01:16:56,842 [httpx] INFO: HTTP Request: GET http://thread_service:8003/threads/12 "HTTP/1.1 200 OK"
2026-04-05 01:16:56,845 [app.kafka_producer] INFO: Sent to comment-events: {'event': 'new_comment', 'user_id': 12, 'type': 'new_comment', 'message': 'bob commented on your thread', 'reference_id': 61}
2026-04-05 01:16:56,848 [app.kafka_producer] INFO: Sent to comment-events: {'broadcast': True, 'type': 'new_comment_broadcast', 'comment': {'id': 61, 'content': 'This thread is gold. More discussions like this please!', 'thread_id': 12, 'author': {'id': 2, 'username': 'bob', 'avatar': None}, 'parent_comment_id': None, 'created_at': '2026-04-05 01:16:56.796431', 'updated_at': '2026-04-05 01:16:56.796431', 'like_count': 0, 'liked_by_me': False, 'reply_count': 0, 'replies': []}}
2026-04-05 01:16:56,906 [httpx] INFO: HTTP Request: GET http://thread_service:8003/threads/12 "HTTP/1.1 200 OK"
2026-04-05 01:16:56,909 [app.kafka_producer] INFO: Sent to comment-events: {'event': 'new_comment', 'user_id': 12, 'type': 'new_comment', 'message': 'sam commented on your thread', 'reference_id': 62}
2026-04-05 01:16:56,912 [app.kafka_producer] INFO: Sent to comment-events: {'broadcast': True, 'type': 'new_comment_broadcast', 'comment': {'id': 62, 'content': 'Great point! I totally agree with this approach.', 'thread_id': 12, 'author': {'id': 19, 'username': 'sam', 'avatar': None}, 'parent_comment_id': None, 'created_at': '2026-04-05 01:16:56.869180', 'updated_at': '2026-04-05 01:16:56.869180', 'like_count': 0, 'liked_by_me': False, 'reply_count': 0, 'replies': []}}
2026-04-05 01:16:56,960 [httpx] INFO: HTTP Request: GET http://thread_service:8003/threads/12 "HTTP/1.1 200 OK"
2026-04-05 01:16:56,964 [app.kafka_producer] INFO: Sent to comment-events: {'event': 'new_comment', 'user_id': 12, 'type': 'new_comment', 'message': 'frank commented on your thread', 'reference_id': 63}
2026-04-05 01:16:56,966 [app.kafka_producer] INFO: Sent to comment-events: {'broadcast': True, 'type': 'new_comment_broadcast', 'comment': {'id': 63, 'content': 'Adding to the list: do not forget about edge cases with concurrent requests.', 'thread_id': 12, 'author': {'id': 6, 'username': 'frank', 'avatar': None}, 'parent_comment_id': None, 'created_at': '2026-04-05 01:16:56.931502', 'updated_at': '2026-04-05 01:16:56.931502', 'like_count': 0, 'liked_by_me': False, 'reply_count': 0, 'replies': []}}
2026-04-05 01:16:57,013 [httpx] INFO: HTTP Request: GET http://thread_service:8003/threads/12 "HTTP/1.1 200 OK"
2026-04-05 01:16:57,016 [app.kafka_producer] INFO: Sent to comment-events: {'event': 'new_comment', 'user_id': 12, 'type': 'new_comment', 'message': 'bob commented on your thread', 'reference_id': 64}
2026-04-05 01:16:57,018 [app.kafka_producer] INFO: Sent to comment-events: {'broadcast': True, 'type': 'new_comment_broadcast', 'comment': {'id': 64, 'content': 'This is exactly what I was looking for — bookmarked!', 'thread_id': 12, 'author': {'id': 2, 'username': 'bob', 'avatar': None}, 'parent_comment_id': None, 'created_at': '2026-04-05 01:16:56.983250', 'updated_at': '2026-04-05 01:16:56.983250', 'like_count': 0, 'liked_by_me': False, 'reply_count': 0, 'replies': []}}
2026-04-05 01:16:57,066 [httpx] INFO: HTTP Request: GET http://thread_service:8003/threads/13 "HTTP/1.1 200 OK"
2026-04-05 01:16:57,069 [app.kafka_producer] INFO: Sent to comment-events: {'event': 'new_comment', 'user_id': 13, 'type': 'new_comment', 'message': 'grace commented on your thread', 'reference_id': 65}
2026-04-05 01:16:57,072 [app.kafka_producer] INFO: Sent to comment-events: {'broadcast': True, 'type': 'new_comment_broadcast', 'comment': {'id': 65, 'content': "Good write-up! I'd add that error handling is also critical here.", 'thread_id': 13, 'author': {'id': 7, 'username': 'grace', 'avatar': None}, 'parent_comment_id': None, 'created_at': '2026-04-05 01:16:57.036102', 'updated_at': '2026-04-05 01:16:57.036102', 'like_count': 0, 'liked_by_me': False, 'reply_count': 0, 'replies': []}}
2026-04-05 01:16:57,131 [httpx] INFO: HTTP Request: GET http://thread_service:8003/threads/13 "HTTP/1.1 200 OK"
2026-04-05 01:16:57,133 [app.kafka_producer] INFO: Sent to comment-events: {'event': 'new_comment', 'user_id': 13, 'type': 'new_comment', 'message': 'peter commented on your thread', 'reference_id': 66}
2026-04-05 01:16:57,136 [app.kafka_producer] INFO: Sent to comment-events: {'broadcast': True, 'type': 'new_comment_broadcast', 'comment': {'id': 66, 'content': 'Solid advice. We adopted this pattern last quarter and it worked great.', 'thread_id': 13, 'author': {'id': 16, 'username': 'peter', 'avatar': None}, 'parent_comment_id': None, 'created_at': '2026-04-05 01:16:57.089748', 'updated_at': '2026-04-05 01:16:57.089748', 'like_count': 0, 'liked_by_me': False, 'reply_count': 0, 'replies': []}}
2026-04-05 01:16:57,185 [httpx] INFO: HTTP Request: GET http://thread_service:8003/threads/13 "HTTP/1.1 200 OK"
2026-04-05 01:16:57,188 [app.kafka_producer] INFO: Sent to comment-events: {'event': 'new_comment', 'user_id': 13, 'type': 'new_comment', 'message': 'peter commented on your thread', 'reference_id': 67}
2026-04-05 01:16:57,192 [app.kafka_producer] INFO: Sent to comment-events: {'broadcast': True, 'type': 'new_comment_broadcast', 'comment': {'id': 67, 'content': 'Great point! I totally agree with this approach.', 'thread_id': 13, 'author': {'id': 16, 'username': 'peter', 'avatar': None}, 'parent_comment_id': None, 'created_at': '2026-04-05 01:16:57.152502', 'updated_at': '2026-04-05 01:16:57.152502', 'like_count': 0, 'liked_by_me': False, 'reply_count': 0, 'replies': []}}
2026-04-05 01:16:57,243 [httpx] INFO: HTTP Request: GET http://thread_service:8003/threads/13 "HTTP/1.1 200 OK"
2026-04-05 01:16:57,246 [app.kafka_producer] INFO: Sent to comment-events: {'event': 'new_comment', 'user_id': 13, 'type': 'new_comment', 'message': 'frank commented on your thread', 'reference_id': 68}
2026-04-05 01:16:57,249 [app.kafka_producer] INFO: Sent to comment-events: {'broadcast': True, 'type': 'new_comment_broadcast', 'comment': {'id': 68, 'content': 'This is exactly what I was looking for — bookmarked!', 'thread_id': 13, 'author': {'id': 6, 'username': 'frank', 'avatar': None}, 'parent_comment_id': None, 'created_at': '2026-04-05 01:16:57.215809', 'updated_at': '2026-04-05 01:16:57.215809', 'like_count': 0, 'liked_by_me': False, 'reply_count': 0, 'replies': []}}
2026-04-05 01:16:57,299 [httpx] INFO: HTTP Request: GET http://thread_service:8003/threads/13 "HTTP/1.1 200 OK"
2026-04-05 01:16:57,302 [app.kafka_producer] INFO: Sent to comment-events: {'event': 'new_comment', 'user_id': 13, 'type': 'new_comment', 'message': 'sam commented on your thread', 'reference_id': 69}
2026-04-05 01:16:57,304 [app.kafka_producer] INFO: Sent to comment-events: {'broadcast': True, 'type': 'new_comment_broadcast', 'comment': {'id': 69, 'content': 'This reminded me of a talk I saw at PyCon. Very relevant.', 'thread_id': 13, 'author': {'id': 19, 'username': 'sam', 'avatar': None}, 'parent_comment_id': None, 'created_at': '2026-04-05 01:16:57.269846', 'updated_at': '2026-04-05 01:16:57.269846', 'like_count': 0, 'liked_by_me': False, 'reply_count': 0, 'replies': []}}
2026-04-05 01:16:57,356 [httpx] INFO: HTTP Request: GET http://thread_service:8003/threads/13 "HTTP/1.1 200 OK"
2026-04-05 01:16:57,358 [app.kafka_producer] INFO: Sent to comment-events: {'event': 'new_comment', 'user_id': 13, 'type': 'new_comment', 'message': 'rachel commented on your thread', 'reference_id': 70}
2026-04-05 01:16:57,360 [app.kafka_producer] INFO: Sent to comment-events: {'broadcast': True, 'type': 'new_comment_broadcast', 'comment': {'id': 70, 'content': 'Thanks for sharing! This saved me hours of debugging.', 'thread_id': 13, 'author': {'id': 18, 'username': 'rachel', 'avatar': None}, 'parent_comment_id': None, 'created_at': '2026-04-05 01:16:57.322103', 'updated_at': '2026-04-05 01:16:57.322103', 'like_count': 0, 'liked_by_me': False, 'reply_count': 0, 'replies': []}}
2026-04-05 01:16:57,410 [httpx] INFO: HTTP Request: GET http://thread_service:8003/threads/14 "HTTP/1.1 200 OK"
2026-04-05 01:16:57,413 [app.kafka_producer] INFO: Sent to comment-events: {'event': 'new_comment', 'user_id': 14, 'type': 'new_comment', 'message': 'mia commented on your thread', 'reference_id': 71}
2026-04-05 01:16:57,416 [app.kafka_producer] INFO: Sent to comment-events: {'broadcast': True, 'type': 'new_comment_broadcast', 'comment': {'id': 71, 'content': 'Would be great to see a benchmark comparing the two approaches.', 'thread_id': 14, 'author': {'id': 13, 'username': 'mia', 'avatar': None}, 'parent_comment_id': None, 'created_at': '2026-04-05 01:16:57.377835', 'updated_at': '2026-04-05 01:16:57.377835', 'like_count': 0, 'liked_by_me': False, 'reply_count': 0, 'replies': []}}
2026-04-05 01:16:57,464 [httpx] INFO: HTTP Request: GET http://thread_service:8003/threads/14 "HTTP/1.1 200 OK"
2026-04-05 01:16:57,467 [app.kafka_producer] INFO: Sent to comment-events: {'event': 'new_comment', 'user_id': 14, 'type': 'new_comment', 'message': 'diana commented on your thread', 'reference_id': 72}
2026-04-05 01:16:57,470 [app.kafka_producer] INFO: Sent to comment-events: {'broadcast': True, 'type': 'new_comment_broadcast', 'comment': {'id': 72, 'content': 'I respectfully disagree. In my experience the opposite is true at scale.', 'thread_id': 14, 'author': {'id': 4, 'username': 'diana', 'avatar': None}, 'parent_comment_id': None, 'created_at': '2026-04-05 01:16:57.435799', 'updated_at': '2026-04-05 01:16:57.435799', 'like_count': 0, 'liked_by_me': False, 'reply_count': 0, 'replies': []}}
2026-04-05 01:16:57,519 [httpx] INFO: HTTP Request: GET http://thread_service:8003/threads/14 "HTTP/1.1 200 OK"
2026-04-05 01:16:57,523 [app.kafka_producer] INFO: Sent to comment-events: {'event': 'new_comment', 'user_id': 14, 'type': 'new_comment', 'message': 'olivia commented on your thread', 'reference_id': 73}
2026-04-05 01:16:57,525 [app.kafka_producer] INFO: Sent to comment-events: {'broadcast': True, 'type': 'new_comment_broadcast', 'comment': {'id': 73, 'content': 'This is exactly what I was looking for — bookmarked!', 'thread_id': 14, 'author': {'id': 15, 'username': 'olivia', 'avatar': None}, 'parent_comment_id': None, 'created_at': '2026-04-05 01:16:57.489964', 'updated_at': '2026-04-05 01:16:57.489964', 'like_count': 0, 'liked_by_me': False, 'reply_count': 0, 'replies': []}}
2026-04-05 01:16:57,576 [httpx] INFO: HTTP Request: GET http://thread_service:8003/threads/14 "HTTP/1.1 200 OK"
2026-04-05 01:16:57,578 [app.kafka_producer] INFO: Sent to comment-events: {'broadcast': True, 'type': 'new_comment_broadcast', 'comment': {'id': 74, 'content': 'Adding to the list: do not forget about edge cases with concurrent requests.', 'thread_id': 14, 'author': {'id': 14, 'username': 'noah', 'avatar': None}, 'parent_comment_id': None, 'created_at': '2026-04-05 01:16:57.544177', 'updated_at': '2026-04-05 01:16:57.544177', 'like_count': 0, 'liked_by_me': False, 'reply_count': 0, 'replies': []}}
2026-04-05 01:16:57,630 [httpx] INFO: HTTP Request: GET http://thread_service:8003/threads/15 "HTTP/1.1 200 OK"
2026-04-05 01:16:57,633 [app.kafka_producer] INFO: Sent to comment-events: {'event': 'new_comment', 'user_id': 15, 'type': 'new_comment', 'message': 'noah commented on your thread', 'reference_id': 75}
2026-04-05 01:16:57,636 [app.kafka_producer] INFO: Sent to comment-events: {'broadcast': True, 'type': 'new_comment_broadcast', 'comment': {'id': 75, 'content': 'Adding to the list: do not forget about edge cases with concurrent requests.', 'thread_id': 15, 'author': {'id': 14, 'username': 'noah', 'avatar': None}, 'parent_comment_id': None, 'created_at': '2026-04-05 01:16:57.597496', 'updated_at': '2026-04-05 01:16:57.597496', 'like_count': 0, 'liked_by_me': False, 'reply_count': 0, 'replies': []}}
2026-04-05 01:16:57,692 [httpx] INFO: HTTP Request: GET http://thread_service:8003/threads/15 "HTTP/1.1 200 OK"
2026-04-05 01:16:57,695 [app.kafka_producer] INFO: Sent to comment-events: {'event': 'new_comment', 'user_id': 15, 'type': 'new_comment', 'message': 'alice commented on your thread', 'reference_id': 76}
2026-04-05 01:16:57,697 [app.kafka_producer] INFO: Sent to comment-events: {'broadcast': True, 'type': 'new_comment_broadcast', 'comment': {'id': 76, 'content': 'Just deployed this in staging and the results are promising.', 'thread_id': 15, 'author': {'id': 1, 'username': 'alice', 'avatar': None}, 'parent_comment_id': None, 'created_at': '2026-04-05 01:16:57.652757', 'updated_at': '2026-04-05 01:16:57.652757', 'like_count': 0, 'liked_by_me': False, 'reply_count': 0, 'replies': []}}
2026-04-05 01:16:57,745 [httpx] INFO: HTTP Request: GET http://thread_service:8003/threads/15 "HTTP/1.1 200 OK"
2026-04-05 01:16:57,747 [app.kafka_producer] INFO: Sent to comment-events: {'event': 'new_comment', 'user_id': 15, 'type': 'new_comment', 'message': 'mia commented on your thread', 'reference_id': 77}
2026-04-05 01:16:57,749 [app.kafka_producer] INFO: Sent to comment-events: {'broadcast': True, 'type': 'new_comment_broadcast', 'comment': {'id': 77, 'content': 'We ran into the exact same issue last sprint. Here is how we fixed it.', 'thread_id': 15, 'author': {'id': 13, 'username': 'mia', 'avatar': None}, 'parent_comment_id': None, 'created_at': '2026-04-05 01:16:57.715406', 'updated_at': '2026-04-05 01:16:57.715406', 'like_count': 0, 'liked_by_me': False, 'reply_count': 0, 'replies': []}}
2026-04-05 01:16:57,795 [httpx] INFO: HTTP Request: GET http://thread_service:8003/threads/15 "HTTP/1.1 200 OK"
2026-04-05 01:16:57,798 [app.kafka_producer] INFO: Sent to comment-events: {'event': 'new_comment', 'user_id': 15, 'type': 'new_comment', 'message': 'frank commented on your thread', 'reference_id': 78}
2026-04-05 01:16:57,800 [app.kafka_producer] INFO: Sent to comment-events: {'broadcast': True, 'type': 'new_comment_broadcast', 'comment': {'id': 78, 'content': 'Would be great to see a benchmark comparing the two approaches.', 'thread_id': 15, 'author': {'id': 6, 'username': 'frank', 'avatar': None}, 'parent_comment_id': None, 'created_at': '2026-04-05 01:16:57.766626', 'updated_at': '2026-04-05 01:16:57.766626', 'like_count': 0, 'liked_by_me': False, 'reply_count': 0, 'replies': []}}
2026-04-05 01:16:57,844 [httpx] INFO: HTTP Request: GET http://thread_service:8003/threads/16 "HTTP/1.1 200 OK"
2026-04-05 01:16:57,846 [app.kafka_producer] INFO: Sent to comment-events: {'event': 'new_comment', 'user_id': 16, 'type': 'new_comment', 'message': 'eve commented on your thread', 'reference_id': 79}
2026-04-05 01:16:57,848 [app.kafka_producer] INFO: Sent to comment-events: {'broadcast': True, 'type': 'new_comment_broadcast', 'comment': {'id': 79, 'content': 'We use a similar setup at work. One gotcha to watch out for is memory leaks.', 'thread_id': 16, 'author': {'id': 5, 'username': 'eve', 'avatar': None}, 'parent_comment_id': None, 'created_at': '2026-04-05 01:16:57.818151', 'updated_at': '2026-04-05 01:16:57.818151', 'like_count': 0, 'liked_by_me': False, 'reply_count': 0, 'replies': []}}
2026-04-05 01:16:57,893 [httpx] INFO: HTTP Request: GET http://thread_service:8003/threads/16 "HTTP/1.1 200 OK"
2026-04-05 01:16:57,896 [app.kafka_producer] INFO: Sent to comment-events: {'event': 'new_comment', 'user_id': 16, 'type': 'new_comment', 'message': 'rachel commented on your thread', 'reference_id': 80}
2026-04-05 01:16:57,899 [app.kafka_producer] INFO: Sent to comment-events: {'broadcast': True, 'type': 'new_comment_broadcast', 'comment': {'id': 80, 'content': 'This thread is gold. More discussions like this please!', 'thread_id': 16, 'author': {'id': 18, 'username': 'rachel', 'avatar': None}, 'parent_comment_id': None, 'created_at': '2026-04-05 01:16:57.865736', 'updated_at': '2026-04-05 01:16:57.865736', 'like_count': 0, 'liked_by_me': False, 'reply_count': 0, 'replies': []}}
2026-04-05 01:16:57,943 [httpx] INFO: HTTP Request: GET http://thread_service:8003/threads/16 "HTTP/1.1 200 OK"
2026-04-05 01:16:57,946 [app.kafka_producer] INFO: Sent to comment-events: {'event': 'new_comment', 'user_id': 16, 'type': 'new_comment', 'message': 'charlie commented on your thread', 'reference_id': 81}
2026-04-05 01:16:57,948 [app.kafka_producer] INFO: Sent to comment-events: {'broadcast': True, 'type': 'new_comment_broadcast', 'comment': {'id': 81, 'content': "Can you elaborate more on this? I'd love to understand the internals.", 'thread_id': 16, 'author': {'id': 3, 'username': 'charlie', 'avatar': None}, 'parent_comment_id': None, 'created_at': '2026-04-05 01:16:57.916019', 'updated_at': '2026-04-05 01:16:57.916019', 'like_count': 0, 'liked_by_me': False, 'reply_count': 0, 'replies': []}}
2026-04-05 01:16:58,009 [httpx] INFO: HTTP Request: GET http://thread_service:8003/threads/16 "HTTP/1.1 200 OK"
2026-04-05 01:16:58,012 [app.kafka_producer] INFO: Sent to comment-events: {'event': 'new_comment', 'user_id': 16, 'type': 'new_comment', 'message': 'olivia commented on your thread', 'reference_id': 82}
2026-04-05 01:16:58,014 [app.kafka_producer] INFO: Sent to comment-events: {'broadcast': True, 'type': 'new_comment_broadcast', 'comment': {'id': 82, 'content': 'Solid advice. We adopted this pattern last quarter and it worked great.', 'thread_id': 16, 'author': {'id': 15, 'username': 'olivia', 'avatar': None}, 'parent_comment_id': None, 'created_at': '2026-04-05 01:16:57.980801', 'updated_at': '2026-04-05 01:16:57.980801', 'like_count': 0, 'liked_by_me': False, 'reply_count': 0, 'replies': []}}
2026-04-05 01:16:58,060 [httpx] INFO: HTTP Request: GET http://thread_service:8003/threads/16 "HTTP/1.1 200 OK"
2026-04-05 01:16:58,063 [app.kafka_producer] INFO: Sent to comment-events: {'event': 'new_comment', 'user_id': 16, 'type': 'new_comment', 'message': 'mia commented on your thread', 'reference_id': 83}
2026-04-05 01:16:58,065 [app.kafka_producer] INFO: Sent to comment-events: {'broadcast': True, 'type': 'new_comment_broadcast', 'comment': {'id': 83, 'content': 'This is exactly what I was looking for — bookmarked!', 'thread_id': 16, 'author': {'id': 13, 'username': 'mia', 'avatar': None}, 'parent_comment_id': None, 'created_at': '2026-04-05 01:16:58.031121', 'updated_at': '2026-04-05 01:16:58.031121', 'like_count': 0, 'liked_by_me': False, 'reply_count': 0, 'replies': []}}
2026-04-05 01:16:58,110 [httpx] INFO: HTTP Request: GET http://thread_service:8003/threads/17 "HTTP/1.1 200 OK"
2026-04-05 01:16:58,113 [app.kafka_producer] INFO: Sent to comment-events: {'event': 'new_comment', 'user_id': 17, 'type': 'new_comment', 'message': 'leo commented on your thread', 'reference_id': 84}
2026-04-05 01:16:58,115 [app.kafka_producer] INFO: Sent to comment-events: {'broadcast': True, 'type': 'new_comment_broadcast', 'comment': {'id': 84, 'content': "Good write-up! I'd add that error handling is also critical here.", 'thread_id': 17, 'author': {'id': 12, 'username': 'leo', 'avatar': None}, 'parent_comment_id': None, 'created_at': '2026-04-05 01:16:58.081917', 'updated_at': '2026-04-05 01:16:58.081917', 'like_count': 0, 'liked_by_me': False, 'reply_count': 0, 'replies': []}}
2026-04-05 01:16:58,166 [httpx] INFO: HTTP Request: GET http://thread_service:8003/threads/17 "HTTP/1.1 200 OK"
2026-04-05 01:16:58,168 [app.kafka_producer] INFO: Sent to comment-events: {'event': 'new_comment', 'user_id': 17, 'type': 'new_comment', 'message': 'charlie commented on your thread', 'reference_id': 85}
2026-04-05 01:16:58,170 [app.kafka_producer] INFO: Sent to comment-events: {'broadcast': True, 'type': 'new_comment_broadcast', 'comment': {'id': 85, 'content': 'Interesting perspective. Have you considered the trade-offs with scalability?', 'thread_id': 17, 'author': {'id': 3, 'username': 'charlie', 'avatar': None}, 'parent_comment_id': None, 'created_at': '2026-04-05 01:16:58.133249', 'updated_at': '2026-04-05 01:16:58.133249', 'like_count': 0, 'liked_by_me': False, 'reply_count': 0, 'replies': []}}
2026-04-05 01:16:58,234 [httpx] INFO: HTTP Request: GET http://thread_service:8003/threads/17 "HTTP/1.1 200 OK"
2026-04-05 01:16:58,236 [app.kafka_producer] INFO: Sent to comment-events: {'event': 'new_comment', 'user_id': 17, 'type': 'new_comment', 'message': 'rachel commented on your thread', 'reference_id': 86}
2026-04-05 01:16:58,239 [app.kafka_producer] INFO: Sent to comment-events: {'broadcast': True, 'type': 'new_comment_broadcast', 'comment': {'id': 86, 'content': 'Solid advice. We adopted this pattern last quarter and it worked great.', 'thread_id': 17, 'author': {'id': 18, 'username': 'rachel', 'avatar': None}, 'parent_comment_id': None, 'created_at': '2026-04-05 01:16:58.187719', 'updated_at': '2026-04-05 01:16:58.187719', 'like_count': 0, 'liked_by_me': False, 'reply_count': 0, 'replies': []}}
2026-04-05 01:16:58,286 [httpx] INFO: HTTP Request: GET http://thread_service:8003/threads/17 "HTTP/1.1 200 OK"
2026-04-05 01:16:58,289 [app.kafka_producer] INFO: Sent to comment-events: {'event': 'new_comment', 'user_id': 17, 'type': 'new_comment', 'message': 'mia commented on your thread', 'reference_id': 87}
2026-04-05 01:16:58,292 [app.kafka_producer] INFO: Sent to comment-events: {'broadcast': True, 'type': 'new_comment_broadcast', 'comment': {'id': 87, 'content': "Can you elaborate more on this? I'd love to understand the internals.", 'thread_id': 17, 'author': {'id': 13, 'username': 'mia', 'avatar': None}, 'parent_comment_id': None, 'created_at': '2026-04-05 01:16:58.256100', 'updated_at': '2026-04-05 01:16:58.256100', 'like_count': 0, 'liked_by_me': False, 'reply_count': 0, 'replies': []}}
2026-04-05 01:16:58,336 [httpx] INFO: HTTP Request: GET http://thread_service:8003/threads/18 "HTTP/1.1 200 OK"
2026-04-05 01:16:58,339 [app.kafka_producer] INFO: Sent to comment-events: {'event': 'new_comment', 'user_id': 18, 'type': 'new_comment', 'message': 'charlie commented on your thread', 'reference_id': 88}
2026-04-05 01:16:58,341 [app.kafka_producer] INFO: Sent to comment-events: {'broadcast': True, 'type': 'new_comment_broadcast', 'comment': {'id': 88, 'content': 'We ran into the exact same issue last sprint. Here is how we fixed it.', 'thread_id': 18, 'author': {'id': 3, 'username': 'charlie', 'avatar': None}, 'parent_comment_id': None, 'created_at': '2026-04-05 01:16:58.309132', 'updated_at': '2026-04-05 01:16:58.309132', 'like_count': 0, 'liked_by_me': False, 'reply_count': 0, 'replies': []}}
2026-04-05 01:16:58,385 [httpx] INFO: HTTP Request: GET http://thread_service:8003/threads/18 "HTTP/1.1 200 OK"
2026-04-05 01:16:58,388 [app.kafka_producer] INFO: Sent to comment-events: {'event': 'new_comment', 'user_id': 18, 'type': 'new_comment', 'message': 'charlie commented on your thread', 'reference_id': 89}
2026-04-05 01:16:58,390 [app.kafka_producer] INFO: Sent to comment-events: {'broadcast': True, 'type': 'new_comment_broadcast', 'comment': {'id': 89, 'content': 'This reminded me of a talk I saw at PyCon. Very relevant.', 'thread_id': 18, 'author': {'id': 3, 'username': 'charlie', 'avatar': None}, 'parent_comment_id': None, 'created_at': '2026-04-05 01:16:58.357091', 'updated_at': '2026-04-05 01:16:58.357091', 'like_count': 0, 'liked_by_me': False, 'reply_count': 0, 'replies': []}}
2026-04-05 01:16:58,437 [httpx] INFO: HTTP Request: GET http://thread_service:8003/threads/18 "HTTP/1.1 200 OK"
2026-04-05 01:16:58,439 [app.kafka_producer] INFO: Sent to comment-events: {'event': 'new_comment', 'user_id': 18, 'type': 'new_comment', 'message': 'tina commented on your thread', 'reference_id': 90}
2026-04-05 01:16:58,441 [app.kafka_producer] INFO: Sent to comment-events: {'broadcast': True, 'type': 'new_comment_broadcast', 'comment': {'id': 90, 'content': 'I respectfully disagree. In my experience the opposite is true at scale.', 'thread_id': 18, 'author': {'id': 20, 'username': 'tina', 'avatar': None}, 'parent_comment_id': None, 'created_at': '2026-04-05 01:16:58.408123', 'updated_at': '2026-04-05 01:16:58.408123', 'like_count': 0, 'liked_by_me': False, 'reply_count': 0, 'replies': []}}
2026-04-05 01:16:58,501 [httpx] INFO: HTTP Request: GET http://thread_service:8003/threads/18 "HTTP/1.1 200 OK"
2026-04-05 01:16:58,504 [app.kafka_producer] INFO: Sent to comment-events: {'event': 'new_comment', 'user_id': 18, 'type': 'new_comment', 'message': 'charlie commented on your thread', 'reference_id': 91}
2026-04-05 01:16:58,506 [app.kafka_producer] INFO: Sent to comment-events: {'broadcast': True, 'type': 'new_comment_broadcast', 'comment': {'id': 91, 'content': 'Nice! Would love to see a follow-up thread on advanced use cases.', 'thread_id': 18, 'author': {'id': 3, 'username': 'charlie', 'avatar': None}, 'parent_comment_id': None, 'created_at': '2026-04-05 01:16:58.457584', 'updated_at': '2026-04-05 01:16:58.457584', 'like_count': 0, 'liked_by_me': False, 'reply_count': 0, 'replies': []}}
2026-04-05 01:16:58,560 [httpx] INFO: HTTP Request: GET http://thread_service:8003/threads/19 "HTTP/1.1 200 OK"
2026-04-05 01:16:58,564 [app.kafka_producer] INFO: Sent to comment-events: {'event': 'new_comment', 'user_id': 19, 'type': 'new_comment', 'message': 'tina commented on your thread', 'reference_id': 92}
2026-04-05 01:16:58,567 [app.kafka_producer] INFO: Sent to comment-events: {'broadcast': True, 'type': 'new_comment_broadcast', 'comment': {'id': 92, 'content': "Can you elaborate more on this? I'd love to understand the internals.", 'thread_id': 19, 'author': {'id': 20, 'username': 'tina', 'avatar': None}, 'parent_comment_id': None, 'created_at': '2026-04-05 01:16:58.525640', 'updated_at': '2026-04-05 01:16:58.525640', 'like_count': 0, 'liked_by_me': False, 'reply_count': 0, 'replies': []}}
2026-04-05 01:16:58,612 [httpx] INFO: HTTP Request: GET http://thread_service:8003/threads/19 "HTTP/1.1 200 OK"
2026-04-05 01:16:58,614 [app.kafka_producer] INFO: Sent to comment-events: {'event': 'new_comment', 'user_id': 19, 'type': 'new_comment', 'message': 'mia commented on your thread', 'reference_id': 93}
2026-04-05 01:16:58,616 [app.kafka_producer] INFO: Sent to comment-events: {'broadcast': True, 'type': 'new_comment_broadcast', 'comment': {'id': 93, 'content': 'Underrated topic! More people should be talking about this.', 'thread_id': 19, 'author': {'id': 13, 'username': 'mia', 'avatar': None}, 'parent_comment_id': None, 'created_at': '2026-04-05 01:16:58.583235', 'updated_at': '2026-04-05 01:16:58.583235', 'like_count': 0, 'liked_by_me': False, 'reply_count': 0, 'replies': []}}
2026-04-05 01:16:58,663 [httpx] INFO: HTTP Request: GET http://thread_service:8003/threads/19 "HTTP/1.1 200 OK"
2026-04-05 01:16:58,666 [app.kafka_producer] INFO: Sent to comment-events: {'event': 'new_comment', 'user_id': 19, 'type': 'new_comment', 'message': 'alice commented on your thread', 'reference_id': 94}
2026-04-05 01:16:58,668 [app.kafka_producer] INFO: Sent to comment-events: {'broadcast': True, 'type': 'new_comment_broadcast', 'comment': {'id': 94, 'content': 'Thanks for sharing! This saved me hours of debugging.', 'thread_id': 19, 'author': {'id': 1, 'username': 'alice', 'avatar': None}, 'parent_comment_id': None, 'created_at': '2026-04-05 01:16:58.633554', 'updated_at': '2026-04-05 01:16:58.633554', 'like_count': 0, 'liked_by_me': False, 'reply_count': 0, 'replies': []}}
2026-04-05 01:16:58,714 [httpx] INFO: HTTP Request: GET http://thread_service:8003/threads/19 "HTTP/1.1 200 OK"
2026-04-05 01:16:58,717 [app.kafka_producer] INFO: Sent to comment-events: {'event': 'new_comment', 'user_id': 19, 'type': 'new_comment', 'message': 'alice commented on your thread', 'reference_id': 95}
2026-04-05 01:16:58,719 [app.kafka_producer] INFO: Sent to comment-events: {'broadcast': True, 'type': 'new_comment_broadcast', 'comment': {'id': 95, 'content': 'Solid advice. We adopted this pattern last quarter and it worked great.', 'thread_id': 19, 'author': {'id': 1, 'username': 'alice', 'avatar': None}, 'parent_comment_id': None, 'created_at': '2026-04-05 01:16:58.684765', 'updated_at': '2026-04-05 01:16:58.684765', 'like_count': 0, 'liked_by_me': False, 'reply_count': 0, 'replies': []}}
2026-04-05 01:16:58,766 [httpx] INFO: HTTP Request: GET http://thread_service:8003/threads/20 "HTTP/1.1 200 OK"
2026-04-05 01:16:58,769 [app.kafka_producer] INFO: Sent to comment-events: {'event': 'new_comment', 'user_id': 20, 'type': 'new_comment', 'message': 'rachel commented on your thread', 'reference_id': 96}
2026-04-05 01:16:58,771 [app.kafka_producer] INFO: Sent to comment-events: {'broadcast': True, 'type': 'new_comment_broadcast', 'comment': {'id': 96, 'content': "I had a similar experience. Here's what worked for me in production.", 'thread_id': 20, 'author': {'id': 18, 'username': 'rachel', 'avatar': None}, 'parent_comment_id': None, 'created_at': '2026-04-05 01:16:58.736469', 'updated_at': '2026-04-05 01:16:58.736469', 'like_count': 0, 'liked_by_me': False, 'reply_count': 0, 'replies': []}}
2026-04-05 01:16:58,816 [httpx] INFO: HTTP Request: GET http://thread_service:8003/threads/20 "HTTP/1.1 200 OK"
2026-04-05 01:16:58,819 [app.kafka_producer] INFO: Sent to comment-events: {'event': 'new_comment', 'user_id': 20, 'type': 'new_comment', 'message': 'rachel commented on your thread', 'reference_id': 97}
2026-04-05 01:16:58,822 [app.kafka_producer] INFO: Sent to comment-events: {'broadcast': True, 'type': 'new_comment_broadcast', 'comment': {'id': 97, 'content': "Has anyone benchmarked this? I'm curious about the performance impact.", 'thread_id': 20, 'author': {'id': 18, 'username': 'rachel', 'avatar': None}, 'parent_comment_id': None, 'created_at': '2026-04-05 01:16:58.786897', 'updated_at': '2026-04-05 01:16:58.786897', 'like_count': 0, 'liked_by_me': False, 'reply_count': 0, 'replies': []}}
2026-04-05 01:16:58,866 [httpx] INFO: HTTP Request: GET http://thread_service:8003/threads/20 "HTTP/1.1 200 OK"
2026-04-05 01:16:58,869 [app.kafka_producer] INFO: Sent to comment-events: {'event': 'new_comment', 'user_id': 20, 'type': 'new_comment', 'message': 'noah commented on your thread', 'reference_id': 98}
2026-04-05 01:16:58,872 [app.kafka_producer] INFO: Sent to comment-events: {'broadcast': True, 'type': 'new_comment_broadcast', 'comment': {'id': 98, 'content': "I had a similar experience. Here's what worked for me in production.", 'thread_id': 20, 'author': {'id': 14, 'username': 'noah', 'avatar': None}, 'parent_comment_id': None, 'created_at': '2026-04-05 01:16:58.838551', 'updated_at': '2026-04-05 01:16:58.838551', 'like_count': 0, 'liked_by_me': False, 'reply_count': 0, 'replies': []}}
2026-04-05 01:16:58,919 [httpx] INFO: HTTP Request: GET http://thread_service:8003/threads/20 "HTTP/1.1 200 OK"
2026-04-05 01:16:58,922 [app.kafka_producer] INFO: Sent to comment-events: {'event': 'new_comment', 'user_id': 20, 'type': 'new_comment', 'message': 'diana commented on your thread', 'reference_id': 99}
2026-04-05 01:16:58,925 [app.kafka_producer] INFO: Sent to comment-events: {'broadcast': True, 'type': 'new_comment_broadcast', 'comment': {'id': 99, 'content': 'We use a similar setup at work. One gotcha to watch out for is memory leaks.', 'thread_id': 20, 'author': {'id': 4, 'username': 'diana', 'avatar': None}, 'parent_comment_id': None, 'created_at': '2026-04-05 01:16:58.889309', 'updated_at': '2026-04-05 01:16:58.889309', 'like_count': 0, 'liked_by_me': False, 'reply_count': 0, 'replies': []}}
2026-04-05 01:16:58,968 [httpx] INFO: HTTP Request: GET http://thread_service:8003/threads/20 "HTTP/1.1 200 OK"
2026-04-05 01:16:58,971 [app.kafka_producer] INFO: Sent to comment-events: {'broadcast': True, 'type': 'new_comment_broadcast', 'comment': {'id': 100, 'content': 'Thanks for sharing! This saved me hours of debugging.', 'thread_id': 20, 'author': {'id': 20, 'username': 'tina', 'avatar': None}, 'parent_comment_id': None, 'created_at': '2026-04-05 01:16:58.941421', 'updated_at': '2026-04-05 01:16:58.941421', 'like_count': 0, 'liked_by_me': False, 'reply_count': 0, 'replies': []}}
2026-04-05 01:16:59,016 [httpx] INFO: HTTP Request: GET http://thread_service:8003/threads/20 "HTTP/1.1 200 OK"
2026-04-05 01:16:59,020 [app.kafka_producer] INFO: Sent to comment-events: {'event': 'new_comment', 'user_id': 20, 'type': 'new_comment', 'message': 'leo commented on your thread', 'reference_id': 101}
2026-04-05 01:16:59,022 [app.kafka_producer] INFO: Sent to comment-events: {'broadcast': True, 'type': 'new_comment_broadcast', 'comment': {'id': 101, 'content': 'This reminded me of a talk I saw at PyCon. Very relevant.', 'thread_id': 20, 'author': {'id': 12, 'username': 'leo', 'avatar': None}, 'parent_comment_id': None, 'created_at': '2026-04-05 01:16:58.987615', 'updated_at': '2026-04-05 01:16:58.987615', 'like_count': 0, 'liked_by_me': False, 'reply_count': 0, 'replies': []}}
2026-04-05 01:16:59,049 [app.kafka_producer] INFO: Sent to comment-events: {'event': 'comment_reply', 'user_id': 8, 'type': 'comment_reply', 'message': 'alice replied to your comment', 'reference_id': 102}
2026-04-05 01:16:59,079 [httpx] INFO: HTTP Request: GET http://thread_service:8003/threads/8 "HTTP/1.1 200 OK"
2026-04-05 01:16:59,083 [app.kafka_producer] INFO: Sent to comment-events: {'broadcast': True, 'type': 'new_comment_broadcast', 'comment': {'id': 102, 'content': '@henry Good catch — I missed that detail. Updated my approach.', 'thread_id': 8, 'author': {'id': 1, 'username': 'alice', 'avatar': None}, 'parent_comment_id': 43, 'created_at': '2026-04-05 01:16:59.039250', 'updated_at': '2026-04-05 01:16:59.039250', 'like_count': 0, 'liked_by_me': False, 'reply_count': 0, 'replies': []}}
2026-04-05 01:16:59,089 [app.kafka_producer] INFO: Sent to comment-events: {'event': 'mention', 'user_id': 8, 'type': 'mention', 'message': 'alice mentioned you in a comment', 'reference_id': 102}
2026-04-05 01:16:59,114 [app.kafka_producer] INFO: Sent to comment-events: {'event': 'comment_reply', 'user_id': 19, 'type': 'comment_reply', 'message': 'eve replied to your comment', 'reference_id': 103}
2026-04-05 01:16:59,139 [httpx] INFO: HTTP Request: GET http://thread_service:8003/threads/12 "HTTP/1.1 200 OK"
2026-04-05 01:16:59,142 [app.kafka_producer] INFO: Sent to comment-events: {'event': 'new_comment', 'user_id': 12, 'type': 'new_comment', 'message': 'eve commented on your thread', 'reference_id': 103}
2026-04-05 01:16:59,144 [app.kafka_producer] INFO: Sent to comment-events: {'broadcast': True, 'type': 'new_comment_broadcast', 'comment': {'id': 103, 'content': 'Exactly! This is the pattern we follow too.', 'thread_id': 12, 'author': {'id': 5, 'username': 'eve', 'avatar': None}, 'parent_comment_id': 62, 'created_at': '2026-04-05 01:16:59.105875', 'updated_at': '2026-04-05 01:16:59.105875', 'like_count': 0, 'liked_by_me': False, 'reply_count': 0, 'replies': []}}
2026-04-05 01:16:59,170 [app.kafka_producer] INFO: Sent to comment-events: {'event': 'comment_reply', 'user_id': 1, 'type': 'comment_reply', 'message': 'tina replied to your comment', 'reference_id': 104}
2026-04-05 01:16:59,193 [httpx] INFO: HTTP Request: GET http://thread_service:8003/threads/19 "HTTP/1.1 200 OK"
2026-04-05 01:16:59,195 [app.kafka_producer] INFO: Sent to comment-events: {'event': 'new_comment', 'user_id': 19, 'type': 'new_comment', 'message': 'tina commented on your thread', 'reference_id': 104}
2026-04-05 01:16:59,198 [app.kafka_producer] INFO: Sent to comment-events: {'broadcast': True, 'type': 'new_comment_broadcast', 'comment': {'id': 104, 'content': "Well said! I couldn't agree more.", 'thread_id': 19, 'author': {'id': 20, 'username': 'tina', 'avatar': None}, 'parent_comment_id': 95, 'created_at': '2026-04-05 01:16:59.162007', 'updated_at': '2026-04-05 01:16:59.162007', 'like_count': 0, 'liked_by_me': False, 'reply_count': 0, 'replies': []}}
2026-04-05 01:16:59,229 [app.kafka_producer] INFO: Sent to comment-events: {'event': 'comment_reply', 'user_id': 11, 'type': 'comment_reply', 'message': 'charlie replied to your comment', 'reference_id': 105}
2026-04-05 01:16:59,260 [httpx] INFO: HTTP Request: GET http://thread_service:8003/threads/3 "HTTP/1.1 200 OK"
2026-04-05 01:16:59,265 [app.kafka_producer] INFO: Sent to comment-events: {'broadcast': True, 'type': 'new_comment_broadcast', 'comment': {'id': 105, 'content': '@karen Exactly! This is the pattern we follow too.', 'thread_id': 3, 'author': {'id': 3, 'username': 'charlie', 'avatar': None}, 'parent_comment_id': 17, 'created_at': '2026-04-05 01:16:59.218372', 'updated_at': '2026-04-05 01:16:59.218372', 'like_count': 0, 'liked_by_me': False, 'reply_count': 0, 'replies': []}}
2026-04-05 01:16:59,271 [app.kafka_producer] INFO: Sent to comment-events: {'event': 'mention', 'user_id': 11, 'type': 'mention', 'message': 'charlie mentioned you in a comment', 'reference_id': 105}
2026-04-05 01:16:59,306 [app.kafka_producer] INFO: Sent to comment-events: {'event': 'comment_reply', 'user_id': 10, 'type': 'comment_reply', 'message': 'grace replied to your comment', 'reference_id': 106}
2026-04-05 01:16:59,350 [httpx] INFO: HTTP Request: GET http://thread_service:8003/threads/9 "HTTP/1.1 200 OK"
2026-04-05 01:16:59,353 [app.kafka_producer] INFO: Sent to comment-events: {'event': 'new_comment', 'user_id': 9, 'type': 'new_comment', 'message': 'grace commented on your thread', 'reference_id': 106}
2026-04-05 01:16:59,356 [app.kafka_producer] INFO: Sent to comment-events: {'broadcast': True, 'type': 'new_comment_broadcast', 'comment': {'id': 106, 'content': 'Thanks for the reply — that clears things up.', 'thread_id': 9, 'author': {'id': 7, 'username': 'grace', 'avatar': None}, 'parent_comment_id': 47, 'created_at': '2026-04-05 01:16:59.294289', 'updated_at': '2026-04-05 01:16:59.294289', 'like_count': 0, 'liked_by_me': False, 'reply_count': 0, 'replies': []}}
2026-04-05 01:16:59,381 [app.kafka_producer] INFO: Sent to comment-events: {'event': 'comment_reply', 'user_id': 2, 'type': 'comment_reply', 'message': 'henry replied to your comment', 'reference_id': 107}
2026-04-05 01:16:59,405 [httpx] INFO: HTTP Request: GET http://thread_service:8003/threads/12 "HTTP/1.1 200 OK"
2026-04-05 01:16:59,408 [app.kafka_producer] INFO: Sent to comment-events: {'event': 'new_comment', 'user_id': 12, 'type': 'new_comment', 'message': 'henry commented on your thread', 'reference_id': 107}
2026-04-05 01:16:59,409 [app.kafka_producer] INFO: Sent to comment-events: {'broadcast': True, 'type': 'new_comment_broadcast', 'comment': {'id': 107, 'content': 'Thanks for the reply — that clears things up.', 'thread_id': 12, 'author': {'id': 8, 'username': 'henry', 'avatar': None}, 'parent_comment_id': 64, 'created_at': '2026-04-05 01:16:59.372504', 'updated_at': '2026-04-05 01:16:59.372504', 'like_count': 0, 'liked_by_me': False, 'reply_count': 0, 'replies': []}}
2026-04-05 01:16:59,435 [app.kafka_producer] INFO: Sent to comment-events: {'event': 'comment_reply', 'user_id': 4, 'type': 'comment_reply', 'message': 'noah replied to your comment', 'reference_id': 108}
2026-04-05 01:16:59,460 [httpx] INFO: HTTP Request: GET http://thread_service:8003/threads/7 "HTTP/1.1 200 OK"
2026-04-05 01:16:59,463 [app.kafka_producer] INFO: Sent to comment-events: {'event': 'new_comment', 'user_id': 7, 'type': 'new_comment', 'message': 'noah commented on your thread', 'reference_id': 108}
2026-04-05 01:16:59,466 [app.kafka_producer] INFO: Sent to comment-events: {'broadcast': True, 'type': 'new_comment_broadcast', 'comment': {'id': 108, 'content': 'Let me test this out and report back.', 'thread_id': 7, 'author': {'id': 14, 'username': 'noah', 'avatar': None}, 'parent_comment_id': 35, 'created_at': '2026-04-05 01:16:59.426393', 'updated_at': '2026-04-05 01:16:59.426393', 'like_count': 0, 'liked_by_me': False, 'reply_count': 0, 'replies': []}}
2026-04-05 01:16:59,493 [app.kafka_producer] INFO: Sent to comment-events: {'event': 'comment_reply', 'user_id': 9, 'type': 'comment_reply', 'message': 'henry replied to your comment', 'reference_id': 109}
2026-04-05 01:16:59,518 [httpx] INFO: HTTP Request: GET http://thread_service:8003/threads/7 "HTTP/1.1 200 OK"
2026-04-05 01:16:59,520 [app.kafka_producer] INFO: Sent to comment-events: {'event': 'new_comment', 'user_id': 7, 'type': 'new_comment', 'message': 'henry commented on your thread', 'reference_id': 109}
2026-04-05 01:16:59,522 [app.kafka_producer] INFO: Sent to comment-events: {'broadcast': True, 'type': 'new_comment_broadcast', 'comment': {'id': 109, 'content': '@ivy Good catch — I missed that detail. Updated my approach.', 'thread_id': 7, 'author': {'id': 8, 'username': 'henry', 'avatar': None}, 'parent_comment_id': 34, 'created_at': '2026-04-05 01:16:59.485396', 'updated_at': '2026-04-05 01:16:59.485396', 'like_count': 0, 'liked_by_me': False, 'reply_count': 0, 'replies': []}}
2026-04-05 01:16:59,525 [app.kafka_producer] INFO: Sent to comment-events: {'event': 'mention', 'user_id': 9, 'type': 'mention', 'message': 'henry mentioned you in a comment', 'reference_id': 109}
2026-04-05 01:16:59,574 [app.kafka_producer] INFO: Sent to comment-events: {'event': 'comment_reply', 'user_id': 7, 'type': 'comment_reply', 'message': 'leo replied to your comment', 'reference_id': 110}
2026-04-05 01:16:59,597 [httpx] INFO: HTTP Request: GET http://thread_service:8003/threads/2 "HTTP/1.1 200 OK"
2026-04-05 01:16:59,599 [app.kafka_producer] INFO: Sent to comment-events: {'event': 'new_comment', 'user_id': 2, 'type': 'new_comment', 'message': 'leo commented on your thread', 'reference_id': 110}
2026-04-05 01:16:59,601 [app.kafka_producer] INFO: Sent to comment-events: {'broadcast': True, 'type': 'new_comment_broadcast', 'comment': {'id': 110, 'content': '@grace Let me test this out and report back.', 'thread_id': 2, 'author': {'id': 12, 'username': 'leo', 'avatar': None}, 'parent_comment_id': 8, 'created_at': '2026-04-05 01:16:59.565022', 'updated_at': '2026-04-05 01:16:59.565022', 'like_count': 0, 'liked_by_me': False, 'reply_count': 0, 'replies': []}}
2026-04-05 01:16:59,604 [app.kafka_producer] INFO: Sent to comment-events: {'event': 'mention', 'user_id': 7, 'type': 'mention', 'message': 'leo mentioned you in a comment', 'reference_id': 110}
2026-04-05 01:16:59,627 [app.kafka_producer] INFO: Sent to comment-events: {'event': 'comment_reply', 'user_id': 17, 'type': 'comment_reply', 'message': 'tina replied to your comment', 'reference_id': 111}
2026-04-05 01:16:59,649 [httpx] INFO: HTTP Request: GET http://thread_service:8003/threads/5 "HTTP/1.1 200 OK"
2026-04-05 01:16:59,651 [app.kafka_producer] INFO: Sent to comment-events: {'event': 'new_comment', 'user_id': 5, 'type': 'new_comment', 'message': 'tina commented on your thread', 'reference_id': 111}
2026-04-05 01:16:59,653 [app.kafka_producer] INFO: Sent to comment-events: {'broadcast': True, 'type': 'new_comment_broadcast', 'comment': {'id': 111, 'content': '@quinn Hmm, I see your point but what about edge cases in production?', 'thread_id': 5, 'author': {'id': 20, 'username': 'tina', 'avatar': None}, 'parent_comment_id': 23, 'created_at': '2026-04-05 01:16:59.620305', 'updated_at': '2026-04-05 01:16:59.620305', 'like_count': 0, 'liked_by_me': False, 'reply_count': 0, 'replies': []}}
2026-04-05 01:16:59,655 [app.kafka_producer] INFO: Sent to comment-events: {'event': 'mention', 'user_id': 17, 'type': 'mention', 'message': 'tina mentioned you in a comment', 'reference_id': 111}
2026-04-05 01:16:59,680 [app.kafka_producer] INFO: Sent to comment-events: {'event': 'comment_reply', 'user_id': 1, 'type': 'comment_reply', 'message': 'eve replied to your comment', 'reference_id': 112}
2026-04-05 01:16:59,702 [httpx] INFO: HTTP Request: GET http://thread_service:8003/threads/15 "HTTP/1.1 200 OK"
2026-04-05 01:16:59,705 [app.kafka_producer] INFO: Sent to comment-events: {'event': 'new_comment', 'user_id': 15, 'type': 'new_comment', 'message': 'eve commented on your thread', 'reference_id': 112}
2026-04-05 01:16:59,708 [app.kafka_producer] INFO: Sent to comment-events: {'broadcast': True, 'type': 'new_comment_broadcast', 'comment': {'id': 112, 'content': 'Good catch — I missed that detail. Updated my approach.', 'thread_id': 15, 'author': {'id': 5, 'username': 'eve', 'avatar': None}, 'parent_comment_id': 76, 'created_at': '2026-04-05 01:16:59.671161', 'updated_at': '2026-04-05 01:16:59.671161', 'like_count': 0, 'liked_by_me': False, 'reply_count': 0, 'replies': []}}
2026-04-05 01:16:59,731 [app.kafka_producer] INFO: Sent to comment-events: {'event': 'comment_reply', 'user_id': 13, 'type': 'comment_reply', 'message': 'olivia replied to your comment', 'reference_id': 113}
2026-04-05 01:16:59,755 [httpx] INFO: HTTP Request: GET http://thread_service:8003/threads/14 "HTTP/1.1 200 OK"
2026-04-05 01:16:59,758 [app.kafka_producer] INFO: Sent to comment-events: {'event': 'new_comment', 'user_id': 14, 'type': 'new_comment', 'message': 'olivia commented on your thread', 'reference_id': 113}
2026-04-05 01:16:59,761 [app.kafka_producer] INFO: Sent to comment-events: {'broadcast': True, 'type': 'new_comment_broadcast', 'comment': {'id': 113, 'content': '@mia Exactly! This is the pattern we follow too.', 'thread_id': 14, 'author': {'id': 15, 'username': 'olivia', 'avatar': None}, 'parent_comment_id': 71, 'created_at': '2026-04-05 01:16:59.722527', 'updated_at': '2026-04-05 01:16:59.722527', 'like_count': 0, 'liked_by_me': False, 'reply_count': 0, 'replies': []}}
2026-04-05 01:16:59,764 [app.kafka_producer] INFO: Sent to comment-events: {'event': 'mention', 'user_id': 13, 'type': 'mention', 'message': 'olivia mentioned you in a comment', 'reference_id': 113}
2026-04-05 01:16:59,789 [app.kafka_producer] INFO: Sent to comment-events: {'event': 'comment_reply', 'user_id': 12, 'type': 'comment_reply', 'message': 'olivia replied to your comment', 'reference_id': 114}
2026-04-05 01:16:59,813 [httpx] INFO: HTTP Request: GET http://thread_service:8003/threads/2 "HTTP/1.1 200 OK"
2026-04-05 01:16:59,815 [app.kafka_producer] INFO: Sent to comment-events: {'event': 'new_comment', 'user_id': 2, 'type': 'new_comment', 'message': 'olivia commented on your thread', 'reference_id': 114}
2026-04-05 01:16:59,817 [app.kafka_producer] INFO: Sent to comment-events: {'broadcast': True, 'type': 'new_comment_broadcast', 'comment': {'id': 114, 'content': 'Hmm, I see your point but what about edge cases in production?', 'thread_id': 2, 'author': {'id': 15, 'username': 'olivia', 'avatar': None}, 'parent_comment_id': 7, 'created_at': '2026-04-05 01:16:59.780852', 'updated_at': '2026-04-05 01:16:59.780852', 'like_count': 0, 'liked_by_me': False, 'reply_count': 0, 'replies': []}}
2026-04-05 01:16:59,840 [app.kafka_producer] INFO: Sent to comment-events: {'event': 'comment_reply', 'user_id': 15, 'type': 'comment_reply', 'message': 'peter replied to your comment', 'reference_id': 115}
2026-04-05 01:16:59,863 [httpx] INFO: HTTP Request: GET http://thread_service:8003/threads/7 "HTTP/1.1 200 OK"
2026-04-05 01:16:59,865 [app.kafka_producer] INFO: Sent to comment-events: {'event': 'new_comment', 'user_id': 7, 'type': 'new_comment', 'message': 'peter commented on your thread', 'reference_id': 115}
2026-04-05 01:16:59,866 [app.kafka_producer] INFO: Sent to comment-events: {'broadcast': True, 'type': 'new_comment_broadcast', 'comment': {'id': 115, 'content': '@olivia Exactly! This is the pattern we follow too.', 'thread_id': 7, 'author': {'id': 16, 'username': 'peter', 'avatar': None}, 'parent_comment_id': 36, 'created_at': '2026-04-05 01:16:59.832946', 'updated_at': '2026-04-05 01:16:59.832946', 'like_count': 0, 'liked_by_me': False, 'reply_count': 0, 'replies': []}}
2026-04-05 01:16:59,869 [app.kafka_producer] INFO: Sent to comment-events: {'event': 'mention', 'user_id': 15, 'type': 'mention', 'message': 'peter mentioned you in a comment', 'reference_id': 115}
2026-04-05 01:16:59,893 [app.kafka_producer] INFO: Sent to comment-events: {'event': 'comment_reply', 'user_id': 3, 'type': 'comment_reply', 'message': 'jack replied to your comment', 'reference_id': 116}
2026-04-05 01:16:59,929 [httpx] INFO: HTTP Request: GET http://thread_service:8003/threads/17 "HTTP/1.1 200 OK"
2026-04-05 01:16:59,932 [app.kafka_producer] INFO: Sent to comment-events: {'event': 'new_comment', 'user_id': 17, 'type': 'new_comment', 'message': 'jack commented on your thread', 'reference_id': 116}
2026-04-05 01:16:59,933 [app.kafka_producer] INFO: Sent to comment-events: {'broadcast': True, 'type': 'new_comment_broadcast', 'comment': {'id': 116, 'content': 'Exactly! This is the pattern we follow too.', 'thread_id': 17, 'author': {'id': 10, 'username': 'jack', 'avatar': None}, 'parent_comment_id': 85, 'created_at': '2026-04-05 01:16:59.884034', 'updated_at': '2026-04-05 01:16:59.884034', 'like_count': 0, 'liked_by_me': False, 'reply_count': 0, 'replies': []}}
2026-04-05 01:16:59,956 [app.kafka_producer] INFO: Sent to comment-events: {'event': 'comment_reply', 'user_id': 4, 'type': 'comment_reply', 'message': 'jack replied to your comment', 'reference_id': 117}
2026-04-05 01:16:59,980 [httpx] INFO: HTTP Request: GET http://thread_service:8003/threads/11 "HTTP/1.1 200 OK"
2026-04-05 01:16:59,982 [app.kafka_producer] INFO: Sent to comment-events: {'event': 'new_comment', 'user_id': 11, 'type': 'new_comment', 'message': 'jack commented on your thread', 'reference_id': 117}
2026-04-05 01:16:59,985 [app.kafka_producer] INFO: Sent to comment-events: {'broadcast': True, 'type': 'new_comment_broadcast', 'comment': {'id': 117, 'content': 'Let me test this out and report back.', 'thread_id': 11, 'author': {'id': 10, 'username': 'jack', 'avatar': None}, 'parent_comment_id': 58, 'created_at': '2026-04-05 01:16:59.949055', 'updated_at': '2026-04-05 01:16:59.949055', 'like_count': 0, 'liked_by_me': False, 'reply_count': 0, 'replies': []}}
2026-04-05 01:17:00,014 [app.kafka_producer] INFO: Sent to comment-events: {'event': 'comment_reply', 'user_id': 18, 'type': 'comment_reply', 'message': 'eve replied to your comment', 'reference_id': 118}
2026-04-05 01:17:00,036 [httpx] INFO: HTTP Request: GET http://thread_service:8003/threads/13 "HTTP/1.1 200 OK"
2026-04-05 01:17:00,038 [app.kafka_producer] INFO: Sent to comment-events: {'event': 'new_comment', 'user_id': 13, 'type': 'new_comment', 'message': 'eve commented on your thread', 'reference_id': 118}
2026-04-05 01:17:00,040 [app.kafka_producer] INFO: Sent to comment-events: {'broadcast': True, 'type': 'new_comment_broadcast', 'comment': {'id': 118, 'content': '@rachel Hmm, I see your point but what about edge cases in production?', 'thread_id': 13, 'author': {'id': 5, 'username': 'eve', 'avatar': None}, 'parent_comment_id': 70, 'created_at': '2026-04-05 01:17:00.005929', 'updated_at': '2026-04-05 01:17:00.005929', 'like_count': 0, 'liked_by_me': False, 'reply_count': 0, 'replies': []}}
2026-04-05 01:17:00,043 [app.kafka_producer] INFO: Sent to comment-events: {'event': 'mention', 'user_id': 18, 'type': 'mention', 'message': 'eve mentioned you in a comment', 'reference_id': 118}
2026-04-05 01:17:00,067 [app.kafka_producer] INFO: Sent to comment-events: {'event': 'comment_reply', 'user_id': 1, 'type': 'comment_reply', 'message': 'peter replied to your comment', 'reference_id': 119}
2026-04-05 01:17:00,091 [httpx] INFO: HTTP Request: GET http://thread_service:8003/threads/5 "HTTP/1.1 200 OK"
2026-04-05 01:17:00,094 [app.kafka_producer] INFO: Sent to comment-events: {'event': 'new_comment', 'user_id': 5, 'type': 'new_comment', 'message': 'peter commented on your thread', 'reference_id': 119}
2026-04-05 01:17:00,097 [app.kafka_producer] INFO: Sent to comment-events: {'broadcast': True, 'type': 'new_comment_broadcast', 'comment': {'id': 119, 'content': 'Good catch — I missed that detail. Updated my approach.', 'thread_id': 5, 'author': {'id': 16, 'username': 'peter', 'avatar': None}, 'parent_comment_id': 25, 'created_at': '2026-04-05 01:17:00.059447', 'updated_at': '2026-04-05 01:17:00.059447', 'like_count': 0, 'liked_by_me': False, 'reply_count': 0, 'replies': []}}
2026-04-05 01:17:00,119 [app.kafka_producer] INFO: Sent to comment-events: {'event': 'comment_reply', 'user_id': 4, 'type': 'comment_reply', 'message': 'eve replied to your comment', 'reference_id': 120}
2026-04-05 01:17:00,141 [httpx] INFO: HTTP Request: GET http://thread_service:8003/threads/20 "HTTP/1.1 200 OK"
2026-04-05 01:17:00,143 [app.kafka_producer] INFO: Sent to comment-events: {'event': 'new_comment', 'user_id': 20, 'type': 'new_comment', 'message': 'eve commented on your thread', 'reference_id': 120}
2026-04-05 01:17:00,145 [app.kafka_producer] INFO: Sent to comment-events: {'broadcast': True, 'type': 'new_comment_broadcast', 'comment': {'id': 120, 'content': "@diana Well said! I couldn't agree more.", 'thread_id': 20, 'author': {'id': 5, 'username': 'eve', 'avatar': None}, 'parent_comment_id': 99, 'created_at': '2026-04-05 01:17:00.112757', 'updated_at': '2026-04-05 01:17:00.112757', 'like_count': 0, 'liked_by_me': False, 'reply_count': 0, 'replies': []}}
2026-04-05 01:17:00,148 [app.kafka_producer] INFO: Sent to comment-events: {'event': 'mention', 'user_id': 4, 'type': 'mention', 'message': 'eve mentioned you in a comment', 'reference_id': 120}
2026-04-05 01:17:00,172 [app.kafka_producer] INFO: Sent to comment-events: {'event': 'comment_reply', 'user_id': 3, 'type': 'comment_reply', 'message': 'noah replied to your comment', 'reference_id': 121}
2026-04-05 01:17:00,195 [httpx] INFO: HTTP Request: GET http://thread_service:8003/threads/7 "HTTP/1.1 200 OK"
2026-04-05 01:17:00,198 [app.kafka_producer] INFO: Sent to comment-events: {'event': 'new_comment', 'user_id': 7, 'type': 'new_comment', 'message': 'noah commented on your thread', 'reference_id': 121}
2026-04-05 01:17:00,200 [app.kafka_producer] INFO: Sent to comment-events: {'broadcast': True, 'type': 'new_comment_broadcast', 'comment': {'id': 121, 'content': '@charlie Let me test this out and report back.', 'thread_id': 7, 'author': {'id': 14, 'username': 'noah', 'avatar': None}, 'parent_comment_id': 37, 'created_at': '2026-04-05 01:17:00.164928', 'updated_at': '2026-04-05 01:17:00.164928', 'like_count': 0, 'liked_by_me': False, 'reply_count': 0, 'replies': []}}
2026-04-05 01:17:00,203 [app.kafka_producer] INFO: Sent to comment-events: {'event': 'mention', 'user_id': 3, 'type': 'mention', 'message': 'noah mentioned you in a comment', 'reference_id': 121}
2026-04-05 01:17:00,230 [app.kafka_producer] INFO: Sent to comment-events: {'broadcast': True, 'type': 'comment_like_update', 'comment_id': 92, 'thread_id': 19, 'like_count': 1}
2026-04-05 01:17:00,232 [app.kafka_producer] INFO: Sent to comment-events: {'event': 'comment_liked', 'user_id': 20, 'actor_id': 19, 'type': 'comment_like', 'message': 'sam liked your comment', 'reference_id': 92}
2026-04-05 01:17:00,254 [httpx] INFO: HTTP Request: GET http://thread_service:8003/threads/19 "HTTP/1.1 200 OK"
2026-04-05 01:17:00,278 [app.kafka_producer] INFO: Sent to comment-events: {'broadcast': True, 'type': 'comment_like_update', 'comment_id': 70, 'thread_id': 13, 'like_count': 1}
2026-04-05 01:17:00,280 [app.kafka_producer] INFO: Sent to comment-events: {'event': 'comment_liked', 'user_id': 18, 'actor_id': 10, 'type': 'comment_like', 'message': 'jack liked your comment', 'reference_id': 70}
2026-04-05 01:17:00,302 [httpx] INFO: HTTP Request: GET http://thread_service:8003/threads/13 "HTTP/1.1 200 OK"
2026-04-05 01:17:00,304 [app.kafka_producer] INFO: Sent to comment-events: {'event': 'comment_liked_on_thread', 'user_id': 13, 'type': 'comment_like', 'message': 'jack liked a comment on your thread', 'reference_id': 70}
2026-04-05 01:17:00,330 [app.kafka_producer] INFO: Sent to comment-events: {'broadcast': True, 'type': 'comment_like_update', 'comment_id': 61, 'thread_id': 12, 'like_count': 1}
2026-04-05 01:17:00,332 [app.kafka_producer] INFO: Sent to comment-events: {'event': 'comment_liked', 'user_id': 2, 'actor_id': 6, 'type': 'comment_like', 'message': 'frank liked your comment', 'reference_id': 61}
2026-04-05 01:17:00,358 [httpx] INFO: HTTP Request: GET http://thread_service:8003/threads/12 "HTTP/1.1 200 OK"
2026-04-05 01:17:00,360 [app.kafka_producer] INFO: Sent to comment-events: {'event': 'comment_liked_on_thread', 'user_id': 12, 'type': 'comment_like', 'message': 'frank liked a comment on your thread', 'reference_id': 61}
2026-04-05 01:17:00,386 [app.kafka_producer] INFO: Sent to comment-events: {'broadcast': True, 'type': 'comment_like_update', 'comment_id': 1, 'thread_id': 1, 'like_count': 1}
2026-04-05 01:17:00,388 [app.kafka_producer] INFO: Sent to comment-events: {'event': 'comment_liked', 'user_id': 4, 'actor_id': 20, 'type': 'comment_like', 'message': 'tina liked your comment', 'reference_id': 1}
2026-04-05 01:17:00,410 [httpx] INFO: HTTP Request: GET http://thread_service:8003/threads/1 "HTTP/1.1 200 OK"
2026-04-05 01:17:00,412 [app.kafka_producer] INFO: Sent to comment-events: {'event': 'comment_liked_on_thread', 'user_id': 1, 'type': 'comment_like', 'message': 'tina liked a comment on your thread', 'reference_id': 1}
2026-04-05 01:17:00,436 [app.kafka_producer] INFO: Sent to comment-events: {'broadcast': True, 'type': 'comment_like_update', 'comment_id': 39, 'thread_id': 7, 'like_count': 1}
2026-04-05 01:17:00,438 [app.kafka_producer] INFO: Sent to comment-events: {'event': 'comment_liked', 'user_id': 12, 'actor_id': 9, 'type': 'comment_like', 'message': 'ivy liked your comment', 'reference_id': 39}
2026-04-05 01:17:00,462 [httpx] INFO: HTTP Request: GET http://thread_service:8003/threads/7 "HTTP/1.1 200 OK"
2026-04-05 01:17:00,464 [app.kafka_producer] INFO: Sent to comment-events: {'event': 'comment_liked_on_thread', 'user_id': 7, 'type': 'comment_like', 'message': 'ivy liked a comment on your thread', 'reference_id': 39}
2026-04-05 01:17:00,489 [app.kafka_producer] INFO: Sent to comment-events: {'broadcast': True, 'type': 'comment_like_update', 'comment_id': 29, 'thread_id': 6, 'like_count': 1}
2026-04-05 01:17:00,492 [app.kafka_producer] INFO: Sent to comment-events: {'event': 'comment_liked', 'user_id': 6, 'actor_id': 13, 'type': 'comment_like', 'message': 'mia liked your comment', 'reference_id': 29}
2026-04-05 01:17:00,531 [httpx] INFO: HTTP Request: GET http://thread_service:8003/threads/6 "HTTP/1.1 200 OK"
2026-04-05 01:17:00,558 [app.kafka_producer] INFO: Sent to comment-events: {'broadcast': True, 'type': 'comment_like_update', 'comment_id': 58, 'thread_id': 11, 'like_count': 1}
2026-04-05 01:17:00,561 [app.kafka_producer] INFO: Sent to comment-events: {'event': 'comment_liked', 'user_id': 4, 'actor_id': 7, 'type': 'comment_like', 'message': 'grace liked your comment', 'reference_id': 58}
2026-04-05 01:17:00,592 [httpx] INFO: HTTP Request: GET http://thread_service:8003/threads/11 "HTTP/1.1 200 OK"
2026-04-05 01:17:00,594 [app.kafka_producer] INFO: Sent to comment-events: {'event': 'comment_liked_on_thread', 'user_id': 11, 'type': 'comment_like', 'message': 'grace liked a comment on your thread', 'reference_id': 58}
2026-04-05 01:17:00,619 [app.kafka_producer] INFO: Sent to comment-events: {'broadcast': True, 'type': 'comment_like_update', 'comment_id': 96, 'thread_id': 20, 'like_count': 1}
2026-04-05 01:17:00,621 [app.kafka_producer] INFO: Sent to comment-events: {'event': 'comment_liked', 'user_id': 18, 'actor_id': 17, 'type': 'comment_like', 'message': 'quinn liked your comment', 'reference_id': 96}
2026-04-05 01:17:00,642 [httpx] INFO: HTTP Request: GET http://thread_service:8003/threads/20 "HTTP/1.1 200 OK"
2026-04-05 01:17:00,644 [app.kafka_producer] INFO: Sent to comment-events: {'event': 'comment_liked_on_thread', 'user_id': 20, 'type': 'comment_like', 'message': 'quinn liked a comment on your thread', 'reference_id': 96}
2026-04-05 01:17:00,667 [app.kafka_producer] INFO: Sent to comment-events: {'broadcast': True, 'type': 'comment_like_update', 'comment_id': 90, 'thread_id': 18, 'like_count': 1}
2026-04-05 01:17:00,669 [app.kafka_producer] INFO: Sent to comment-events: {'event': 'comment_liked', 'user_id': 20, 'actor_id': 11, 'type': 'comment_like', 'message': 'karen liked your comment', 'reference_id': 90}
2026-04-05 01:17:00,691 [httpx] INFO: HTTP Request: GET http://thread_service:8003/threads/18 "HTTP/1.1 200 OK"
2026-04-05 01:17:00,693 [app.kafka_producer] INFO: Sent to comment-events: {'event': 'comment_liked_on_thread', 'user_id': 18, 'type': 'comment_like', 'message': 'karen liked a comment on your thread', 'reference_id': 90}
2026-04-05 01:17:00,715 [app.kafka_producer] INFO: Sent to comment-events: {'broadcast': True, 'type': 'comment_like_update', 'comment_id': 79, 'thread_id': 16, 'like_count': 1}
2026-04-05 01:17:00,718 [app.kafka_producer] INFO: Sent to comment-events: {'event': 'comment_liked', 'user_id': 5, 'actor_id': 18, 'type': 'comment_like', 'message': 'rachel liked your comment', 'reference_id': 79}
2026-04-05 01:17:00,742 [httpx] INFO: HTTP Request: GET http://thread_service:8003/threads/16 "HTTP/1.1 200 OK"
2026-04-05 01:17:00,744 [app.kafka_producer] INFO: Sent to comment-events: {'event': 'comment_liked_on_thread', 'user_id': 16, 'type': 'comment_like', 'message': 'rachel liked a comment on your thread', 'reference_id': 79}
2026-04-05 01:17:00,769 [app.kafka_producer] INFO: Sent to comment-events: {'broadcast': True, 'type': 'comment_like_update', 'comment_id': 75, 'thread_id': 15, 'like_count': 1}
2026-04-05 01:17:00,772 [app.kafka_producer] INFO: Sent to comment-events: {'event': 'comment_liked', 'user_id': 14, 'actor_id': 13, 'type': 'comment_like', 'message': 'mia liked your comment', 'reference_id': 75}
2026-04-05 01:17:00,795 [httpx] INFO: HTTP Request: GET http://thread_service:8003/threads/15 "HTTP/1.1 200 OK"
2026-04-05 01:17:00,797 [app.kafka_producer] INFO: Sent to comment-events: {'event': 'comment_liked_on_thread', 'user_id': 15, 'type': 'comment_like', 'message': 'mia liked a comment on your thread', 'reference_id': 75}
2026-04-05 01:17:00,820 [app.kafka_producer] INFO: Sent to comment-events: {'broadcast': True, 'type': 'comment_like_update', 'comment_id': 44, 'thread_id': 9, 'like_count': 1}
2026-04-05 01:17:00,823 [app.kafka_producer] INFO: Sent to comment-events: {'event': 'comment_liked', 'user_id': 16, 'actor_id': 2, 'type': 'comment_like', 'message': 'bob liked your comment', 'reference_id': 44}
2026-04-05 01:17:00,845 [httpx] INFO: HTTP Request: GET http://thread_service:8003/threads/9 "HTTP/1.1 200 OK"
2026-04-05 01:17:00,847 [app.kafka_producer] INFO: Sent to comment-events: {'event': 'comment_liked_on_thread', 'user_id': 9, 'type': 'comment_like', 'message': 'bob liked a comment on your thread', 'reference_id': 44}
2026-04-05 01:17:00,870 [app.kafka_producer] INFO: Sent to comment-events: {'broadcast': True, 'type': 'comment_like_update', 'comment_id': 81, 'thread_id': 16, 'like_count': 1}
2026-04-05 01:17:00,873 [app.kafka_producer] INFO: Sent to comment-events: {'event': 'comment_liked', 'user_id': 3, 'actor_id': 5, 'type': 'comment_like', 'message': 'eve liked your comment', 'reference_id': 81}
2026-04-05 01:17:00,895 [httpx] INFO: HTTP Request: GET http://thread_service:8003/threads/16 "HTTP/1.1 200 OK"
2026-04-05 01:17:00,897 [app.kafka_producer] INFO: Sent to comment-events: {'event': 'comment_liked_on_thread', 'user_id': 16, 'type': 'comment_like', 'message': 'eve liked a comment on your thread', 'reference_id': 81}
2026-04-05 01:17:00,919 [app.kafka_producer] INFO: Sent to comment-events: {'broadcast': True, 'type': 'comment_like_update', 'comment_id': 4, 'thread_id': 1, 'like_count': 1}
2026-04-05 01:17:00,924 [app.kafka_producer] INFO: Sent to comment-events: {'event': 'comment_liked', 'user_id': 4, 'actor_id': 17, 'type': 'comment_like', 'message': 'quinn liked your comment', 'reference_id': 4}
2026-04-05 01:17:00,949 [httpx] INFO: HTTP Request: GET http://thread_service:8003/threads/1 "HTTP/1.1 200 OK"
2026-04-05 01:17:00,952 [app.kafka_producer] INFO: Sent to comment-events: {'event': 'comment_liked_on_thread', 'user_id': 1, 'type': 'comment_like', 'message': 'quinn liked a comment on your thread', 'reference_id': 4}
2026-04-05 01:17:01,006 [app.kafka_producer] INFO: Sent to comment-events: {'broadcast': True, 'type': 'comment_like_update', 'comment_id': 56, 'thread_id': 11, 'like_count': 1}
2026-04-05 01:17:01,008 [app.kafka_producer] INFO: Sent to comment-events: {'event': 'comment_liked', 'user_id': 2, 'actor_id': 18, 'type': 'comment_like', 'message': 'rachel liked your comment', 'reference_id': 56}
2026-04-05 01:17:01,033 [httpx] INFO: HTTP Request: GET http://thread_service:8003/threads/11 "HTTP/1.1 200 OK"
2026-04-05 01:17:01,035 [app.kafka_producer] INFO: Sent to comment-events: {'event': 'comment_liked_on_thread', 'user_id': 11, 'type': 'comment_like', 'message': 'rachel liked a comment on your thread', 'reference_id': 56}
2026-04-05 01:17:01,058 [app.kafka_producer] INFO: Sent to comment-events: {'broadcast': True, 'type': 'comment_like_update', 'comment_id': 54, 'thread_id': 10, 'like_count': 1}
2026-04-05 01:17:01,060 [app.kafka_producer] INFO: Sent to comment-events: {'event': 'comment_liked', 'user_id': 5, 'actor_id': 19, 'type': 'comment_like', 'message': 'sam liked your comment', 'reference_id': 54}
2026-04-05 01:17:01,085 [httpx] INFO: HTTP Request: GET http://thread_service:8003/threads/10 "HTTP/1.1 200 OK"
2026-04-05 01:17:01,087 [app.kafka_producer] INFO: Sent to comment-events: {'event': 'comment_liked_on_thread', 'user_id': 10, 'type': 'comment_like', 'message': 'sam liked a comment on your thread', 'reference_id': 54}
2026-04-05 01:17:01,112 [app.kafka_producer] INFO: Sent to comment-events: {'broadcast': True, 'type': 'comment_like_update', 'comment_id': 65, 'thread_id': 13, 'like_count': 1}
2026-04-05 01:17:01,114 [app.kafka_producer] INFO: Sent to comment-events: {'event': 'comment_liked', 'user_id': 7, 'actor_id': 11, 'type': 'comment_like', 'message': 'karen liked your comment', 'reference_id': 65}
2026-04-05 01:17:01,137 [httpx] INFO: HTTP Request: GET http://thread_service:8003/threads/13 "HTTP/1.1 200 OK"
2026-04-05 01:17:01,139 [app.kafka_producer] INFO: Sent to comment-events: {'event': 'comment_liked_on_thread', 'user_id': 13, 'type': 'comment_like', 'message': 'karen liked a comment on your thread', 'reference_id': 65}
2026-04-05 01:17:01,163 [app.kafka_producer] INFO: Sent to comment-events: {'broadcast': True, 'type': 'comment_like_update', 'comment_id': 16, 'thread_id': 3, 'like_count': 1}
2026-04-05 01:17:01,165 [app.kafka_producer] INFO: Sent to comment-events: {'event': 'comment_liked', 'user_id': 19, 'actor_id': 7, 'type': 'comment_like', 'message': 'grace liked your comment', 'reference_id': 16}
2026-04-05 01:17:01,187 [httpx] INFO: HTTP Request: GET http://thread_service:8003/threads/3 "HTTP/1.1 200 OK"
2026-04-05 01:17:01,190 [app.kafka_producer] INFO: Sent to comment-events: {'event': 'comment_liked_on_thread', 'user_id': 3, 'type': 'comment_like', 'message': 'grace liked a comment on your thread', 'reference_id': 16}
2026-04-05 01:17:01,215 [app.kafka_producer] INFO: Sent to comment-events: {'broadcast': True, 'type': 'comment_like_update', 'comment_id': 89, 'thread_id': 18, 'like_count': 1}
2026-04-05 01:17:01,217 [app.kafka_producer] INFO: Sent to comment-events: {'event': 'comment_liked', 'user_id': 3, 'actor_id': 11, 'type': 'comment_like', 'message': 'karen liked your comment', 'reference_id': 89}
2026-04-05 01:17:01,242 [httpx] INFO: HTTP Request: GET http://thread_service:8003/threads/18 "HTTP/1.1 200 OK"
2026-04-05 01:17:01,245 [app.kafka_producer] INFO: Sent to comment-events: {'event': 'comment_liked_on_thread', 'user_id': 18, 'type': 'comment_like', 'message': 'karen liked a comment on your thread', 'reference_id': 89}
2026-04-05 01:17:01,269 [app.kafka_producer] INFO: Sent to comment-events: {'broadcast': True, 'type': 'comment_like_update', 'comment_id': 23, 'thread_id': 5, 'like_count': 1}
2026-04-05 01:17:01,271 [app.kafka_producer] INFO: Sent to comment-events: {'event': 'comment_liked', 'user_id': 17, 'actor_id': 2, 'type': 'comment_like', 'message': 'bob liked your comment', 'reference_id': 23}
2026-04-05 01:17:01,295 [httpx] INFO: HTTP Request: GET http://thread_service:8003/threads/5 "HTTP/1.1 200 OK"
2026-04-05 01:17:01,297 [app.kafka_producer] INFO: Sent to comment-events: {'event': 'comment_liked_on_thread', 'user_id': 5, 'type': 'comment_like', 'message': 'bob liked a comment on your thread', 'reference_id': 23}
2026-04-05 01:17:01,323 [app.kafka_producer] INFO: Sent to comment-events: {'broadcast': True, 'type': 'comment_like_update', 'comment_id': 3, 'thread_id': 1, 'like_count': 1}
2026-04-05 01:17:01,325 [app.kafka_producer] INFO: Sent to comment-events: {'event': 'comment_liked', 'user_id': 3, 'actor_id': 16, 'type': 'comment_like', 'message': 'peter liked your comment', 'reference_id': 3}
2026-04-05 01:17:01,354 [httpx] INFO: HTTP Request: GET http://thread_service:8003/threads/1 "HTTP/1.1 200 OK"
2026-04-05 01:17:01,368 [app.kafka_producer] INFO: Sent to comment-events: {'event': 'comment_liked_on_thread', 'user_id': 1, 'type': 'comment_like', 'message': 'peter liked a comment on your thread', 'reference_id': 3}
2026-04-05 01:17:01,432 [app.kafka_producer] INFO: Sent to comment-events: {'broadcast': True, 'type': 'comment_like_update', 'comment_id': 83, 'thread_id': 16, 'like_count': 1}
2026-04-05 01:17:01,436 [app.kafka_producer] INFO: Sent to comment-events: {'event': 'comment_liked', 'user_id': 13, 'actor_id': 10, 'type': 'comment_like', 'message': 'jack liked your comment', 'reference_id': 83}
2026-04-05 01:17:01,477 [httpx] INFO: HTTP Request: GET http://thread_service:8003/threads/16 "HTTP/1.1 200 OK"
2026-04-05 01:17:01,481 [app.kafka_producer] INFO: Sent to comment-events: {'event': 'comment_liked_on_thread', 'user_id': 16, 'type': 'comment_like', 'message': 'jack liked a comment on your thread', 'reference_id': 83}
2026-04-05 01:17:01,513 [app.kafka_producer] INFO: Sent to comment-events: {'broadcast': True, 'type': 'comment_like_update', 'comment_id': 99, 'thread_id': 20, 'like_count': 1}
2026-04-05 01:17:01,515 [app.kafka_producer] INFO: Sent to comment-events: {'event': 'comment_liked', 'user_id': 4, 'actor_id': 1, 'type': 'comment_like', 'message': 'alice liked your comment', 'reference_id': 99}
2026-04-05 01:17:01,541 [httpx] INFO: HTTP Request: GET http://thread_service:8003/threads/20 "HTTP/1.1 200 OK"
2026-04-05 01:17:01,543 [app.kafka_producer] INFO: Sent to comment-events: {'event': 'comment_liked_on_thread', 'user_id': 20, 'type': 'comment_like', 'message': 'alice liked a comment on your thread', 'reference_id': 99}
2026-04-05 01:17:01,568 [app.kafka_producer] INFO: Sent to comment-events: {'broadcast': True, 'type': 'comment_like_update', 'comment_id': 6, 'thread_id': 1, 'like_count': 1}
2026-04-05 01:17:01,570 [app.kafka_producer] INFO: Sent to comment-events: {'event': 'comment_liked', 'user_id': 11, 'actor_id': 15, 'type': 'comment_like', 'message': 'olivia liked your comment', 'reference_id': 6}
2026-04-05 01:17:01,590 [httpx] INFO: HTTP Request: GET http://thread_service:8003/threads/1 "HTTP/1.1 200 OK"
2026-04-05 01:17:01,592 [app.kafka_producer] INFO: Sent to comment-events: {'event': 'comment_liked_on_thread', 'user_id': 1, 'type': 'comment_like', 'message': 'olivia liked a comment on your thread', 'reference_id': 6}
2026-04-05 01:17:01,616 [app.kafka_producer] INFO: Sent to comment-events: {'broadcast': True, 'type': 'comment_like_update', 'comment_id': 27, 'thread_id': 5, 'like_count': 1}
2026-04-05 01:17:01,618 [app.kafka_producer] INFO: Sent to comment-events: {'event': 'comment_liked', 'user_id': 10, 'actor_id': 15, 'type': 'comment_like', 'message': 'olivia liked your comment', 'reference_id': 27}
2026-04-05 01:17:01,641 [httpx] INFO: HTTP Request: GET http://thread_service:8003/threads/5 "HTTP/1.1 200 OK"
2026-04-05 01:17:01,643 [app.kafka_producer] INFO: Sent to comment-events: {'event': 'comment_liked_on_thread', 'user_id': 5, 'type': 'comment_like', 'message': 'olivia liked a comment on your thread', 'reference_id': 27}
2026-04-05 01:18:26,276 [httpx] INFO: HTTP Request: GET http://thread_service:8003/threads/19 "HTTP/1.1 200 OK"
2026-04-05 01:18:26,286 [app.kafka_producer] INFO: Sent to comment-events: {'event': 'new_comment', 'user_id': 19, 'type': 'new_comment', 'message': 'alice commented on your thread', 'reference_id': 122}
2026-04-05 01:18:26,289 [app.kafka_producer] INFO: Sent to comment-events: {'broadcast': True, 'type': 'new_comment_broadcast', 'comment': {'id': 122, 'content': 'good', 'thread_id': 19, 'author': {'id': 1, 'username': 'alice', 'avatar': None}, 'parent_comment_id': 94, 'created_at': '2026-04-05 01:18:26.221595', 'updated_at': '2026-04-05 01:18:26.221595', 'like_count': 0, 'liked_by_me': False, 'reply_count': 0, 'replies': []}}
2026-04-05 01:18:29,452 [app.kafka_producer] INFO: Sent to comment-events: {'event': 'comment_deleted_broadcast', 'broadcast': True, 'type': 'comment_deleted', 'comment_id': 122, 'thread_id': 19, 'deleted_count': 1}
2026-04-05 01:18:41,797 [comment_service.consumer] INFO: Synced user 1 from Kafka event
2026-04-05 01:18:43,334 [comment_service.consumer] INFO: Synced user 1 from Kafka event
2026-04-05 01:18:59,233 [comment_service.consumer] INFO: Synced user 19 from Kafka event
2026-04-05 01:30:14,599 [httpx] INFO: HTTP Request: GET http://thread_service:8003/threads/9 "HTTP/1.1 200 OK"
2026-04-05 01:30:14,606 [app.kafka_producer] INFO: Sent to comment-events: {'event': 'new_comment', 'user_id': 9, 'type': 'new_comment', 'message': 'alice commented on your thread', 'reference_id': 123}
2026-04-05 01:30:14,609 [app.kafka_producer] INFO: Sent to comment-events: {'broadcast': True, 'type': 'new_comment_broadcast', 'comment': {'id': 123, 'content': 'good', 'thread_id': 9, 'author': {'id': 1, 'username': 'alice', 'avatar': '/uploads/avatars/1_10f7dcec9c4b4a3ea9d863bc745554ab.jpg'}, 'parent_comment_id': None, 'created_at': '2026-04-05 01:30:14.533528', 'updated_at': '2026-04-05 01:30:14.533528', 'like_count': 0, 'liked_by_me': False, 'reply_count': 0, 'replies': []}}
2026-04-05 12:36:37,705 [aiokafka.consumer.group_coordinator] INFO: LeaveGroup request succeeded
2026-04-05 12:36:37,722 [comment_service.consumer] INFO: Kafka consumer stopped
2026-04-05 12:36:37,739 [app.kafka_producer] INFO: Kafka producer stopped
2026-04-05 12:37:50,030 [app.kafka_producer] INFO: Kafka producer started
2026-04-05 12:37:50,031 [comment_service] INFO: Comment service started successfully
2026-04-05 12:37:50,033 [aiokafka.consumer.subscription_state] INFO: Updating subscribed topics to: frozenset({'user-events'})
2026-04-05 12:37:50,044 [aiokafka.cluster] ERROR: Topic user-events not found in cluster metadata
2026-04-05 12:37:50,148 [aiokafka.cluster] ERROR: Topic user-events not found in cluster metadata
2026-04-05 12:37:50,278 [aiokafka.consumer.group_coordinator] ERROR: Group Coordinator Request failed: [Error 15] GroupCoordinatorNotAvailableError
2026-04-05 12:37:50,388 [aiokafka.consumer.group_coordinator] ERROR: Group Coordinator Request failed: [Error 15] GroupCoordinatorNotAvailableError
2026-04-05 12:37:50,499 [aiokafka.consumer.group_coordinator] ERROR: Group Coordinator Request failed: [Error 15] GroupCoordinatorNotAvailableError
2026-04-05 12:37:50,608 [aiokafka.consumer.group_coordinator] ERROR: Group Coordinator Request failed: [Error 15] GroupCoordinatorNotAvailableError
2026-04-05 12:37:50,717 [aiokafka.consumer.group_coordinator] ERROR: Group Coordinator Request failed: [Error 15] GroupCoordinatorNotAvailableError
2026-04-05 12:37:50,824 [aiokafka.consumer.group_coordinator] ERROR: Group Coordinator Request failed: [Error 15] GroupCoordinatorNotAvailableError
2026-04-05 12:37:50,932 [aiokafka.consumer.group_coordinator] ERROR: Group Coordinator Request failed: [Error 15] GroupCoordinatorNotAvailableError
2026-04-05 12:37:51,043 [aiokafka.consumer.group_coordinator] ERROR: Group Coordinator Request failed: [Error 15] GroupCoordinatorNotAvailableError
2026-04-05 12:37:51,151 [aiokafka.consumer.group_coordinator] INFO: Discovered coordinator 1 for group comment-service-user-sync
2026-04-05 12:37:51,151 [aiokafka.consumer.group_coordinator] INFO: Revoking previously assigned partitions set() for group comment-service-user-sync
2026-04-05 12:37:51,152 [aiokafka.consumer.group_coordinator] INFO: (Re-)joining group comment-service-user-sync
2026-04-05 12:37:54,162 [aiokafka.consumer.group_coordinator] INFO: Joined group 'comment-service-user-sync' (generation 1) with member_id aiokafka-0.13.0-c7c236c1-0772-47f7-9ceb-69395b121936
2026-04-05 12:37:54,163 [aiokafka.consumer.group_coordinator] INFO: Elected group leader -- performing partition assignments using roundrobin
2026-04-05 12:37:54,221 [aiokafka.consumer.group_coordinator] INFO: Successfully synced group comment-service-user-sync with generation 1
2026-04-05 12:37:54,222 [aiokafka.consumer.group_coordinator] INFO: Setting newly assigned partitions {TopicPartition(topic='user-events', partition=0)} for group comment-service-user-sync
2026-04-05 12:37:54,223 [comment_service.consumer] INFO: Kafka consumer started, listening for user-events
2026-04-05 12:38:55,308 [httpx] INFO: HTTP Request: GET http://user_service:8002/users/7 "HTTP/1.1 200 OK"
2026-04-05 12:38:55,407 [httpx] INFO: HTTP Request: GET http://thread_service:8003/threads/1 "HTTP/1.1 200 OK"
2026-04-05 12:38:55,413 [app.kafka_producer] INFO: Sent to comment-events: {'event': 'new_comment', 'user_id': 1, 'type': 'new_comment', 'message': 'grace commented on your thread', 'reference_id': 1}
2026-04-05 12:38:55,416 [app.kafka_producer] INFO: Sent to comment-events: {'broadcast': True, 'type': 'new_comment_broadcast', 'comment': {'id': 1, 'content': 'This thread is gold. More discussions like this please!', 'thread_id': 1, 'author': {'id': 7, 'username': 'grace', 'avatar': None}, 'parent_comment_id': None, 'created_at': '2026-04-05 12:38:55.316827', 'updated_at': '2026-04-05 12:38:55.316827', 'like_count': 0, 'liked_by_me': False, 'reply_count': 0, 'replies': []}}
2026-04-05 12:38:55,471 [httpx] INFO: HTTP Request: GET http://thread_service:8003/threads/1 "HTTP/1.1 200 OK"
2026-04-05 12:38:55,474 [app.kafka_producer] INFO: Sent to comment-events: {'event': 'new_comment', 'user_id': 1, 'type': 'new_comment', 'message': 'grace commented on your thread', 'reference_id': 2}
2026-04-05 12:38:55,477 [app.kafka_producer] INFO: Sent to comment-events: {'broadcast': True, 'type': 'new_comment_broadcast', 'comment': {'id': 2, 'content': 'We use a similar setup at work. One gotcha to watch out for is memory leaks.', 'thread_id': 1, 'author': {'id': 7, 'username': 'grace', 'avatar': None}, 'parent_comment_id': None, 'created_at': '2026-04-05 12:38:55.435947', 'updated_at': '2026-04-05 12:38:55.435947', 'like_count': 0, 'liked_by_me': False, 'reply_count': 0, 'replies': []}}
2026-04-05 12:38:55,506 [httpx] INFO: HTTP Request: GET http://user_service:8002/users/9 "HTTP/1.1 200 OK"
2026-04-05 12:38:55,543 [httpx] INFO: HTTP Request: GET http://thread_service:8003/threads/1 "HTTP/1.1 200 OK"
2026-04-05 12:38:55,547 [app.kafka_producer] INFO: Sent to comment-events: {'event': 'new_comment', 'user_id': 1, 'type': 'new_comment', 'message': 'ivy commented on your thread', 'reference_id': 3}
2026-04-05 12:38:55,549 [app.kafka_producer] INFO: Sent to comment-events: {'broadcast': True, 'type': 'new_comment_broadcast', 'comment': {'id': 3, 'content': 'I switched from the old approach to this one and never looked back.', 'thread_id': 1, 'author': {'id': 9, 'username': 'ivy', 'avatar': None}, 'parent_comment_id': None, 'created_at': '2026-04-05 12:38:55.512568', 'updated_at': '2026-04-05 12:38:55.512568', 'like_count': 0, 'liked_by_me': False, 'reply_count': 0, 'replies': []}}
2026-04-05 12:38:55,578 [httpx] INFO: HTTP Request: GET http://user_service:8002/users/17 "HTTP/1.1 200 OK"
2026-04-05 12:38:55,615 [httpx] INFO: HTTP Request: GET http://thread_service:8003/threads/1 "HTTP/1.1 200 OK"
2026-04-05 12:38:55,618 [app.kafka_producer] INFO: Sent to comment-events: {'event': 'new_comment', 'user_id': 1, 'type': 'new_comment', 'message': 'quinn commented on your thread', 'reference_id': 4}
2026-04-05 12:38:55,620 [app.kafka_producer] INFO: Sent to comment-events: {'broadcast': True, 'type': 'new_comment_broadcast', 'comment': {'id': 4, 'content': 'This is exactly what I was looking for — bookmarked!', 'thread_id': 1, 'author': {'id': 17, 'username': 'quinn', 'avatar': None}, 'parent_comment_id': None, 'created_at': '2026-04-05 12:38:55.584789', 'updated_at': '2026-04-05 12:38:55.584789', 'like_count': 0, 'liked_by_me': False, 'reply_count': 0, 'replies': []}}
2026-04-05 12:38:55,646 [httpx] INFO: HTTP Request: GET http://user_service:8002/users/18 "HTTP/1.1 200 OK"
2026-04-05 12:38:55,686 [httpx] INFO: HTTP Request: GET http://thread_service:8003/threads/1 "HTTP/1.1 200 OK"
2026-04-05 12:38:55,689 [app.kafka_producer] INFO: Sent to comment-events: {'event': 'new_comment', 'user_id': 1, 'type': 'new_comment', 'message': 'rachel commented on your thread', 'reference_id': 5}
2026-04-05 12:38:55,691 [app.kafka_producer] INFO: Sent to comment-events: {'broadcast': True, 'type': 'new_comment_broadcast', 'comment': {'id': 5, 'content': 'Just deployed this in staging and the results are promising.', 'thread_id': 1, 'author': {'id': 18, 'username': 'rachel', 'avatar': None}, 'parent_comment_id': None, 'created_at': '2026-04-05 12:38:55.653156', 'updated_at': '2026-04-05 12:38:55.653156', 'like_count': 0, 'liked_by_me': False, 'reply_count': 0, 'replies': []}}
2026-04-05 12:38:55,720 [httpx] INFO: HTTP Request: GET http://user_service:8002/users/14 "HTTP/1.1 200 OK"
2026-04-05 12:38:55,759 [httpx] INFO: HTTP Request: GET http://thread_service:8003/threads/1 "HTTP/1.1 200 OK"
2026-04-05 12:38:55,762 [app.kafka_producer] INFO: Sent to comment-events: {'event': 'new_comment', 'user_id': 1, 'type': 'new_comment', 'message': 'noah commented on your thread', 'reference_id': 6}
2026-04-05 12:38:55,763 [app.kafka_producer] INFO: Sent to comment-events: {'broadcast': True, 'type': 'new_comment_broadcast', 'comment': {'id': 6, 'content': "Has anyone benchmarked this? I'm curious about the performance impact.", 'thread_id': 1, 'author': {'id': 14, 'username': 'noah', 'avatar': None}, 'parent_comment_id': None, 'created_at': '2026-04-05 12:38:55.725735', 'updated_at': '2026-04-05 12:38:55.725735', 'like_count': 0, 'liked_by_me': False, 'reply_count': 0, 'replies': []}}
2026-04-05 12:38:55,791 [httpx] INFO: HTTP Request: GET http://user_service:8002/users/20 "HTTP/1.1 200 OK"
2026-04-05 12:38:55,828 [httpx] INFO: HTTP Request: GET http://thread_service:8003/threads/2 "HTTP/1.1 200 OK"
2026-04-05 12:38:55,831 [app.kafka_producer] INFO: Sent to comment-events: {'event': 'new_comment', 'user_id': 2, 'type': 'new_comment', 'message': 'tina commented on your thread', 'reference_id': 7}
2026-04-05 12:38:55,834 [app.kafka_producer] INFO: Sent to comment-events: {'broadcast': True, 'type': 'new_comment_broadcast', 'comment': {'id': 7, 'content': 'Solid advice. We adopted this pattern last quarter and it worked great.', 'thread_id': 2, 'author': {'id': 20, 'username': 'tina', 'avatar': None}, 'parent_comment_id': None, 'created_at': '2026-04-05 12:38:55.796838', 'updated_at': '2026-04-05 12:38:55.796838', 'like_count': 0, 'liked_by_me': False, 'reply_count': 0, 'replies': []}}
2026-04-05 12:38:55,863 [httpx] INFO: HTTP Request: GET http://user_service:8002/users/10 "HTTP/1.1 200 OK"
2026-04-05 12:38:55,919 [httpx] INFO: HTTP Request: GET http://thread_service:8003/threads/2 "HTTP/1.1 200 OK"
2026-04-05 12:38:55,921 [app.kafka_producer] INFO: Sent to comment-events: {'event': 'new_comment', 'user_id': 2, 'type': 'new_comment', 'message': 'jack commented on your thread', 'reference_id': 8}
2026-04-05 12:38:55,923 [app.kafka_producer] INFO: Sent to comment-events: {'broadcast': True, 'type': 'new_comment_broadcast', 'comment': {'id': 8, 'content': 'Would be great to see a benchmark comparing the two approaches.', 'thread_id': 2, 'author': {'id': 10, 'username': 'jack', 'avatar': None}, 'parent_comment_id': None, 'created_at': '2026-04-05 12:38:55.868376', 'updated_at': '2026-04-05 12:38:55.868376', 'like_count': 0, 'liked_by_me': False, 'reply_count': 0, 'replies': []}}
2026-04-05 12:38:55,971 [httpx] INFO: HTTP Request: GET http://thread_service:8003/threads/2 "HTTP/1.1 200 OK"
2026-04-05 12:38:55,974 [app.kafka_producer] INFO: Sent to comment-events: {'event': 'new_comment', 'user_id': 2, 'type': 'new_comment', 'message': 'rachel commented on your thread', 'reference_id': 9}
2026-04-05 12:38:55,977 [app.kafka_producer] INFO: Sent to comment-events: {'broadcast': True, 'type': 'new_comment_broadcast', 'comment': {'id': 9, 'content': 'This reminded me of a talk I saw at PyCon. Very relevant.', 'thread_id': 2, 'author': {'id': 18, 'username': 'rachel', 'avatar': None}, 'parent_comment_id': None, 'created_at': '2026-04-05 12:38:55.940591', 'updated_at': '2026-04-05 12:38:55.940591', 'like_count': 0, 'liked_by_me': False, 'reply_count': 0, 'replies': []}}
2026-04-05 12:38:56,004 [httpx] INFO: HTTP Request: GET http://user_service:8002/users/1 "HTTP/1.1 200 OK"
2026-04-05 12:38:56,038 [httpx] INFO: HTTP Request: GET http://thread_service:8003/threads/2 "HTTP/1.1 200 OK"
2026-04-05 12:38:56,041 [app.kafka_producer] INFO: Sent to comment-events: {'event': 'new_comment', 'user_id': 2, 'type': 'new_comment', 'message': 'alice commented on your thread', 'reference_id': 10}
2026-04-05 12:38:56,042 [app.kafka_producer] INFO: Sent to comment-events: {'broadcast': True, 'type': 'new_comment_broadcast', 'comment': {'id': 10, 'content': "Good write-up! I'd add that error handling is also critical here.", 'thread_id': 2, 'author': {'id': 1, 'username': 'alice', 'avatar': None}, 'parent_comment_id': None, 'created_at': '2026-04-05 12:38:56.009846', 'updated_at': '2026-04-05 12:38:56.009846', 'like_count': 0, 'liked_by_me': False, 'reply_count': 0, 'replies': []}}
2026-04-05 12:38:56,071 [httpx] INFO: HTTP Request: GET http://user_service:8002/users/12 "HTTP/1.1 200 OK"
2026-04-05 12:38:56,104 [httpx] INFO: HTTP Request: GET http://thread_service:8003/threads/3 "HTTP/1.1 200 OK"
2026-04-05 12:38:56,107 [app.kafka_producer] INFO: Sent to comment-events: {'event': 'new_comment', 'user_id': 3, 'type': 'new_comment', 'message': 'leo commented on your thread', 'reference_id': 11}
2026-04-05 12:38:56,108 [app.kafka_producer] INFO: Sent to comment-events: {'broadcast': True, 'type': 'new_comment_broadcast', 'comment': {'id': 11, 'content': 'Interesting perspective. Have you considered the trade-offs with scalability?', 'thread_id': 3, 'author': {'id': 12, 'username': 'leo', 'avatar': None}, 'parent_comment_id': None, 'created_at': '2026-04-05 12:38:56.077070', 'updated_at': '2026-04-05 12:38:56.077070', 'like_count': 0, 'liked_by_me': False, 'reply_count': 0, 'replies': []}}
2026-04-05 12:38:56,136 [httpx] INFO: HTTP Request: GET http://user_service:8002/users/8 "HTTP/1.1 200 OK"
2026-04-05 12:38:56,172 [httpx] INFO: HTTP Request: GET http://thread_service:8003/threads/3 "HTTP/1.1 200 OK"
2026-04-05 12:38:56,176 [app.kafka_producer] INFO: Sent to comment-events: {'event': 'new_comment', 'user_id': 3, 'type': 'new_comment', 'message': 'henry commented on your thread', 'reference_id': 12}
2026-04-05 12:38:56,178 [app.kafka_producer] INFO: Sent to comment-events: {'broadcast': True, 'type': 'new_comment_broadcast', 'comment': {'id': 12, 'content': 'This reminded me of a talk I saw at PyCon. Very relevant.', 'thread_id': 3, 'author': {'id': 8, 'username': 'henry', 'avatar': None}, 'parent_comment_id': None, 'created_at': '2026-04-05 12:38:56.141221', 'updated_at': '2026-04-05 12:38:56.141221', 'like_count': 0, 'liked_by_me': False, 'reply_count': 0, 'replies': []}}
2026-04-05 12:38:56,204 [httpx] INFO: HTTP Request: GET http://user_service:8002/users/5 "HTTP/1.1 200 OK"
2026-04-05 12:38:56,240 [httpx] INFO: HTTP Request: GET http://thread_service:8003/threads/3 "HTTP/1.1 200 OK"
2026-04-05 12:38:56,243 [app.kafka_producer] INFO: Sent to comment-events: {'event': 'new_comment', 'user_id': 3, 'type': 'new_comment', 'message': 'eve commented on your thread', 'reference_id': 13}
2026-04-05 12:38:56,245 [app.kafka_producer] INFO: Sent to comment-events: {'broadcast': True, 'type': 'new_comment_broadcast', 'comment': {'id': 13, 'content': "Can you elaborate more on this? I'd love to understand the internals.", 'thread_id': 3, 'author': {'id': 5, 'username': 'eve', 'avatar': None}, 'parent_comment_id': None, 'created_at': '2026-04-05 12:38:56.211423', 'updated_at': '2026-04-05 12:38:56.211423', 'like_count': 0, 'liked_by_me': False, 'reply_count': 0, 'replies': []}}
2026-04-05 12:38:56,294 [httpx] INFO: HTTP Request: GET http://thread_service:8003/threads/3 "HTTP/1.1 200 OK"
2026-04-05 12:38:56,298 [app.kafka_producer] INFO: Sent to comment-events: {'event': 'new_comment', 'user_id': 3, 'type': 'new_comment', 'message': 'eve commented on your thread', 'reference_id': 14}
2026-04-05 12:38:56,300 [app.kafka_producer] INFO: Sent to comment-events: {'broadcast': True, 'type': 'new_comment_broadcast', 'comment': {'id': 14, 'content': 'Just deployed this in staging and the results are promising.', 'thread_id': 3, 'author': {'id': 5, 'username': 'eve', 'avatar': None}, 'parent_comment_id': None, 'created_at': '2026-04-05 12:38:56.263882', 'updated_at': '2026-04-05 12:38:56.263882', 'like_count': 0, 'liked_by_me': False, 'reply_count': 0, 'replies': []}}
2026-04-05 12:38:56,347 [httpx] INFO: HTTP Request: GET http://thread_service:8003/threads/3 "HTTP/1.1 200 OK"
2026-04-05 12:38:56,350 [app.kafka_producer] INFO: Sent to comment-events: {'event': 'new_comment', 'user_id': 3, 'type': 'new_comment', 'message': 'jack commented on your thread', 'reference_id': 15}
2026-04-05 12:38:56,353 [app.kafka_producer] INFO: Sent to comment-events: {'broadcast': True, 'type': 'new_comment_broadcast', 'comment': {'id': 15, 'content': "Can you elaborate more on this? I'd love to understand the internals.", 'thread_id': 3, 'author': {'id': 10, 'username': 'jack', 'avatar': None}, 'parent_comment_id': None, 'created_at': '2026-04-05 12:38:56.316858', 'updated_at': '2026-04-05 12:38:56.316858', 'like_count': 0, 'liked_by_me': False, 'reply_count': 0, 'replies': []}}
2026-04-05 12:38:56,380 [httpx] INFO: HTTP Request: GET http://user_service:8002/users/16 "HTTP/1.1 200 OK"
2026-04-05 12:38:56,418 [httpx] INFO: HTTP Request: GET http://thread_service:8003/threads/4 "HTTP/1.1 200 OK"
2026-04-05 12:38:56,420 [app.kafka_producer] INFO: Sent to comment-events: {'event': 'new_comment', 'user_id': 4, 'type': 'new_comment', 'message': 'peter commented on your thread', 'reference_id': 16}
2026-04-05 12:38:56,422 [app.kafka_producer] INFO: Sent to comment-events: {'broadcast': True, 'type': 'new_comment_broadcast', 'comment': {'id': 16, 'content': 'I switched from the old approach to this one and never looked back.', 'thread_id': 4, 'author': {'id': 16, 'username': 'peter', 'avatar': None}, 'parent_comment_id': None, 'created_at': '2026-04-05 12:38:56.386741', 'updated_at': '2026-04-05 12:38:56.386741', 'like_count': 0, 'liked_by_me': False, 'reply_count': 0, 'replies': []}}
2026-04-05 12:38:56,471 [httpx] INFO: HTTP Request: GET http://thread_service:8003/threads/4 "HTTP/1.1 200 OK"
2026-04-05 12:38:56,473 [app.kafka_producer] INFO: Sent to comment-events: {'event': 'new_comment', 'user_id': 4, 'type': 'new_comment', 'message': 'alice commented on your thread', 'reference_id': 17}
2026-04-05 12:38:56,475 [app.kafka_producer] INFO: Sent to comment-events: {'broadcast': True, 'type': 'new_comment_broadcast', 'comment': {'id': 17, 'content': 'Interesting perspective. Have you considered the trade-offs with scalability?', 'thread_id': 4, 'author': {'id': 1, 'username': 'alice', 'avatar': None}, 'parent_comment_id': None, 'created_at': '2026-04-05 12:38:56.437670', 'updated_at': '2026-04-05 12:38:56.437670', 'like_count': 0, 'liked_by_me': False, 'reply_count': 0, 'replies': []}}
2026-04-05 12:38:56,502 [httpx] INFO: HTTP Request: GET http://user_service:8002/users/6 "HTTP/1.1 200 OK"
2026-04-05 12:38:56,556 [httpx] INFO: HTTP Request: GET http://thread_service:8003/threads/4 "HTTP/1.1 200 OK"
2026-04-05 12:38:56,558 [app.kafka_producer] INFO: Sent to comment-events: {'event': 'new_comment', 'user_id': 4, 'type': 'new_comment', 'message': 'frank commented on your thread', 'reference_id': 18}
2026-04-05 12:38:56,561 [app.kafka_producer] INFO: Sent to comment-events: {'broadcast': True, 'type': 'new_comment_broadcast', 'comment': {'id': 18, 'content': 'I respectfully disagree. In my experience the opposite is true at scale.', 'thread_id': 4, 'author': {'id': 6, 'username': 'frank', 'avatar': None}, 'parent_comment_id': None, 'created_at': '2026-04-05 12:38:56.510923', 'updated_at': '2026-04-05 12:38:56.510923', 'like_count': 0, 'liked_by_me': False, 'reply_count': 0, 'replies': []}}
2026-04-05 12:38:56,589 [httpx] INFO: HTTP Request: GET http://user_service:8002/users/19 "HTTP/1.1 200 OK"
2026-04-05 12:38:56,627 [httpx] INFO: HTTP Request: GET http://thread_service:8003/threads/4 "HTTP/1.1 200 OK"
2026-04-05 12:38:56,630 [app.kafka_producer] INFO: Sent to comment-events: {'event': 'new_comment', 'user_id': 4, 'type': 'new_comment', 'message': 'sam commented on your thread', 'reference_id': 19}
2026-04-05 12:38:56,632 [app.kafka_producer] INFO: Sent to comment-events: {'broadcast': True, 'type': 'new_comment_broadcast', 'comment': {'id': 19, 'content': "Has anyone benchmarked this? I'm curious about the performance impact.", 'thread_id': 4, 'author': {'id': 19, 'username': 'sam', 'avatar': None}, 'parent_comment_id': None, 'created_at': '2026-04-05 12:38:56.595812', 'updated_at': '2026-04-05 12:38:56.595812', 'like_count': 0, 'liked_by_me': False, 'reply_count': 0, 'replies': []}}
2026-04-05 12:38:56,682 [httpx] INFO: HTTP Request: GET http://thread_service:8003/threads/4 "HTTP/1.1 200 OK"
2026-04-05 12:38:56,684 [app.kafka_producer] INFO: Sent to comment-events: {'event': 'new_comment', 'user_id': 4, 'type': 'new_comment', 'message': 'peter commented on your thread', 'reference_id': 20}
2026-04-05 12:38:56,686 [app.kafka_producer] INFO: Sent to comment-events: {'broadcast': True, 'type': 'new_comment_broadcast', 'comment': {'id': 20, 'content': 'We use a similar setup at work. One gotcha to watch out for is memory leaks.', 'thread_id': 4, 'author': {'id': 16, 'username': 'peter', 'avatar': None}, 'parent_comment_id': None, 'created_at': '2026-04-05 12:38:56.651463', 'updated_at': '2026-04-05 12:38:56.651463', 'like_count': 0, 'liked_by_me': False, 'reply_count': 0, 'replies': []}}
2026-04-05 12:38:56,731 [httpx] INFO: HTTP Request: GET http://thread_service:8003/threads/5 "HTTP/1.1 200 OK"
2026-04-05 12:38:56,733 [app.kafka_producer] INFO: Sent to comment-events: {'event': 'new_comment', 'user_id': 5, 'type': 'new_comment', 'message': 'leo commented on your thread', 'reference_id': 21}
2026-04-05 12:38:56,736 [app.kafka_producer] INFO: Sent to comment-events: {'broadcast': True, 'type': 'new_comment_broadcast', 'comment': {'id': 21, 'content': 'We use a similar setup at work. One gotcha to watch out for is memory leaks.', 'thread_id': 5, 'author': {'id': 12, 'username': 'leo', 'avatar': None}, 'parent_comment_id': None, 'created_at': '2026-04-05 12:38:56.703587', 'updated_at': '2026-04-05 12:38:56.703587', 'like_count': 0, 'liked_by_me': False, 'reply_count': 0, 'replies': []}}
2026-04-05 12:38:56,762 [httpx] INFO: HTTP Request: GET http://user_service:8002/users/13 "HTTP/1.1 200 OK"
2026-04-05 12:38:56,799 [httpx] INFO: HTTP Request: GET http://thread_service:8003/threads/5 "HTTP/1.1 200 OK"
2026-04-05 12:38:56,801 [app.kafka_producer] INFO: Sent to comment-events: {'event': 'new_comment', 'user_id': 5, 'type': 'new_comment', 'message': 'mia commented on your thread', 'reference_id': 22}
2026-04-05 12:38:56,803 [app.kafka_producer] INFO: Sent to comment-events: {'broadcast': True, 'type': 'new_comment_broadcast', 'comment': {'id': 22, 'content': 'Interesting perspective. Have you considered the trade-offs with scalability?', 'thread_id': 5, 'author': {'id': 13, 'username': 'mia', 'avatar': None}, 'parent_comment_id': None, 'created_at': '2026-04-05 12:38:56.769132', 'updated_at': '2026-04-05 12:38:56.769132', 'like_count': 0, 'liked_by_me': False, 'reply_count': 0, 'replies': []}}
2026-04-05 12:38:56,849 [httpx] INFO: HTTP Request: GET http://thread_service:8003/threads/5 "HTTP/1.1 200 OK"
2026-04-05 12:38:56,852 [app.kafka_producer] INFO: Sent to comment-events: {'broadcast': True, 'type': 'new_comment_broadcast', 'comment': {'id': 23, 'content': 'We use a similar setup at work. One gotcha to watch out for is memory leaks.', 'thread_id': 5, 'author': {'id': 5, 'username': 'eve', 'avatar': None}, 'parent_comment_id': None, 'created_at': '2026-04-05 12:38:56.818946', 'updated_at': '2026-04-05 12:38:56.818946', 'like_count': 0, 'liked_by_me': False, 'reply_count': 0, 'replies': []}}
2026-04-05 12:38:56,898 [httpx] INFO: HTTP Request: GET http://thread_service:8003/threads/5 "HTTP/1.1 200 OK"
2026-04-05 12:38:56,902 [app.kafka_producer] INFO: Sent to comment-events: {'event': 'new_comment', 'user_id': 5, 'type': 'new_comment', 'message': 'grace commented on your thread', 'reference_id': 24}
2026-04-05 12:38:56,904 [app.kafka_producer] INFO: Sent to comment-events: {'broadcast': True, 'type': 'new_comment_broadcast', 'comment': {'id': 24, 'content': 'This thread is gold. More discussions like this please!', 'thread_id': 5, 'author': {'id': 7, 'username': 'grace', 'avatar': None}, 'parent_comment_id': None, 'created_at': '2026-04-05 12:38:56.868947', 'updated_at': '2026-04-05 12:38:56.868947', 'like_count': 0, 'liked_by_me': False, 'reply_count': 0, 'replies': []}}
2026-04-05 12:38:56,950 [httpx] INFO: HTTP Request: GET http://thread_service:8003/threads/6 "HTTP/1.1 200 OK"
2026-04-05 12:38:56,954 [app.kafka_producer] INFO: Sent to comment-events: {'event': 'new_comment', 'user_id': 6, 'type': 'new_comment', 'message': 'sam commented on your thread', 'reference_id': 25}
2026-04-05 12:38:56,956 [app.kafka_producer] INFO: Sent to comment-events: {'broadcast': True, 'type': 'new_comment_broadcast', 'comment': {'id': 25, 'content': 'Interesting perspective. Have you considered the trade-offs with scalability?', 'thread_id': 6, 'author': {'id': 19, 'username': 'sam', 'avatar': None}, 'parent_comment_id': None, 'created_at': '2026-04-05 12:38:56.920675', 'updated_at': '2026-04-05 12:38:56.920675', 'like_count': 0, 'liked_by_me': False, 'reply_count': 0, 'replies': []}}
2026-04-05 12:38:57,017 [httpx] INFO: HTTP Request: GET http://thread_service:8003/threads/6 "HTTP/1.1 200 OK"
2026-04-05 12:38:57,020 [app.kafka_producer] INFO: Sent to comment-events: {'event': 'new_comment', 'user_id': 6, 'type': 'new_comment', 'message': 'alice commented on your thread', 'reference_id': 26}
2026-04-05 12:38:57,023 [app.kafka_producer] INFO: Sent to comment-events: {'broadcast': True, 'type': 'new_comment_broadcast', 'comment': {'id': 26, 'content': 'Nice! Would love to see a follow-up thread on advanced use cases.', 'thread_id': 6, 'author': {'id': 1, 'username': 'alice', 'avatar': None}, 'parent_comment_id': None, 'created_at': '2026-04-05 12:38:56.971680', 'updated_at': '2026-04-05 12:38:56.971680', 'like_count': 0, 'liked_by_me': False, 'reply_count': 0, 'replies': []}}
2026-04-05 12:38:57,070 [httpx] INFO: HTTP Request: GET http://thread_service:8003/threads/6 "HTTP/1.1 200 OK"
2026-04-05 12:38:57,072 [app.kafka_producer] INFO: Sent to comment-events: {'event': 'new_comment', 'user_id': 6, 'type': 'new_comment', 'message': 'rachel commented on your thread', 'reference_id': 27}
2026-04-05 12:38:57,075 [app.kafka_producer] INFO: Sent to comment-events: {'broadcast': True, 'type': 'new_comment_broadcast', 'comment': {'id': 27, 'content': "Has anyone benchmarked this? I'm curious about the performance impact.", 'thread_id': 6, 'author': {'id': 18, 'username': 'rachel', 'avatar': None}, 'parent_comment_id': None, 'created_at': '2026-04-05 12:38:57.040354', 'updated_at': '2026-04-05 12:38:57.040354', 'like_count': 0, 'liked_by_me': False, 'reply_count': 0, 'replies': []}}
2026-04-05 12:38:57,123 [httpx] INFO: HTTP Request: GET http://thread_service:8003/threads/6 "HTTP/1.1 200 OK"
2026-04-05 12:38:57,127 [app.kafka_producer] INFO: Sent to comment-events: {'event': 'new_comment', 'user_id': 6, 'type': 'new_comment', 'message': 'grace commented on your thread', 'reference_id': 28}
2026-04-05 12:38:57,129 [app.kafka_producer] INFO: Sent to comment-events: {'broadcast': True, 'type': 'new_comment_broadcast', 'comment': {'id': 28, 'content': "Good write-up! I'd add that error handling is also critical here.", 'thread_id': 6, 'author': {'id': 7, 'username': 'grace', 'avatar': None}, 'parent_comment_id': None, 'created_at': '2026-04-05 12:38:57.092712', 'updated_at': '2026-04-05 12:38:57.092712', 'like_count': 0, 'liked_by_me': False, 'reply_count': 0, 'replies': []}}
2026-04-05 12:38:57,176 [httpx] INFO: HTTP Request: GET http://thread_service:8003/threads/6 "HTTP/1.1 200 OK"
2026-04-05 12:38:57,179 [app.kafka_producer] INFO: Sent to comment-events: {'event': 'new_comment', 'user_id': 6, 'type': 'new_comment', 'message': 'ivy commented on your thread', 'reference_id': 29}
2026-04-05 12:38:57,182 [app.kafka_producer] INFO: Sent to comment-events: {'broadcast': True, 'type': 'new_comment_broadcast', 'comment': {'id': 29, 'content': 'Solid advice. We adopted this pattern last quarter and it worked great.', 'thread_id': 6, 'author': {'id': 9, 'username': 'ivy', 'avatar': None}, 'parent_comment_id': None, 'created_at': '2026-04-05 12:38:57.147351', 'updated_at': '2026-04-05 12:38:57.147351', 'like_count': 0, 'liked_by_me': False, 'reply_count': 0, 'replies': []}}
2026-04-05 12:38:57,258 [httpx] INFO: HTTP Request: GET http://thread_service:8003/threads/6 "HTTP/1.1 200 OK"
2026-04-05 12:38:57,260 [app.kafka_producer] INFO: Sent to comment-events: {'event': 'new_comment', 'user_id': 6, 'type': 'new_comment', 'message': 'jack commented on your thread', 'reference_id': 30}
2026-04-05 12:38:57,262 [app.kafka_producer] INFO: Sent to comment-events: {'broadcast': True, 'type': 'new_comment_broadcast', 'comment': {'id': 30, 'content': 'Solid advice. We adopted this pattern last quarter and it worked great.', 'thread_id': 6, 'author': {'id': 10, 'username': 'jack', 'avatar': None}, 'parent_comment_id': None, 'created_at': '2026-04-05 12:38:57.227574', 'updated_at': '2026-04-05 12:38:57.227574', 'like_count': 0, 'liked_by_me': False, 'reply_count': 0, 'replies': []}}
2026-04-05 12:38:57,290 [httpx] INFO: HTTP Request: GET http://user_service:8002/users/3 "HTTP/1.1 200 OK"
2026-04-05 12:38:57,340 [httpx] INFO: HTTP Request: GET http://thread_service:8003/threads/6 "HTTP/1.1 200 OK"
2026-04-05 12:38:57,342 [app.kafka_producer] INFO: Sent to comment-events: {'event': 'new_comment', 'user_id': 6, 'type': 'new_comment', 'message': 'charlie commented on your thread', 'reference_id': 31}
2026-04-05 12:38:57,344 [app.kafka_producer] INFO: Sent to comment-events: {'broadcast': True, 'type': 'new_comment_broadcast', 'comment': {'id': 31, 'content': 'Nice! Would love to see a follow-up thread on advanced use cases.', 'thread_id': 6, 'author': {'id': 3, 'username': 'charlie', 'avatar': None}, 'parent_comment_id': None, 'created_at': '2026-04-05 12:38:57.296402', 'updated_at': '2026-04-05 12:38:57.296402', 'like_count': 0, 'liked_by_me': False, 'reply_count': 0, 'replies': []}}
2026-04-05 12:38:57,392 [httpx] INFO: HTTP Request: GET http://thread_service:8003/threads/7 "HTTP/1.1 200 OK"
2026-04-05 12:38:57,394 [app.kafka_producer] INFO: Sent to comment-events: {'event': 'new_comment', 'user_id': 7, 'type': 'new_comment', 'message': 'leo commented on your thread', 'reference_id': 32}
2026-04-05 12:38:57,396 [app.kafka_producer] INFO: Sent to comment-events: {'broadcast': True, 'type': 'new_comment_broadcast', 'comment': {'id': 32, 'content': "Can you elaborate more on this? I'd love to understand the internals.", 'thread_id': 7, 'author': {'id': 12, 'username': 'leo', 'avatar': None}, 'parent_comment_id': None, 'created_at': '2026-04-05 12:38:57.361783', 'updated_at': '2026-04-05 12:38:57.361783', 'like_count': 0, 'liked_by_me': False, 'reply_count': 0, 'replies': []}}
2026-04-05 12:38:57,444 [httpx] INFO: HTTP Request: GET http://thread_service:8003/threads/7 "HTTP/1.1 200 OK"
2026-04-05 12:38:57,447 [app.kafka_producer] INFO: Sent to comment-events: {'event': 'new_comment', 'user_id': 7, 'type': 'new_comment', 'message': 'mia commented on your thread', 'reference_id': 33}
2026-04-05 12:38:57,449 [app.kafka_producer] INFO: Sent to comment-events: {'broadcast': True, 'type': 'new_comment_broadcast', 'comment': {'id': 33, 'content': 'Just deployed this in staging and the results are promising.', 'thread_id': 7, 'author': {'id': 13, 'username': 'mia', 'avatar': None}, 'parent_comment_id': None, 'created_at': '2026-04-05 12:38:57.414371', 'updated_at': '2026-04-05 12:38:57.414371', 'like_count': 0, 'liked_by_me': False, 'reply_count': 0, 'replies': []}}
2026-04-05 12:38:57,497 [httpx] INFO: HTTP Request: GET http://thread_service:8003/threads/7 "HTTP/1.1 200 OK"
2026-04-05 12:38:57,499 [app.kafka_producer] INFO: Sent to comment-events: {'event': 'new_comment', 'user_id': 7, 'type': 'new_comment', 'message': 'alice commented on your thread', 'reference_id': 34}
2026-04-05 12:38:57,501 [app.kafka_producer] INFO: Sent to comment-events: {'broadcast': True, 'type': 'new_comment_broadcast', 'comment': {'id': 34, 'content': 'I switched from the old approach to this one and never looked back.', 'thread_id': 7, 'author': {'id': 1, 'username': 'alice', 'avatar': None}, 'parent_comment_id': None, 'created_at': '2026-04-05 12:38:57.466717', 'updated_at': '2026-04-05 12:38:57.466717', 'like_count': 0, 'liked_by_me': False, 'reply_count': 0, 'replies': []}}
2026-04-05 12:38:57,550 [httpx] INFO: HTTP Request: GET http://thread_service:8003/threads/7 "HTTP/1.1 200 OK"
2026-04-05 12:38:57,552 [app.kafka_producer] INFO: Sent to comment-events: {'event': 'new_comment', 'user_id': 7, 'type': 'new_comment', 'message': 'leo commented on your thread', 'reference_id': 35}
2026-04-05 12:38:57,554 [app.kafka_producer] INFO: Sent to comment-events: {'broadcast': True, 'type': 'new_comment_broadcast', 'comment': {'id': 35, 'content': "I had a similar experience. Here's what worked for me in production.", 'thread_id': 7, 'author': {'id': 12, 'username': 'leo', 'avatar': None}, 'parent_comment_id': None, 'created_at': '2026-04-05 12:38:57.519935', 'updated_at': '2026-04-05 12:38:57.519935', 'like_count': 0, 'liked_by_me': False, 'reply_count': 0, 'replies': []}}
2026-04-05 12:38:57,600 [httpx] INFO: HTTP Request: GET http://thread_service:8003/threads/7 "HTTP/1.1 200 OK"
2026-04-05 12:38:57,603 [app.kafka_producer] INFO: Sent to comment-events: {'event': 'new_comment', 'user_id': 7, 'type': 'new_comment', 'message': 'sam commented on your thread', 'reference_id': 36}
2026-04-05 12:38:57,604 [app.kafka_producer] INFO: Sent to comment-events: {'broadcast': True, 'type': 'new_comment_broadcast', 'comment': {'id': 36, 'content': 'Underrated topic! More people should be talking about this.', 'thread_id': 7, 'author': {'id': 19, 'username': 'sam', 'avatar': None}, 'parent_comment_id': None, 'created_at': '2026-04-05 12:38:57.570552', 'updated_at': '2026-04-05 12:38:57.570552', 'like_count': 0, 'liked_by_me': False, 'reply_count': 0, 'replies': []}}
2026-04-05 12:38:57,632 [httpx] INFO: HTTP Request: GET http://user_service:8002/users/15 "HTTP/1.1 200 OK"
2026-04-05 12:38:57,667 [httpx] INFO: HTTP Request: GET http://thread_service:8003/threads/8 "HTTP/1.1 200 OK"
2026-04-05 12:38:57,669 [app.kafka_producer] INFO: Sent to comment-events: {'event': 'new_comment', 'user_id': 8, 'type': 'new_comment', 'message': 'olivia commented on your thread', 'reference_id': 37}
2026-04-05 12:38:57,672 [app.kafka_producer] INFO: Sent to comment-events: {'broadcast': True, 'type': 'new_comment_broadcast', 'comment': {'id': 37, 'content': 'This reminded me of a talk I saw at PyCon. Very relevant.', 'thread_id': 8, 'author': {'id': 15, 'username': 'olivia', 'avatar': None}, 'parent_comment_id': None, 'created_at': '2026-04-05 12:38:57.638271', 'updated_at': '2026-04-05 12:38:57.638271', 'like_count': 0, 'liked_by_me': False, 'reply_count': 0, 'replies': []}}
2026-04-05 12:38:57,718 [httpx] INFO: HTTP Request: GET http://thread_service:8003/threads/8 "HTTP/1.1 200 OK"
2026-04-05 12:38:57,722 [app.kafka_producer] INFO: Sent to comment-events: {'event': 'new_comment', 'user_id': 8, 'type': 'new_comment', 'message': 'ivy commented on your thread', 'reference_id': 38}
2026-04-05 12:38:57,725 [app.kafka_producer] INFO: Sent to comment-events: {'broadcast': True, 'type': 'new_comment_broadcast', 'comment': {'id': 38, 'content': 'Solid advice. We adopted this pattern last quarter and it worked great.', 'thread_id': 8, 'author': {'id': 9, 'username': 'ivy', 'avatar': None}, 'parent_comment_id': None, 'created_at': '2026-04-05 12:38:57.687816', 'updated_at': '2026-04-05 12:38:57.687816', 'like_count': 0, 'liked_by_me': False, 'reply_count': 0, 'replies': []}}
2026-04-05 12:38:57,774 [httpx] INFO: HTTP Request: GET http://thread_service:8003/threads/8 "HTTP/1.1 200 OK"
2026-04-05 12:38:57,777 [app.kafka_producer] INFO: Sent to comment-events: {'event': 'new_comment', 'user_id': 8, 'type': 'new_comment', 'message': 'tina commented on your thread', 'reference_id': 39}
2026-04-05 12:38:57,778 [app.kafka_producer] INFO: Sent to comment-events: {'broadcast': True, 'type': 'new_comment_broadcast', 'comment': {'id': 39, 'content': 'Adding to the list: do not forget about edge cases with concurrent requests.', 'thread_id': 8, 'author': {'id': 20, 'username': 'tina', 'avatar': None}, 'parent_comment_id': None, 'created_at': '2026-04-05 12:38:57.743355', 'updated_at': '2026-04-05 12:38:57.743355', 'like_count': 0, 'liked_by_me': False, 'reply_count': 0, 'replies': []}}
2026-04-05 12:38:57,829 [httpx] INFO: HTTP Request: GET http://thread_service:8003/threads/8 "HTTP/1.1 200 OK"
2026-04-05 12:38:57,831 [app.kafka_producer] INFO: Sent to comment-events: {'event': 'new_comment', 'user_id': 8, 'type': 'new_comment', 'message': 'mia commented on your thread', 'reference_id': 40}
2026-04-05 12:38:57,833 [app.kafka_producer] INFO: Sent to comment-events: {'broadcast': True, 'type': 'new_comment_broadcast', 'comment': {'id': 40, 'content': "Good write-up! I'd add that error handling is also critical here.", 'thread_id': 8, 'author': {'id': 13, 'username': 'mia', 'avatar': None}, 'parent_comment_id': None, 'created_at': '2026-04-05 12:38:57.800554', 'updated_at': '2026-04-05 12:38:57.800554', 'like_count': 0, 'liked_by_me': False, 'reply_count': 0, 'replies': []}}
2026-04-05 12:38:57,881 [httpx] INFO: HTTP Request: GET http://thread_service:8003/threads/9 "HTTP/1.1 200 OK"
2026-04-05 12:38:57,885 [app.kafka_producer] INFO: Sent to comment-events: {'event': 'new_comment', 'user_id': 9, 'type': 'new_comment', 'message': 'rachel commented on your thread', 'reference_id': 41}
2026-04-05 12:38:57,887 [app.kafka_producer] INFO: Sent to comment-events: {'broadcast': True, 'type': 'new_comment_broadcast', 'comment': {'id': 41, 'content': 'Just deployed this in staging and the results are promising.', 'thread_id': 9, 'author': {'id': 18, 'username': 'rachel', 'avatar': None}, 'parent_comment_id': None, 'created_at': '2026-04-05 12:38:57.851411', 'updated_at': '2026-04-05 12:38:57.851411', 'like_count': 0, 'liked_by_me': False, 'reply_count': 0, 'replies': []}}
2026-04-05 12:38:57,915 [httpx] INFO: HTTP Request: GET http://user_service:8002/users/11 "HTTP/1.1 200 OK"
2026-04-05 12:38:57,951 [httpx] INFO: HTTP Request: GET http://thread_service:8003/threads/9 "HTTP/1.1 200 OK"
2026-04-05 12:38:57,954 [app.kafka_producer] INFO: Sent to comment-events: {'event': 'new_comment', 'user_id': 9, 'type': 'new_comment', 'message': 'karen commented on your thread', 'reference_id': 42}
2026-04-05 12:38:57,957 [app.kafka_producer] INFO: Sent to comment-events: {'broadcast': True, 'type': 'new_comment_broadcast', 'comment': {'id': 42, 'content': 'Solid advice. We adopted this pattern last quarter and it worked great.', 'thread_id': 9, 'author': {'id': 11, 'username': 'karen', 'avatar': None}, 'parent_comment_id': None, 'created_at': '2026-04-05 12:38:57.921009', 'updated_at': '2026-04-05 12:38:57.921009', 'like_count': 0, 'liked_by_me': False, 'reply_count': 0, 'replies': []}}
2026-04-05 12:38:58,008 [httpx] INFO: HTTP Request: GET http://thread_service:8003/threads/9 "HTTP/1.1 200 OK"
2026-04-05 12:38:58,012 [app.kafka_producer] INFO: Sent to comment-events: {'event': 'new_comment', 'user_id': 9, 'type': 'new_comment', 'message': 'leo commented on your thread', 'reference_id': 43}
2026-04-05 12:38:58,015 [app.kafka_producer] INFO: Sent to comment-events: {'broadcast': True, 'type': 'new_comment_broadcast', 'comment': {'id': 43, 'content': 'Solid advice. We adopted this pattern last quarter and it worked great.', 'thread_id': 9, 'author': {'id': 12, 'username': 'leo', 'avatar': None}, 'parent_comment_id': None, 'created_at': '2026-04-05 12:38:57.976131', 'updated_at': '2026-04-05 12:38:57.976131', 'like_count': 0, 'liked_by_me': False, 'reply_count': 0, 'replies': []}}
2026-04-05 12:38:58,074 [httpx] INFO: HTTP Request: GET http://thread_service:8003/threads/9 "HTTP/1.1 200 OK"
2026-04-05 12:38:58,077 [app.kafka_producer] INFO: Sent to comment-events: {'event': 'new_comment', 'user_id': 9, 'type': 'new_comment', 'message': 'grace commented on your thread', 'reference_id': 44}
2026-04-05 12:38:58,078 [app.kafka_producer] INFO: Sent to comment-events: {'broadcast': True, 'type': 'new_comment_broadcast', 'comment': {'id': 44, 'content': 'I respectfully disagree. In my experience the opposite is true at scale.', 'thread_id': 9, 'author': {'id': 7, 'username': 'grace', 'avatar': None}, 'parent_comment_id': None, 'created_at': '2026-04-05 12:38:58.031230', 'updated_at': '2026-04-05 12:38:58.031230', 'like_count': 0, 'liked_by_me': False, 'reply_count': 0, 'replies': []}}
2026-04-05 12:38:58,126 [httpx] INFO: HTTP Request: GET http://thread_service:8003/threads/10 "HTTP/1.1 200 OK"
2026-04-05 12:38:58,138 [app.kafka_producer] INFO: Sent to comment-events: {'event': 'new_comment', 'user_id': 10, 'type': 'new_comment', 'message': 'sam commented on your thread', 'reference_id': 45}
2026-04-05 12:38:58,140 [app.kafka_producer] INFO: Sent to comment-events: {'broadcast': True, 'type': 'new_comment_broadcast', 'comment': {'id': 45, 'content': 'Interesting perspective. Have you considered the trade-offs with scalability?', 'thread_id': 10, 'author': {'id': 19, 'username': 'sam', 'avatar': None}, 'parent_comment_id': None, 'created_at': '2026-04-05 12:38:58.095334', 'updated_at': '2026-04-05 12:38:58.095334', 'like_count': 0, 'liked_by_me': False, 'reply_count': 0, 'replies': []}}
2026-04-05 12:38:58,207 [httpx] INFO: HTTP Request: GET http://thread_service:8003/threads/10 "HTTP/1.1 200 OK"
2026-04-05 12:38:58,210 [app.kafka_producer] INFO: Sent to comment-events: {'event': 'new_comment', 'user_id': 10, 'type': 'new_comment', 'message': 'charlie commented on your thread', 'reference_id': 46}
2026-04-05 12:38:58,212 [app.kafka_producer] INFO: Sent to comment-events: {'broadcast': True, 'type': 'new_comment_broadcast', 'comment': {'id': 46, 'content': 'We use a similar setup at work. One gotcha to watch out for is memory leaks.', 'thread_id': 10, 'author': {'id': 3, 'username': 'charlie', 'avatar': None}, 'parent_comment_id': None, 'created_at': '2026-04-05 12:38:58.157780', 'updated_at': '2026-04-05 12:38:58.157780', 'like_count': 0, 'liked_by_me': False, 'reply_count': 0, 'replies': []}}
2026-04-05 12:38:58,261 [httpx] INFO: HTTP Request: GET http://thread_service:8003/threads/10 "HTTP/1.1 200 OK"
2026-04-05 12:38:58,265 [app.kafka_producer] INFO: Sent to comment-events: {'event': 'new_comment', 'user_id': 10, 'type': 'new_comment', 'message': 'karen commented on your thread', 'reference_id': 47}
2026-04-05 12:38:58,268 [app.kafka_producer] INFO: Sent to comment-events: {'broadcast': True, 'type': 'new_comment_broadcast', 'comment': {'id': 47, 'content': 'Just deployed this in staging and the results are promising.', 'thread_id': 10, 'author': {'id': 11, 'username': 'karen', 'avatar': None}, 'parent_comment_id': None, 'created_at': '2026-04-05 12:38:58.227694', 'updated_at': '2026-04-05 12:38:58.227694', 'like_count': 0, 'liked_by_me': False, 'reply_count': 0, 'replies': []}}
2026-04-05 12:38:58,321 [httpx] INFO: HTTP Request: GET http://thread_service:8003/threads/10 "HTTP/1.1 200 OK"
2026-04-05 12:38:58,324 [app.kafka_producer] INFO: Sent to comment-events: {'event': 'new_comment', 'user_id': 10, 'type': 'new_comment', 'message': 'olivia commented on your thread', 'reference_id': 48}
2026-04-05 12:38:58,328 [app.kafka_producer] INFO: Sent to comment-events: {'broadcast': True, 'type': 'new_comment_broadcast', 'comment': {'id': 48, 'content': 'Great point! I totally agree with this approach.', 'thread_id': 10, 'author': {'id': 15, 'username': 'olivia', 'avatar': None}, 'parent_comment_id': None, 'created_at': '2026-04-05 12:38:58.286655', 'updated_at': '2026-04-05 12:38:58.286655', 'like_count': 0, 'liked_by_me': False, 'reply_count': 0, 'replies': []}}
2026-04-05 12:38:58,377 [httpx] INFO: HTTP Request: GET http://thread_service:8003/threads/10 "HTTP/1.1 200 OK"
2026-04-05 12:38:58,381 [app.kafka_producer] INFO: Sent to comment-events: {'event': 'new_comment', 'user_id': 10, 'type': 'new_comment', 'message': 'mia commented on your thread', 'reference_id': 49}
2026-04-05 12:38:58,383 [app.kafka_producer] INFO: Sent to comment-events: {'broadcast': True, 'type': 'new_comment_broadcast', 'comment': {'id': 49, 'content': 'This reminded me of a talk I saw at PyCon. Very relevant.', 'thread_id': 10, 'author': {'id': 13, 'username': 'mia', 'avatar': None}, 'parent_comment_id': None, 'created_at': '2026-04-05 12:38:58.346346', 'updated_at': '2026-04-05 12:38:58.346346', 'like_count': 0, 'liked_by_me': False, 'reply_count': 0, 'replies': []}}
2026-04-05 12:38:58,431 [httpx] INFO: HTTP Request: GET http://thread_service:8003/threads/11 "HTTP/1.1 200 OK"
2026-04-05 12:38:58,433 [app.kafka_producer] INFO: Sent to comment-events: {'event': 'new_comment', 'user_id': 11, 'type': 'new_comment', 'message': 'alice commented on your thread', 'reference_id': 50}
2026-04-05 12:38:58,435 [app.kafka_producer] INFO: Sent to comment-events: {'broadcast': True, 'type': 'new_comment_broadcast', 'comment': {'id': 50, 'content': 'Thanks for sharing! This saved me hours of debugging.', 'thread_id': 11, 'author': {'id': 1, 'username': 'alice', 'avatar': None}, 'parent_comment_id': None, 'created_at': '2026-04-05 12:38:58.401331', 'updated_at': '2026-04-05 12:38:58.401331', 'like_count': 0, 'liked_by_me': False, 'reply_count': 0, 'replies': []}}
2026-04-05 12:38:58,465 [httpx] INFO: HTTP Request: GET http://user_service:8002/users/4 "HTTP/1.1 200 OK"
2026-04-05 12:38:58,502 [httpx] INFO: HTTP Request: GET http://thread_service:8003/threads/11 "HTTP/1.1 200 OK"
2026-04-05 12:38:58,505 [app.kafka_producer] INFO: Sent to comment-events: {'event': 'new_comment', 'user_id': 11, 'type': 'new_comment', 'message': 'diana commented on your thread', 'reference_id': 51}
2026-04-05 12:38:58,508 [app.kafka_producer] INFO: Sent to comment-events: {'broadcast': True, 'type': 'new_comment_broadcast', 'comment': {'id': 51, 'content': "Can you elaborate more on this? I'd love to understand the internals.", 'thread_id': 11, 'author': {'id': 4, 'username': 'diana', 'avatar': None}, 'parent_comment_id': None, 'created_at': '2026-04-05 12:38:58.472589', 'updated_at': '2026-04-05 12:38:58.472589', 'like_count': 0, 'liked_by_me': False, 'reply_count': 0, 'replies': []}}
2026-04-05 12:38:58,561 [httpx] INFO: HTTP Request: GET http://thread_service:8003/threads/11 "HTTP/1.1 200 OK"
2026-04-05 12:38:58,563 [app.kafka_producer] INFO: Sent to comment-events: {'event': 'new_comment', 'user_id': 11, 'type': 'new_comment', 'message': 'grace commented on your thread', 'reference_id': 52}
2026-04-05 12:38:58,566 [app.kafka_producer] INFO: Sent to comment-events: {'broadcast': True, 'type': 'new_comment_broadcast', 'comment': {'id': 52, 'content': 'Adding to the list: do not forget about edge cases with concurrent requests.', 'thread_id': 11, 'author': {'id': 7, 'username': 'grace', 'avatar': None}, 'parent_comment_id': None, 'created_at': '2026-04-05 12:38:58.529486', 'updated_at': '2026-04-05 12:38:58.529486', 'like_count': 0, 'liked_by_me': False, 'reply_count': 0, 'replies': []}}
2026-04-05 12:38:58,612 [httpx] INFO: HTTP Request: GET http://thread_service:8003/threads/11 "HTTP/1.1 200 OK"
2026-04-05 12:38:58,615 [app.kafka_producer] INFO: Sent to comment-events: {'event': 'new_comment', 'user_id': 11, 'type': 'new_comment', 'message': 'sam commented on your thread', 'reference_id': 53}
2026-04-05 12:38:58,617 [app.kafka_producer] INFO: Sent to comment-events: {'broadcast': True, 'type': 'new_comment_broadcast', 'comment': {'id': 53, 'content': 'Underrated topic! More people should be talking about this.', 'thread_id': 11, 'author': {'id': 19, 'username': 'sam', 'avatar': None}, 'parent_comment_id': None, 'created_at': '2026-04-05 12:38:58.584247', 'updated_at': '2026-04-05 12:38:58.584247', 'like_count': 0, 'liked_by_me': False, 'reply_count': 0, 'replies': []}}
2026-04-05 12:38:58,665 [httpx] INFO: HTTP Request: GET http://thread_service:8003/threads/12 "HTTP/1.1 200 OK"
2026-04-05 12:38:58,668 [app.kafka_producer] INFO: Sent to comment-events: {'event': 'new_comment', 'user_id': 12, 'type': 'new_comment', 'message': 'sam commented on your thread', 'reference_id': 54}
2026-04-05 12:38:58,671 [app.kafka_producer] INFO: Sent to comment-events: {'broadcast': True, 'type': 'new_comment_broadcast', 'comment': {'id': 54, 'content': 'Nice! Would love to see a follow-up thread on advanced use cases.', 'thread_id': 12, 'author': {'id': 19, 'username': 'sam', 'avatar': None}, 'parent_comment_id': None, 'created_at': '2026-04-05 12:38:58.634297', 'updated_at': '2026-04-05 12:38:58.634297', 'like_count': 0, 'liked_by_me': False, 'reply_count': 0, 'replies': []}}
2026-04-05 12:38:58,718 [httpx] INFO: HTTP Request: GET http://thread_service:8003/threads/12 "HTTP/1.1 200 OK"
2026-04-05 12:38:58,721 [app.kafka_producer] INFO: Sent to comment-events: {'event': 'new_comment', 'user_id': 12, 'type': 'new_comment', 'message': 'frank commented on your thread', 'reference_id': 55}
2026-04-05 12:38:58,723 [app.kafka_producer] INFO: Sent to comment-events: {'broadcast': True, 'type': 'new_comment_broadcast', 'comment': {'id': 55, 'content': 'This reminded me of a talk I saw at PyCon. Very relevant.', 'thread_id': 12, 'author': {'id': 6, 'username': 'frank', 'avatar': None}, 'parent_comment_id': None, 'created_at': '2026-04-05 12:38:58.688778', 'updated_at': '2026-04-05 12:38:58.688778', 'like_count': 0, 'liked_by_me': False, 'reply_count': 0, 'replies': []}}
2026-04-05 12:38:58,768 [httpx] INFO: HTTP Request: GET http://thread_service:8003/threads/12 "HTTP/1.1 200 OK"
2026-04-05 12:38:58,771 [app.kafka_producer] INFO: Sent to comment-events: {'event': 'new_comment', 'user_id': 12, 'type': 'new_comment', 'message': 'alice commented on your thread', 'reference_id': 56}
2026-04-05 12:38:58,773 [app.kafka_producer] INFO: Sent to comment-events: {'broadcast': True, 'type': 'new_comment_broadcast', 'comment': {'id': 56, 'content': 'Underrated topic! More people should be talking about this.', 'thread_id': 12, 'author': {'id': 1, 'username': 'alice', 'avatar': None}, 'parent_comment_id': None, 'created_at': '2026-04-05 12:38:58.738795', 'updated_at': '2026-04-05 12:38:58.738795', 'like_count': 0, 'liked_by_me': False, 'reply_count': 0, 'replies': []}}
2026-04-05 12:38:58,820 [httpx] INFO: HTTP Request: GET http://thread_service:8003/threads/12 "HTTP/1.1 200 OK"
2026-04-05 12:38:58,822 [app.kafka_producer] INFO: Sent to comment-events: {'event': 'new_comment', 'user_id': 12, 'type': 'new_comment', 'message': 'peter commented on your thread', 'reference_id': 57}
2026-04-05 12:38:58,824 [app.kafka_producer] INFO: Sent to comment-events: {'broadcast': True, 'type': 'new_comment_broadcast', 'comment': {'id': 57, 'content': "Good write-up! I'd add that error handling is also critical here.", 'thread_id': 12, 'author': {'id': 16, 'username': 'peter', 'avatar': None}, 'parent_comment_id': None, 'created_at': '2026-04-05 12:38:58.789779', 'updated_at': '2026-04-05 12:38:58.789779', 'like_count': 0, 'liked_by_me': False, 'reply_count': 0, 'replies': []}}
2026-04-05 12:38:58,884 [httpx] INFO: HTTP Request: GET http://thread_service:8003/threads/12 "HTTP/1.1 200 OK"
2026-04-05 12:38:58,887 [app.kafka_producer] INFO: Sent to comment-events: {'event': 'new_comment', 'user_id': 12, 'type': 'new_comment', 'message': 'henry commented on your thread', 'reference_id': 58}
2026-04-05 12:38:58,888 [app.kafka_producer] INFO: Sent to comment-events: {'broadcast': True, 'type': 'new_comment_broadcast', 'comment': {'id': 58, 'content': 'Solid advice. We adopted this pattern last quarter and it worked great.', 'thread_id': 12, 'author': {'id': 8, 'username': 'henry', 'avatar': None}, 'parent_comment_id': None, 'created_at': '2026-04-05 12:38:58.842878', 'updated_at': '2026-04-05 12:38:58.842878', 'like_count': 0, 'liked_by_me': False, 'reply_count': 0, 'replies': []}}
2026-04-05 12:38:58,935 [httpx] INFO: HTTP Request: GET http://thread_service:8003/threads/12 "HTTP/1.1 200 OK"
2026-04-05 12:38:58,937 [app.kafka_producer] INFO: Sent to comment-events: {'event': 'new_comment', 'user_id': 12, 'type': 'new_comment', 'message': 'frank commented on your thread', 'reference_id': 59}
2026-04-05 12:38:58,939 [app.kafka_producer] INFO: Sent to comment-events: {'broadcast': True, 'type': 'new_comment_broadcast', 'comment': {'id': 59, 'content': 'I switched from the old approach to this one and never looked back.', 'thread_id': 12, 'author': {'id': 6, 'username': 'frank', 'avatar': None}, 'parent_comment_id': None, 'created_at': '2026-04-05 12:38:58.903962', 'updated_at': '2026-04-05 12:38:58.903962', 'like_count': 0, 'liked_by_me': False, 'reply_count': 0, 'replies': []}}
2026-04-05 12:38:59,016 [httpx] INFO: HTTP Request: GET http://thread_service:8003/threads/13 "HTTP/1.1 200 OK"
2026-04-05 12:38:59,019 [app.kafka_producer] INFO: Sent to comment-events: {'event': 'new_comment', 'user_id': 13, 'type': 'new_comment', 'message': 'tina commented on your thread', 'reference_id': 60}
2026-04-05 12:38:59,021 [app.kafka_producer] INFO: Sent to comment-events: {'broadcast': True, 'type': 'new_comment_broadcast', 'comment': {'id': 60, 'content': "I had a similar experience. Here's what worked for me in production.", 'thread_id': 13, 'author': {'id': 20, 'username': 'tina', 'avatar': None}, 'parent_comment_id': None, 'created_at': '2026-04-05 12:38:58.986873', 'updated_at': '2026-04-05 12:38:58.986873', 'like_count': 0, 'liked_by_me': False, 'reply_count': 0, 'replies': []}}
2026-04-05 12:38:59,068 [httpx] INFO: HTTP Request: GET http://thread_service:8003/threads/13 "HTTP/1.1 200 OK"
2026-04-05 12:38:59,071 [app.kafka_producer] INFO: Sent to comment-events: {'event': 'new_comment', 'user_id': 13, 'type': 'new_comment', 'message': 'frank commented on your thread', 'reference_id': 61}
2026-04-05 12:38:59,074 [app.kafka_producer] INFO: Sent to comment-events: {'broadcast': True, 'type': 'new_comment_broadcast', 'comment': {'id': 61, 'content': 'Underrated topic! More people should be talking about this.', 'thread_id': 13, 'author': {'id': 6, 'username': 'frank', 'avatar': None}, 'parent_comment_id': None, 'created_at': '2026-04-05 12:38:59.037846', 'updated_at': '2026-04-05 12:38:59.037846', 'like_count': 0, 'liked_by_me': False, 'reply_count': 0, 'replies': []}}
2026-04-05 12:38:59,121 [httpx] INFO: HTTP Request: GET http://thread_service:8003/threads/13 "HTTP/1.1 200 OK"
2026-04-05 12:38:59,124 [app.kafka_producer] INFO: Sent to comment-events: {'event': 'new_comment', 'user_id': 13, 'type': 'new_comment', 'message': 'henry commented on your thread', 'reference_id': 62}
2026-04-05 12:38:59,127 [app.kafka_producer] INFO: Sent to comment-events: {'broadcast': True, 'type': 'new_comment_broadcast', 'comment': {'id': 62, 'content': 'This reminded me of a talk I saw at PyCon. Very relevant.', 'thread_id': 13, 'author': {'id': 8, 'username': 'henry', 'avatar': None}, 'parent_comment_id': None, 'created_at': '2026-04-05 12:38:59.091289', 'updated_at': '2026-04-05 12:38:59.091289', 'like_count': 0, 'liked_by_me': False, 'reply_count': 0, 'replies': []}}
2026-04-05 12:38:59,174 [httpx] INFO: HTTP Request: GET http://thread_service:8003/threads/13 "HTTP/1.1 200 OK"
2026-04-05 12:38:59,177 [app.kafka_producer] INFO: Sent to comment-events: {'event': 'new_comment', 'user_id': 13, 'type': 'new_comment', 'message': 'noah commented on your thread', 'reference_id': 63}
2026-04-05 12:38:59,179 [app.kafka_producer] INFO: Sent to comment-events: {'broadcast': True, 'type': 'new_comment_broadcast', 'comment': {'id': 63, 'content': 'Just deployed this in staging and the results are promising.', 'thread_id': 13, 'author': {'id': 14, 'username': 'noah', 'avatar': None}, 'parent_comment_id': None, 'created_at': '2026-04-05 12:38:59.144392', 'updated_at': '2026-04-05 12:38:59.144392', 'like_count': 0, 'liked_by_me': False, 'reply_count': 0, 'replies': []}}
2026-04-05 12:38:59,228 [httpx] INFO: HTTP Request: GET http://thread_service:8003/threads/13 "HTTP/1.1 200 OK"
2026-04-05 12:38:59,230 [app.kafka_producer] INFO: Sent to comment-events: {'event': 'new_comment', 'user_id': 13, 'type': 'new_comment', 'message': 'ivy commented on your thread', 'reference_id': 64}
2026-04-05 12:38:59,232 [app.kafka_producer] INFO: Sent to comment-events: {'broadcast': True, 'type': 'new_comment_broadcast', 'comment': {'id': 64, 'content': 'Great point! I totally agree with this approach.', 'thread_id': 13, 'author': {'id': 9, 'username': 'ivy', 'avatar': None}, 'parent_comment_id': None, 'created_at': '2026-04-05 12:38:59.195823', 'updated_at': '2026-04-05 12:38:59.195823', 'like_count': 0, 'liked_by_me': False, 'reply_count': 0, 'replies': []}}
2026-04-05 12:38:59,297 [httpx] INFO: HTTP Request: GET http://thread_service:8003/threads/13 "HTTP/1.1 200 OK"
2026-04-05 12:38:59,300 [app.kafka_producer] INFO: Sent to comment-events: {'broadcast': True, 'type': 'new_comment_broadcast', 'comment': {'id': 65, 'content': 'Interesting perspective. Have you considered the trade-offs with scalability?', 'thread_id': 13, 'author': {'id': 13, 'username': 'mia', 'avatar': None}, 'parent_comment_id': None, 'created_at': '2026-04-05 12:38:59.249178', 'updated_at': '2026-04-05 12:38:59.249178', 'like_count': 0, 'liked_by_me': False, 'reply_count': 0, 'replies': []}}
2026-04-05 12:38:59,350 [httpx] INFO: HTTP Request: GET http://thread_service:8003/threads/14 "HTTP/1.1 200 OK"
2026-04-05 12:38:59,354 [app.kafka_producer] INFO: Sent to comment-events: {'event': 'new_comment', 'user_id': 14, 'type': 'new_comment', 'message': 'leo commented on your thread', 'reference_id': 66}
2026-04-05 12:38:59,356 [app.kafka_producer] INFO: Sent to comment-events: {'broadcast': True, 'type': 'new_comment_broadcast', 'comment': {'id': 66, 'content': "Can you elaborate more on this? I'd love to understand the internals.", 'thread_id': 14, 'author': {'id': 12, 'username': 'leo', 'avatar': None}, 'parent_comment_id': None, 'created_at': '2026-04-05 12:38:59.317744', 'updated_at': '2026-04-05 12:38:59.317744', 'like_count': 0, 'liked_by_me': False, 'reply_count': 0, 'replies': []}}
2026-04-05 12:38:59,404 [httpx] INFO: HTTP Request: GET http://thread_service:8003/threads/14 "HTTP/1.1 200 OK"
2026-04-05 12:38:59,406 [app.kafka_producer] INFO: Sent to comment-events: {'event': 'new_comment', 'user_id': 14, 'type': 'new_comment', 'message': 'alice commented on your thread', 'reference_id': 67}
2026-04-05 12:38:59,409 [app.kafka_producer] INFO: Sent to comment-events: {'broadcast': True, 'type': 'new_comment_broadcast', 'comment': {'id': 67, 'content': "I had a similar experience. Here's what worked for me in production.", 'thread_id': 14, 'author': {'id': 1, 'username': 'alice', 'avatar': None}, 'parent_comment_id': None, 'created_at': '2026-04-05 12:38:59.373241', 'updated_at': '2026-04-05 12:38:59.373241', 'like_count': 0, 'liked_by_me': False, 'reply_count': 0, 'replies': []}}
2026-04-05 12:38:59,459 [httpx] INFO: HTTP Request: GET http://thread_service:8003/threads/14 "HTTP/1.1 200 OK"
2026-04-05 12:38:59,462 [app.kafka_producer] INFO: Sent to comment-events: {'event': 'new_comment', 'user_id': 14, 'type': 'new_comment', 'message': 'grace commented on your thread', 'reference_id': 68}
2026-04-05 12:38:59,464 [app.kafka_producer] INFO: Sent to comment-events: {'broadcast': True, 'type': 'new_comment_broadcast', 'comment': {'id': 68, 'content': 'We use a similar setup at work. One gotcha to watch out for is memory leaks.', 'thread_id': 14, 'author': {'id': 7, 'username': 'grace', 'avatar': None}, 'parent_comment_id': None, 'created_at': '2026-04-05 12:38:59.426416', 'updated_at': '2026-04-05 12:38:59.426416', 'like_count': 0, 'liked_by_me': False, 'reply_count': 0, 'replies': []}}
2026-04-05 12:38:59,517 [httpx] INFO: HTTP Request: GET http://thread_service:8003/threads/14 "HTTP/1.1 200 OK"
2026-04-05 12:38:59,520 [app.kafka_producer] INFO: Sent to comment-events: {'event': 'new_comment', 'user_id': 14, 'type': 'new_comment', 'message': 'karen commented on your thread', 'reference_id': 69}
2026-04-05 12:38:59,523 [app.kafka_producer] INFO: Sent to comment-events: {'broadcast': True, 'type': 'new_comment_broadcast', 'comment': {'id': 69, 'content': 'We ran into the exact same issue last sprint. Here is how we fixed it.', 'thread_id': 14, 'author': {'id': 11, 'username': 'karen', 'avatar': None}, 'parent_comment_id': None, 'created_at': '2026-04-05 12:38:59.483657', 'updated_at': '2026-04-05 12:38:59.483657', 'like_count': 0, 'liked_by_me': False, 'reply_count': 0, 'replies': []}}
2026-04-05 12:38:59,572 [httpx] INFO: HTTP Request: GET http://thread_service:8003/threads/14 "HTTP/1.1 200 OK"
2026-04-05 12:38:59,575 [app.kafka_producer] INFO: Sent to comment-events: {'event': 'new_comment', 'user_id': 14, 'type': 'new_comment', 'message': 'tina commented on your thread', 'reference_id': 70}
2026-04-05 12:38:59,578 [app.kafka_producer] INFO: Sent to comment-events: {'broadcast': True, 'type': 'new_comment_broadcast', 'comment': {'id': 70, 'content': 'Just deployed this in staging and the results are promising.', 'thread_id': 14, 'author': {'id': 20, 'username': 'tina', 'avatar': None}, 'parent_comment_id': None, 'created_at': '2026-04-05 12:38:59.540895', 'updated_at': '2026-04-05 12:38:59.540895', 'like_count': 0, 'liked_by_me': False, 'reply_count': 0, 'replies': []}}
2026-04-05 12:38:59,632 [httpx] INFO: HTTP Request: GET http://thread_service:8003/threads/14 "HTTP/1.1 200 OK"
2026-04-05 12:38:59,635 [app.kafka_producer] INFO: Sent to comment-events: {'event': 'new_comment', 'user_id': 14, 'type': 'new_comment', 'message': 'mia commented on your thread', 'reference_id': 71}
2026-04-05 12:38:59,638 [app.kafka_producer] INFO: Sent to comment-events: {'broadcast': True, 'type': 'new_comment_broadcast', 'comment': {'id': 71, 'content': 'We ran into the exact same issue last sprint. Here is how we fixed it.', 'thread_id': 14, 'author': {'id': 13, 'username': 'mia', 'avatar': None}, 'parent_comment_id': None, 'created_at': '2026-04-05 12:38:59.595703', 'updated_at': '2026-04-05 12:38:59.595703', 'like_count': 0, 'liked_by_me': False, 'reply_count': 0, 'replies': []}}
2026-04-05 12:38:59,689 [httpx] INFO: HTTP Request: GET http://thread_service:8003/threads/14 "HTTP/1.1 200 OK"
2026-04-05 12:38:59,692 [app.kafka_producer] INFO: Sent to comment-events: {'broadcast': True, 'type': 'new_comment_broadcast', 'comment': {'id': 72, 'content': 'Solid advice. We adopted this pattern last quarter and it worked great.', 'thread_id': 14, 'author': {'id': 14, 'username': 'noah', 'avatar': None}, 'parent_comment_id': None, 'created_at': '2026-04-05 12:38:59.656641', 'updated_at': '2026-04-05 12:38:59.656641', 'like_count': 0, 'liked_by_me': False, 'reply_count': 0, 'replies': []}}
2026-04-05 12:38:59,755 [httpx] INFO: HTTP Request: GET http://thread_service:8003/threads/15 "HTTP/1.1 200 OK"
2026-04-05 12:38:59,757 [app.kafka_producer] INFO: Sent to comment-events: {'event': 'new_comment', 'user_id': 15, 'type': 'new_comment', 'message': 'alice commented on your thread', 'reference_id': 73}
2026-04-05 12:38:59,760 [app.kafka_producer] INFO: Sent to comment-events: {'broadcast': True, 'type': 'new_comment_broadcast', 'comment': {'id': 73, 'content': "Good write-up! I'd add that error handling is also critical here.", 'thread_id': 15, 'author': {'id': 1, 'username': 'alice', 'avatar': None}, 'parent_comment_id': None, 'created_at': '2026-04-05 12:38:59.711333', 'updated_at': '2026-04-05 12:38:59.711333', 'like_count': 0, 'liked_by_me': False, 'reply_count': 0, 'replies': []}}
2026-04-05 12:38:59,811 [httpx] INFO: HTTP Request: GET http://thread_service:8003/threads/15 "HTTP/1.1 200 OK"
2026-04-05 12:38:59,813 [app.kafka_producer] INFO: Sent to comment-events: {'event': 'new_comment', 'user_id': 15, 'type': 'new_comment', 'message': 'rachel commented on your thread', 'reference_id': 74}
2026-04-05 12:38:59,816 [app.kafka_producer] INFO: Sent to comment-events: {'broadcast': True, 'type': 'new_comment_broadcast', 'comment': {'id': 74, 'content': 'This reminded me of a talk I saw at PyCon. Very relevant.', 'thread_id': 15, 'author': {'id': 18, 'username': 'rachel', 'avatar': None}, 'parent_comment_id': None, 'created_at': '2026-04-05 12:38:59.777900', 'updated_at': '2026-04-05 12:38:59.777900', 'like_count': 0, 'liked_by_me': False, 'reply_count': 0, 'replies': []}}
2026-04-05 12:38:59,865 [httpx] INFO: HTTP Request: GET http://thread_service:8003/threads/15 "HTTP/1.1 200 OK"
2026-04-05 12:38:59,868 [app.kafka_producer] INFO: Sent to comment-events: {'event': 'new_comment', 'user_id': 15, 'type': 'new_comment', 'message': 'henry commented on your thread', 'reference_id': 75}
2026-04-05 12:38:59,871 [app.kafka_producer] INFO: Sent to comment-events: {'broadcast': True, 'type': 'new_comment_broadcast', 'comment': {'id': 75, 'content': 'Would be great to see a benchmark comparing the two approaches.', 'thread_id': 15, 'author': {'id': 8, 'username': 'henry', 'avatar': None}, 'parent_comment_id': None, 'created_at': '2026-04-05 12:38:59.834307', 'updated_at': '2026-04-05 12:38:59.834307', 'like_count': 0, 'liked_by_me': False, 'reply_count': 0, 'replies': []}}
2026-04-05 12:38:59,927 [httpx] INFO: HTTP Request: GET http://thread_service:8003/threads/15 "HTTP/1.1 200 OK"
2026-04-05 12:38:59,930 [app.kafka_producer] INFO: Sent to comment-events: {'event': 'new_comment', 'user_id': 15, 'type': 'new_comment', 'message': 'sam commented on your thread', 'reference_id': 76}
2026-04-05 12:38:59,933 [app.kafka_producer] INFO: Sent to comment-events: {'broadcast': True, 'type': 'new_comment_broadcast', 'comment': {'id': 76, 'content': 'Nice! Would love to see a follow-up thread on advanced use cases.', 'thread_id': 15, 'author': {'id': 19, 'username': 'sam', 'avatar': None}, 'parent_comment_id': None, 'created_at': '2026-04-05 12:38:59.894882', 'updated_at': '2026-04-05 12:38:59.894882', 'like_count': 0, 'liked_by_me': False, 'reply_count': 0, 'replies': []}}
2026-04-05 12:38:59,986 [httpx] INFO: HTTP Request: GET http://thread_service:8003/threads/16 "HTTP/1.1 200 OK"
2026-04-05 12:38:59,989 [app.kafka_producer] INFO: Sent to comment-events: {'event': 'new_comment', 'user_id': 16, 'type': 'new_comment', 'message': 'karen commented on your thread', 'reference_id': 77}
2026-04-05 12:38:59,992 [app.kafka_producer] INFO: Sent to comment-events: {'broadcast': True, 'type': 'new_comment_broadcast', 'comment': {'id': 77, 'content': "I had a similar experience. Here's what worked for me in production.", 'thread_id': 16, 'author': {'id': 11, 'username': 'karen', 'avatar': None}, 'parent_comment_id': None, 'created_at': '2026-04-05 12:38:59.954890', 'updated_at': '2026-04-05 12:38:59.954890', 'like_count': 0, 'liked_by_me': False, 'reply_count': 0, 'replies': []}}
2026-04-05 12:39:00,038 [httpx] INFO: HTTP Request: GET http://thread_service:8003/threads/16 "HTTP/1.1 200 OK"
2026-04-05 12:39:00,041 [app.kafka_producer] INFO: Sent to comment-events: {'event': 'new_comment', 'user_id': 16, 'type': 'new_comment', 'message': 'ivy commented on your thread', 'reference_id': 78}
2026-04-05 12:39:00,044 [app.kafka_producer] INFO: Sent to comment-events: {'broadcast': True, 'type': 'new_comment_broadcast', 'comment': {'id': 78, 'content': "Good write-up! I'd add that error handling is also critical here.", 'thread_id': 16, 'author': {'id': 9, 'username': 'ivy', 'avatar': None}, 'parent_comment_id': None, 'created_at': '2026-04-05 12:39:00.008680', 'updated_at': '2026-04-05 12:39:00.008680', 'like_count': 0, 'liked_by_me': False, 'reply_count': 0, 'replies': []}}
2026-04-05 12:39:00,090 [httpx] INFO: HTTP Request: GET http://thread_service:8003/threads/16 "HTTP/1.1 200 OK"
2026-04-05 12:39:00,094 [app.kafka_producer] INFO: Sent to comment-events: {'event': 'new_comment', 'user_id': 16, 'type': 'new_comment', 'message': 'quinn commented on your thread', 'reference_id': 79}
2026-04-05 12:39:00,097 [app.kafka_producer] INFO: Sent to comment-events: {'broadcast': True, 'type': 'new_comment_broadcast', 'comment': {'id': 79, 'content': 'We use a similar setup at work. One gotcha to watch out for is memory leaks.', 'thread_id': 16, 'author': {'id': 17, 'username': 'quinn', 'avatar': None}, 'parent_comment_id': None, 'created_at': '2026-04-05 12:39:00.061879', 'updated_at': '2026-04-05 12:39:00.061879', 'like_count': 0, 'liked_by_me': False, 'reply_count': 0, 'replies': []}}
2026-04-05 12:39:00,146 [httpx] INFO: HTTP Request: GET http://thread_service:8003/threads/16 "HTTP/1.1 200 OK"
2026-04-05 12:39:00,149 [app.kafka_producer] INFO: Sent to comment-events: {'event': 'new_comment', 'user_id': 16, 'type': 'new_comment', 'message': 'sam commented on your thread', 'reference_id': 80}
2026-04-05 12:39:00,151 [app.kafka_producer] INFO: Sent to comment-events: {'broadcast': True, 'type': 'new_comment_broadcast', 'comment': {'id': 80, 'content': "Good write-up! I'd add that error handling is also critical here.", 'thread_id': 16, 'author': {'id': 19, 'username': 'sam', 'avatar': None}, 'parent_comment_id': None, 'created_at': '2026-04-05 12:39:00.113787', 'updated_at': '2026-04-05 12:39:00.113787', 'like_count': 0, 'liked_by_me': False, 'reply_count': 0, 'replies': []}}
2026-04-05 12:39:00,200 [httpx] INFO: HTTP Request: GET http://thread_service:8003/threads/16 "HTTP/1.1 200 OK"
2026-04-05 12:39:00,203 [app.kafka_producer] INFO: Sent to comment-events: {'event': 'new_comment', 'user_id': 16, 'type': 'new_comment', 'message': 'diana commented on your thread', 'reference_id': 81}
2026-04-05 12:39:00,205 [app.kafka_producer] INFO: Sent to comment-events: {'broadcast': True, 'type': 'new_comment_broadcast', 'comment': {'id': 81, 'content': 'Great point! I totally agree with this approach.', 'thread_id': 16, 'author': {'id': 4, 'username': 'diana', 'avatar': None}, 'parent_comment_id': None, 'created_at': '2026-04-05 12:39:00.167631', 'updated_at': '2026-04-05 12:39:00.167631', 'like_count': 0, 'liked_by_me': False, 'reply_count': 0, 'replies': []}}
2026-04-05 12:39:00,254 [httpx] INFO: HTTP Request: GET http://thread_service:8003/threads/16 "HTTP/1.1 200 OK"
2026-04-05 12:39:00,256 [app.kafka_producer] INFO: Sent to comment-events: {'event': 'new_comment', 'user_id': 16, 'type': 'new_comment', 'message': 'noah commented on your thread', 'reference_id': 82}
2026-04-05 12:39:00,258 [app.kafka_producer] INFO: Sent to comment-events: {'broadcast': True, 'type': 'new_comment_broadcast', 'comment': {'id': 82, 'content': 'We use a similar setup at work. One gotcha to watch out for is memory leaks.', 'thread_id': 16, 'author': {'id': 14, 'username': 'noah', 'avatar': None}, 'parent_comment_id': None, 'created_at': '2026-04-05 12:39:00.221807', 'updated_at': '2026-04-05 12:39:00.221807', 'like_count': 0, 'liked_by_me': False, 'reply_count': 0, 'replies': []}}
2026-04-05 12:39:00,306 [httpx] INFO: HTTP Request: GET http://thread_service:8003/threads/17 "HTTP/1.1 200 OK"
2026-04-05 12:39:00,308 [app.kafka_producer] INFO: Sent to comment-events: {'event': 'new_comment', 'user_id': 17, 'type': 'new_comment', 'message': 'diana commented on your thread', 'reference_id': 83}
2026-04-05 12:39:00,309 [app.kafka_producer] INFO: Sent to comment-events: {'broadcast': True, 'type': 'new_comment_broadcast', 'comment': {'id': 83, 'content': "Has anyone benchmarked this? I'm curious about the performance impact.", 'thread_id': 17, 'author': {'id': 4, 'username': 'diana', 'avatar': None}, 'parent_comment_id': None, 'created_at': '2026-04-05 12:39:00.274766', 'updated_at': '2026-04-05 12:39:00.274766', 'like_count': 0, 'liked_by_me': False, 'reply_count': 0, 'replies': []}}
2026-04-05 12:39:00,374 [httpx] INFO: HTTP Request: GET http://thread_service:8003/threads/17 "HTTP/1.1 200 OK"
2026-04-05 12:39:00,375 [app.kafka_producer] INFO: Sent to comment-events: {'event': 'new_comment', 'user_id': 17, 'type': 'new_comment', 'message': 'peter commented on your thread', 'reference_id': 84}
2026-04-05 12:39:00,377 [app.kafka_producer] INFO: Sent to comment-events: {'broadcast': True, 'type': 'new_comment_broadcast', 'comment': {'id': 84, 'content': 'Just deployed this in staging and the results are promising.', 'thread_id': 17, 'author': {'id': 16, 'username': 'peter', 'avatar': None}, 'parent_comment_id': None, 'created_at': '2026-04-05 12:39:00.326254', 'updated_at': '2026-04-05 12:39:00.326254', 'like_count': 0, 'liked_by_me': False, 'reply_count': 0, 'replies': []}}
2026-04-05 12:39:00,423 [httpx] INFO: HTTP Request: GET http://thread_service:8003/threads/17 "HTTP/1.1 200 OK"
2026-04-05 12:39:00,425 [app.kafka_producer] INFO: Sent to comment-events: {'event': 'new_comment', 'user_id': 17, 'type': 'new_comment', 'message': 'alice commented on your thread', 'reference_id': 85}
2026-04-05 12:39:00,427 [app.kafka_producer] INFO: Sent to comment-events: {'broadcast': True, 'type': 'new_comment_broadcast', 'comment': {'id': 85, 'content': 'Thanks for sharing! This saved me hours of debugging.', 'thread_id': 17, 'author': {'id': 1, 'username': 'alice', 'avatar': None}, 'parent_comment_id': None, 'created_at': '2026-04-05 12:39:00.393704', 'updated_at': '2026-04-05 12:39:00.393704', 'like_count': 0, 'liked_by_me': False, 'reply_count': 0, 'replies': []}}
2026-04-05 12:39:00,475 [httpx] INFO: HTTP Request: GET http://thread_service:8003/threads/17 "HTTP/1.1 200 OK"
2026-04-05 12:39:00,477 [app.kafka_producer] INFO: Sent to comment-events: {'event': 'new_comment', 'user_id': 17, 'type': 'new_comment', 'message': 'eve commented on your thread', 'reference_id': 86}
2026-04-05 12:39:00,480 [app.kafka_producer] INFO: Sent to comment-events: {'broadcast': True, 'type': 'new_comment_broadcast', 'comment': {'id': 86, 'content': 'We ran into the exact same issue last sprint. Here is how we fixed it.', 'thread_id': 17, 'author': {'id': 5, 'username': 'eve', 'avatar': None}, 'parent_comment_id': None, 'created_at': '2026-04-05 12:39:00.443419', 'updated_at': '2026-04-05 12:39:00.443419', 'like_count': 0, 'liked_by_me': False, 'reply_count': 0, 'replies': []}}
2026-04-05 12:39:00,528 [httpx] INFO: HTTP Request: GET http://thread_service:8003/threads/17 "HTTP/1.1 200 OK"
2026-04-05 12:39:00,531 [app.kafka_producer] INFO: Sent to comment-events: {'event': 'new_comment', 'user_id': 17, 'type': 'new_comment', 'message': 'olivia commented on your thread', 'reference_id': 87}
2026-04-05 12:39:00,533 [app.kafka_producer] INFO: Sent to comment-events: {'broadcast': True, 'type': 'new_comment_broadcast', 'comment': {'id': 87, 'content': "Has anyone benchmarked this? I'm curious about the performance impact.", 'thread_id': 17, 'author': {'id': 15, 'username': 'olivia', 'avatar': None}, 'parent_comment_id': None, 'created_at': '2026-04-05 12:39:00.497463', 'updated_at': '2026-04-05 12:39:00.497463', 'like_count': 0, 'liked_by_me': False, 'reply_count': 0, 'replies': []}}
2026-04-05 12:39:00,591 [httpx] INFO: HTTP Request: GET http://thread_service:8003/threads/17 "HTTP/1.1 200 OK"
2026-04-05 12:39:00,593 [app.kafka_producer] INFO: Sent to comment-events: {'event': 'new_comment', 'user_id': 17, 'type': 'new_comment', 'message': 'rachel commented on your thread', 'reference_id': 88}
2026-04-05 12:39:00,594 [app.kafka_producer] INFO: Sent to comment-events: {'broadcast': True, 'type': 'new_comment_broadcast', 'comment': {'id': 88, 'content': 'Would be great to see a benchmark comparing the two approaches.', 'thread_id': 17, 'author': {'id': 18, 'username': 'rachel', 'avatar': None}, 'parent_comment_id': None, 'created_at': '2026-04-05 12:39:00.549038', 'updated_at': '2026-04-05 12:39:00.549038', 'like_count': 0, 'liked_by_me': False, 'reply_count': 0, 'replies': []}}
2026-04-05 12:39:00,641 [httpx] INFO: HTTP Request: GET http://thread_service:8003/threads/17 "HTTP/1.1 200 OK"
2026-04-05 12:39:00,644 [app.kafka_producer] INFO: Sent to comment-events: {'event': 'new_comment', 'user_id': 17, 'type': 'new_comment', 'message': 'peter commented on your thread', 'reference_id': 89}
2026-04-05 12:39:00,646 [app.kafka_producer] INFO: Sent to comment-events: {'broadcast': True, 'type': 'new_comment_broadcast', 'comment': {'id': 89, 'content': 'Underrated topic! More people should be talking about this.', 'thread_id': 17, 'author': {'id': 16, 'username': 'peter', 'avatar': None}, 'parent_comment_id': None, 'created_at': '2026-04-05 12:39:00.612142', 'updated_at': '2026-04-05 12:39:00.612142', 'like_count': 0, 'liked_by_me': False, 'reply_count': 0, 'replies': []}}
2026-04-05 12:39:00,720 [httpx] INFO: HTTP Request: GET http://thread_service:8003/threads/18 "HTTP/1.1 200 OK"
2026-04-05 12:39:00,724 [app.kafka_producer] INFO: Sent to comment-events: {'event': 'new_comment', 'user_id': 18, 'type': 'new_comment', 'message': 'eve commented on your thread', 'reference_id': 90}
2026-04-05 12:39:00,726 [app.kafka_producer] INFO: Sent to comment-events: {'broadcast': True, 'type': 'new_comment_broadcast', 'comment': {'id': 90, 'content': 'Adding to the list: do not forget about edge cases with concurrent requests.', 'thread_id': 18, 'author': {'id': 5, 'username': 'eve', 'avatar': None}, 'parent_comment_id': None, 'created_at': '2026-04-05 12:39:00.691823', 'updated_at': '2026-04-05 12:39:00.691823', 'like_count': 0, 'liked_by_me': False, 'reply_count': 0, 'replies': []}}
2026-04-05 12:39:00,778 [httpx] INFO: HTTP Request: GET http://thread_service:8003/threads/18 "HTTP/1.1 200 OK"
2026-04-05 12:39:00,780 [app.kafka_producer] INFO: Sent to comment-events: {'event': 'new_comment', 'user_id': 18, 'type': 'new_comment', 'message': 'grace commented on your thread', 'reference_id': 91}
2026-04-05 12:39:00,783 [app.kafka_producer] INFO: Sent to comment-events: {'broadcast': True, 'type': 'new_comment_broadcast', 'comment': {'id': 91, 'content': 'This thread is gold. More discussions like this please!', 'thread_id': 18, 'author': {'id': 7, 'username': 'grace', 'avatar': None}, 'parent_comment_id': None, 'created_at': '2026-04-05 12:39:00.745718', 'updated_at': '2026-04-05 12:39:00.745718', 'like_count': 0, 'liked_by_me': False, 'reply_count': 0, 'replies': []}}
2026-04-05 12:39:00,832 [httpx] INFO: HTTP Request: GET http://thread_service:8003/threads/18 "HTTP/1.1 200 OK"
2026-04-05 12:39:00,834 [app.kafka_producer] INFO: Sent to comment-events: {'event': 'new_comment', 'user_id': 18, 'type': 'new_comment', 'message': 'eve commented on your thread', 'reference_id': 92}
2026-04-05 12:39:00,835 [app.kafka_producer] INFO: Sent to comment-events: {'broadcast': True, 'type': 'new_comment_broadcast', 'comment': {'id': 92, 'content': 'I switched from the old approach to this one and never looked back.', 'thread_id': 18, 'author': {'id': 5, 'username': 'eve', 'avatar': None}, 'parent_comment_id': None, 'created_at': '2026-04-05 12:39:00.801276', 'updated_at': '2026-04-05 12:39:00.801276', 'like_count': 0, 'liked_by_me': False, 'reply_count': 0, 'replies': []}}
2026-04-05 12:39:00,882 [httpx] INFO: HTTP Request: GET http://thread_service:8003/threads/18 "HTTP/1.1 200 OK"
2026-04-05 12:39:00,884 [app.kafka_producer] INFO: Sent to comment-events: {'event': 'new_comment', 'user_id': 18, 'type': 'new_comment', 'message': 'eve commented on your thread', 'reference_id': 93}
2026-04-05 12:39:00,887 [app.kafka_producer] INFO: Sent to comment-events: {'broadcast': True, 'type': 'new_comment_broadcast', 'comment': {'id': 93, 'content': 'Adding to the list: do not forget about edge cases with concurrent requests.', 'thread_id': 18, 'author': {'id': 5, 'username': 'eve', 'avatar': None}, 'parent_comment_id': None, 'created_at': '2026-04-05 12:39:00.852221', 'updated_at': '2026-04-05 12:39:00.852221', 'like_count': 0, 'liked_by_me': False, 'reply_count': 0, 'replies': []}}
2026-04-05 12:39:00,932 [httpx] INFO: HTTP Request: GET http://thread_service:8003/threads/18 "HTTP/1.1 200 OK"
2026-04-05 12:39:00,935 [app.kafka_producer] INFO: Sent to comment-events: {'event': 'new_comment', 'user_id': 18, 'type': 'new_comment', 'message': 'ivy commented on your thread', 'reference_id': 94}
2026-04-05 12:39:00,937 [app.kafka_producer] INFO: Sent to comment-events: {'broadcast': True, 'type': 'new_comment_broadcast', 'comment': {'id': 94, 'content': 'I respectfully disagree. In my experience the opposite is true at scale.', 'thread_id': 18, 'author': {'id': 9, 'username': 'ivy', 'avatar': None}, 'parent_comment_id': None, 'created_at': '2026-04-05 12:39:00.903520', 'updated_at': '2026-04-05 12:39:00.903520', 'like_count': 0, 'liked_by_me': False, 'reply_count': 0, 'replies': []}}
2026-04-05 12:39:00,985 [httpx] INFO: HTTP Request: GET http://thread_service:8003/threads/19 "HTTP/1.1 200 OK"
2026-04-05 12:39:00,988 [app.kafka_producer] INFO: Sent to comment-events: {'event': 'new_comment', 'user_id': 19, 'type': 'new_comment', 'message': 'peter commented on your thread', 'reference_id': 95}
2026-04-05 12:39:00,990 [app.kafka_producer] INFO: Sent to comment-events: {'broadcast': True, 'type': 'new_comment_broadcast', 'comment': {'id': 95, 'content': 'Adding to the list: do not forget about edge cases with concurrent requests.', 'thread_id': 19, 'author': {'id': 16, 'username': 'peter', 'avatar': None}, 'parent_comment_id': None, 'created_at': '2026-04-05 12:39:00.955964', 'updated_at': '2026-04-05 12:39:00.955964', 'like_count': 0, 'liked_by_me': False, 'reply_count': 0, 'replies': []}}
2026-04-05 12:39:01,037 [httpx] INFO: HTTP Request: GET http://thread_service:8003/threads/19 "HTTP/1.1 200 OK"
2026-04-05 12:39:01,039 [app.kafka_producer] INFO: Sent to comment-events: {'event': 'new_comment', 'user_id': 19, 'type': 'new_comment', 'message': 'henry commented on your thread', 'reference_id': 96}
2026-04-05 12:39:01,041 [app.kafka_producer] INFO: Sent to comment-events: {'broadcast': True, 'type': 'new_comment_broadcast', 'comment': {'id': 96, 'content': "Can you elaborate more on this? I'd love to understand the internals.", 'thread_id': 19, 'author': {'id': 8, 'username': 'henry', 'avatar': None}, 'parent_comment_id': None, 'created_at': '2026-04-05 12:39:01.008227', 'updated_at': '2026-04-05 12:39:01.008227', 'like_count': 0, 'liked_by_me': False, 'reply_count': 0, 'replies': []}}
2026-04-05 12:39:01,090 [httpx] INFO: HTTP Request: GET http://thread_service:8003/threads/19 "HTTP/1.1 200 OK"
2026-04-05 12:39:01,092 [app.kafka_producer] INFO: Sent to comment-events: {'event': 'new_comment', 'user_id': 19, 'type': 'new_comment', 'message': 'leo commented on your thread', 'reference_id': 97}
2026-04-05 12:39:01,094 [app.kafka_producer] INFO: Sent to comment-events: {'broadcast': True, 'type': 'new_comment_broadcast', 'comment': {'id': 97, 'content': 'Great point! I totally agree with this approach.', 'thread_id': 19, 'author': {'id': 12, 'username': 'leo', 'avatar': None}, 'parent_comment_id': None, 'created_at': '2026-04-05 12:39:01.058568', 'updated_at': '2026-04-05 12:39:01.058568', 'like_count': 0, 'liked_by_me': False, 'reply_count': 0, 'replies': []}}
2026-04-05 12:39:01,141 [httpx] INFO: HTTP Request: GET http://thread_service:8003/threads/19 "HTTP/1.1 200 OK"
2026-04-05 12:39:01,143 [app.kafka_producer] INFO: Sent to comment-events: {'event': 'new_comment', 'user_id': 19, 'type': 'new_comment', 'message': 'diana commented on your thread', 'reference_id': 98}
2026-04-05 12:39:01,145 [app.kafka_producer] INFO: Sent to comment-events: {'broadcast': True, 'type': 'new_comment_broadcast', 'comment': {'id': 98, 'content': 'Just deployed this in staging and the results are promising.', 'thread_id': 19, 'author': {'id': 4, 'username': 'diana', 'avatar': None}, 'parent_comment_id': None, 'created_at': '2026-04-05 12:39:01.112266', 'updated_at': '2026-04-05 12:39:01.112266', 'like_count': 0, 'liked_by_me': False, 'reply_count': 0, 'replies': []}}
2026-04-05 12:39:01,192 [httpx] INFO: HTTP Request: GET http://thread_service:8003/threads/19 "HTTP/1.1 200 OK"
2026-04-05 12:39:01,194 [app.kafka_producer] INFO: Sent to comment-events: {'event': 'new_comment', 'user_id': 19, 'type': 'new_comment', 'message': 'grace commented on your thread', 'reference_id': 99}
2026-04-05 12:39:01,196 [app.kafka_producer] INFO: Sent to comment-events: {'broadcast': True, 'type': 'new_comment_broadcast', 'comment': {'id': 99, 'content': 'Adding to the list: do not forget about edge cases with concurrent requests.', 'thread_id': 19, 'author': {'id': 7, 'username': 'grace', 'avatar': None}, 'parent_comment_id': None, 'created_at': '2026-04-05 12:39:01.162323', 'updated_at': '2026-04-05 12:39:01.162323', 'like_count': 0, 'liked_by_me': False, 'reply_count': 0, 'replies': []}}
2026-04-05 12:39:01,241 [httpx] INFO: HTTP Request: GET http://thread_service:8003/threads/19 "HTTP/1.1 200 OK"
2026-04-05 12:39:01,243 [app.kafka_producer] INFO: Sent to comment-events: {'event': 'new_comment', 'user_id': 19, 'type': 'new_comment', 'message': 'tina commented on your thread', 'reference_id': 100}
2026-04-05 12:39:01,244 [app.kafka_producer] INFO: Sent to comment-events: {'broadcast': True, 'type': 'new_comment_broadcast', 'comment': {'id': 100, 'content': "Good write-up! I'd add that error handling is also critical here.", 'thread_id': 19, 'author': {'id': 20, 'username': 'tina', 'avatar': None}, 'parent_comment_id': None, 'created_at': '2026-04-05 12:39:01.212507', 'updated_at': '2026-04-05 12:39:01.212507', 'like_count': 0, 'liked_by_me': False, 'reply_count': 0, 'replies': []}}
2026-04-05 12:39:01,291 [httpx] INFO: HTTP Request: GET http://thread_service:8003/threads/20 "HTTP/1.1 200 OK"
2026-04-05 12:39:01,294 [app.kafka_producer] INFO: Sent to comment-events: {'event': 'new_comment', 'user_id': 20, 'type': 'new_comment', 'message': 'karen commented on your thread', 'reference_id': 101}
2026-04-05 12:39:01,296 [app.kafka_producer] INFO: Sent to comment-events: {'broadcast': True, 'type': 'new_comment_broadcast', 'comment': {'id': 101, 'content': 'This reminded me of a talk I saw at PyCon. Very relevant.', 'thread_id': 20, 'author': {'id': 11, 'username': 'karen', 'avatar': None}, 'parent_comment_id': None, 'created_at': '2026-04-05 12:39:01.261964', 'updated_at': '2026-04-05 12:39:01.261964', 'like_count': 0, 'liked_by_me': False, 'reply_count': 0, 'replies': []}}
2026-04-05 12:39:01,343 [httpx] INFO: HTTP Request: GET http://thread_service:8003/threads/20 "HTTP/1.1 200 OK"
2026-04-05 12:39:01,345 [app.kafka_producer] INFO: Sent to comment-events: {'event': 'new_comment', 'user_id': 20, 'type': 'new_comment', 'message': 'ivy commented on your thread', 'reference_id': 102}
2026-04-05 12:39:01,348 [app.kafka_producer] INFO: Sent to comment-events: {'broadcast': True, 'type': 'new_comment_broadcast', 'comment': {'id': 102, 'content': 'I respectfully disagree. In my experience the opposite is true at scale.', 'thread_id': 20, 'author': {'id': 9, 'username': 'ivy', 'avatar': None}, 'parent_comment_id': None, 'created_at': '2026-04-05 12:39:01.313074', 'updated_at': '2026-04-05 12:39:01.313074', 'like_count': 0, 'liked_by_me': False, 'reply_count': 0, 'replies': []}}
2026-04-05 12:39:01,404 [httpx] INFO: HTTP Request: GET http://thread_service:8003/threads/20 "HTTP/1.1 200 OK"
2026-04-05 12:39:01,406 [app.kafka_producer] INFO: Sent to comment-events: {'event': 'new_comment', 'user_id': 20, 'type': 'new_comment', 'message': 'frank commented on your thread', 'reference_id': 103}
2026-04-05 12:39:01,408 [app.kafka_producer] INFO: Sent to comment-events: {'broadcast': True, 'type': 'new_comment_broadcast', 'comment': {'id': 103, 'content': 'We use a similar setup at work. One gotcha to watch out for is memory leaks.', 'thread_id': 20, 'author': {'id': 6, 'username': 'frank', 'avatar': None}, 'parent_comment_id': None, 'created_at': '2026-04-05 12:39:01.364124', 'updated_at': '2026-04-05 12:39:01.364124', 'like_count': 0, 'liked_by_me': False, 'reply_count': 0, 'replies': []}}
2026-04-05 12:39:01,480 [httpx] INFO: HTTP Request: GET http://thread_service:8003/threads/20 "HTTP/1.1 200 OK"
2026-04-05 12:39:01,483 [app.kafka_producer] INFO: Sent to comment-events: {'event': 'new_comment', 'user_id': 20, 'type': 'new_comment', 'message': 'diana commented on your thread', 'reference_id': 104}
2026-04-05 12:39:01,485 [app.kafka_producer] INFO: Sent to comment-events: {'broadcast': True, 'type': 'new_comment_broadcast', 'comment': {'id': 104, 'content': 'This reminded me of a talk I saw at PyCon. Very relevant.', 'thread_id': 20, 'author': {'id': 4, 'username': 'diana', 'avatar': None}, 'parent_comment_id': None, 'created_at': '2026-04-05 12:39:01.426155', 'updated_at': '2026-04-05 12:39:01.426155', 'like_count': 0, 'liked_by_me': False, 'reply_count': 0, 'replies': []}}
2026-04-05 12:39:01,530 [httpx] INFO: HTTP Request: GET http://thread_service:8003/threads/20 "HTTP/1.1 200 OK"
2026-04-05 12:39:01,533 [app.kafka_producer] INFO: Sent to comment-events: {'event': 'new_comment', 'user_id': 20, 'type': 'new_comment', 'message': 'leo commented on your thread', 'reference_id': 105}
2026-04-05 12:39:01,536 [app.kafka_producer] INFO: Sent to comment-events: {'broadcast': True, 'type': 'new_comment_broadcast', 'comment': {'id': 105, 'content': 'This thread is gold. More discussions like this please!', 'thread_id': 20, 'author': {'id': 12, 'username': 'leo', 'avatar': None}, 'parent_comment_id': None, 'created_at': '2026-04-05 12:39:01.502523', 'updated_at': '2026-04-05 12:39:01.502523', 'like_count': 0, 'liked_by_me': False, 'reply_count': 0, 'replies': []}}
2026-04-05 12:39:01,561 [app.kafka_producer] INFO: Sent to comment-events: {'event': 'comment_reply', 'user_id': 9, 'type': 'comment_reply', 'message': 'peter replied to your comment', 'reference_id': 106}
2026-04-05 12:39:01,588 [httpx] INFO: HTTP Request: GET http://thread_service:8003/threads/1 "HTTP/1.1 200 OK"
2026-04-05 12:39:01,591 [app.kafka_producer] INFO: Sent to comment-events: {'event': 'new_comment', 'user_id': 1, 'type': 'new_comment', 'message': 'peter commented on your thread', 'reference_id': 106}
2026-04-05 12:39:01,593 [app.kafka_producer] INFO: Sent to comment-events: {'broadcast': True, 'type': 'new_comment_broadcast', 'comment': {'id': 106, 'content': 'Hmm, I see your point but what about edge cases in production?', 'thread_id': 1, 'author': {'id': 16, 'username': 'peter', 'avatar': None}, 'parent_comment_id': 3, 'created_at': '2026-04-05 12:39:01.552133', 'updated_at': '2026-04-05 12:39:01.552133', 'like_count': 0, 'liked_by_me': False, 'reply_count': 0, 'replies': []}}
2026-04-05 12:39:01,618 [app.kafka_producer] INFO: Sent to comment-events: {'event': 'comment_reply', 'user_id': 19, 'type': 'comment_reply', 'message': 'charlie replied to your comment', 'reference_id': 107}
2026-04-05 12:39:01,642 [httpx] INFO: HTTP Request: GET http://thread_service:8003/threads/11 "HTTP/1.1 200 OK"
2026-04-05 12:39:01,645 [app.kafka_producer] INFO: Sent to comment-events: {'event': 'new_comment', 'user_id': 11, 'type': 'new_comment', 'message': 'charlie commented on your thread', 'reference_id': 107}
2026-04-05 12:39:01,647 [app.kafka_producer] INFO: Sent to comment-events: {'broadcast': True, 'type': 'new_comment_broadcast', 'comment': {'id': 107, 'content': "Well said! I couldn't agree more.", 'thread_id': 11, 'author': {'id': 3, 'username': 'charlie', 'avatar': None}, 'parent_comment_id': 53, 'created_at': '2026-04-05 12:39:01.610368', 'updated_at': '2026-04-05 12:39:01.610368', 'like_count': 0, 'liked_by_me': False, 'reply_count': 0, 'replies': []}}
2026-04-05 12:39:01,674 [app.kafka_producer] INFO: Sent to comment-events: {'event': 'comment_reply', 'user_id': 1, 'type': 'comment_reply', 'message': 'frank replied to your comment', 'reference_id': 108}
2026-04-05 12:39:01,699 [httpx] INFO: HTTP Request: GET http://thread_service:8003/threads/6 "HTTP/1.1 200 OK"
2026-04-05 12:39:01,702 [app.kafka_producer] INFO: Sent to comment-events: {'broadcast': True, 'type': 'new_comment_broadcast', 'comment': {'id': 108, 'content': '@alice Hmm, I see your point but what about edge cases in production?', 'thread_id': 6, 'author': {'id': 6, 'username': 'frank', 'avatar': None}, 'parent_comment_id': 26, 'created_at': '2026-04-05 12:39:01.664923', 'updated_at': '2026-04-05 12:39:01.664923', 'like_count': 0, 'liked_by_me': False, 'reply_count': 0, 'replies': []}}
2026-04-05 12:39:01,707 [app.kafka_producer] INFO: Sent to comment-events: {'event': 'mention', 'user_id': 1, 'type': 'mention', 'message': 'frank mentioned you in a comment', 'reference_id': 108}
2026-04-05 12:39:01,733 [app.kafka_producer] INFO: Sent to comment-events: {'event': 'comment_reply', 'user_id': 10, 'type': 'comment_reply', 'message': 'karen replied to your comment', 'reference_id': 109}
2026-04-05 12:39:01,756 [httpx] INFO: HTTP Request: GET http://thread_service:8003/threads/2 "HTTP/1.1 200 OK"
2026-04-05 12:39:01,760 [app.kafka_producer] INFO: Sent to comment-events: {'event': 'new_comment', 'user_id': 2, 'type': 'new_comment', 'message': 'karen commented on your thread', 'reference_id': 109}
2026-04-05 12:39:01,762 [app.kafka_producer] INFO: Sent to comment-events: {'broadcast': True, 'type': 'new_comment_broadcast', 'comment': {'id': 109, 'content': 'Let me test this out and report back.', 'thread_id': 2, 'author': {'id': 11, 'username': 'karen', 'avatar': None}, 'parent_comment_id': 8, 'created_at': '2026-04-05 12:39:01.723656', 'updated_at': '2026-04-05 12:39:01.723656', 'like_count': 0, 'liked_by_me': False, 'reply_count': 0, 'replies': []}}
2026-04-05 12:39:01,787 [app.kafka_producer] INFO: Sent to comment-events: {'event': 'comment_reply', 'user_id': 1, 'type': 'comment_reply', 'message': 'rachel replied to your comment', 'reference_id': 110}
2026-04-05 12:39:01,814 [httpx] INFO: HTTP Request: GET http://thread_service:8003/threads/15 "HTTP/1.1 200 OK"
2026-04-05 12:39:01,816 [app.kafka_producer] INFO: Sent to comment-events: {'event': 'new_comment', 'user_id': 15, 'type': 'new_comment', 'message': 'rachel commented on your thread', 'reference_id': 110}
2026-04-05 12:39:01,818 [app.kafka_producer] INFO: Sent to comment-events: {'broadcast': True, 'type': 'new_comment_broadcast', 'comment': {'id': 110, 'content': 'Thanks for the reply — that clears things up.', 'thread_id': 15, 'author': {'id': 18, 'username': 'rachel', 'avatar': None}, 'parent_comment_id': 73, 'created_at': '2026-04-05 12:39:01.778684', 'updated_at': '2026-04-05 12:39:01.778684', 'like_count': 0, 'liked_by_me': False, 'reply_count': 0, 'replies': []}}
2026-04-05 12:39:01,844 [app.kafka_producer] INFO: Sent to comment-events: {'event': 'comment_reply', 'user_id': 20, 'type': 'comment_reply', 'message': 'sam replied to your comment', 'reference_id': 111}
2026-04-05 12:39:01,868 [httpx] INFO: HTTP Request: GET http://thread_service:8003/threads/8 "HTTP/1.1 200 OK"
2026-04-05 12:39:01,870 [app.kafka_producer] INFO: Sent to comment-events: {'event': 'new_comment', 'user_id': 8, 'type': 'new_comment', 'message': 'sam commented on your thread', 'reference_id': 111}
2026-04-05 12:39:01,872 [app.kafka_producer] INFO: Sent to comment-events: {'broadcast': True, 'type': 'new_comment_broadcast', 'comment': {'id': 111, 'content': '@tina Good catch — I missed that detail. Updated my approach.', 'thread_id': 8, 'author': {'id': 19, 'username': 'sam', 'avatar': None}, 'parent_comment_id': 39, 'created_at': '2026-04-05 12:39:01.834800', 'updated_at': '2026-04-05 12:39:01.834800', 'like_count': 0, 'liked_by_me': False, 'reply_count': 0, 'replies': []}}
2026-04-05 12:39:01,876 [app.kafka_producer] INFO: Sent to comment-events: {'event': 'mention', 'user_id': 20, 'type': 'mention', 'message': 'sam mentioned you in a comment', 'reference_id': 111}
2026-04-05 12:39:01,902 [app.kafka_producer] INFO: Sent to comment-events: {'event': 'comment_reply', 'user_id': 11, 'type': 'comment_reply', 'message': 'alice replied to your comment', 'reference_id': 112}
2026-04-05 12:39:01,927 [httpx] INFO: HTTP Request: GET http://thread_service:8003/threads/16 "HTTP/1.1 200 OK"
2026-04-05 12:39:01,929 [app.kafka_producer] INFO: Sent to comment-events: {'event': 'new_comment', 'user_id': 16, 'type': 'new_comment', 'message': 'alice commented on your thread', 'reference_id': 112}
2026-04-05 12:39:01,932 [app.kafka_producer] INFO: Sent to comment-events: {'broadcast': True, 'type': 'new_comment_broadcast', 'comment': {'id': 112, 'content': '@karen Let me test this out and report back.', 'thread_id': 16, 'author': {'id': 1, 'username': 'alice', 'avatar': None}, 'parent_comment_id': 77, 'created_at': '2026-04-05 12:39:01.893640', 'updated_at': '2026-04-05 12:39:01.893640', 'like_count': 0, 'liked_by_me': False, 'reply_count': 0, 'replies': []}}
2026-04-05 12:39:01,936 [app.kafka_producer] INFO: Sent to comment-events: {'event': 'mention', 'user_id': 11, 'type': 'mention', 'message': 'alice mentioned you in a comment', 'reference_id': 112}
2026-04-05 12:39:01,965 [httpx] INFO: HTTP Request: GET http://user_service:8002/users/2 "HTTP/1.1 200 OK"
2026-04-05 12:39:01,990 [app.kafka_producer] INFO: Sent to comment-events: {'event': 'comment_reply', 'user_id': 18, 'type': 'comment_reply', 'message': 'bob replied to your comment', 'reference_id': 113}
2026-04-05 12:39:02,012 [httpx] INFO: HTTP Request: GET http://thread_service:8003/threads/9 "HTTP/1.1 200 OK"
2026-04-05 12:39:02,015 [app.kafka_producer] INFO: Sent to comment-events: {'event': 'new_comment', 'user_id': 9, 'type': 'new_comment', 'message': 'bob commented on your thread', 'reference_id': 113}
2026-04-05 12:39:02,017 [app.kafka_producer] INFO: Sent to comment-events: {'broadcast': True, 'type': 'new_comment_broadcast', 'comment': {'id': 113, 'content': 'Good catch — I missed that detail. Updated my approach.', 'thread_id': 9, 'author': {'id': 2, 'username': 'bob', 'avatar': None}, 'parent_comment_id': 41, 'created_at': '2026-04-05 12:39:01.971113', 'updated_at': '2026-04-05 12:39:01.971113', 'like_count': 0, 'liked_by_me': False, 'reply_count': 0, 'replies': []}}
2026-04-05 12:39:02,043 [app.kafka_producer] INFO: Sent to comment-events: {'event': 'comment_reply', 'user_id': 14, 'type': 'comment_reply', 'message': 'ivy replied to your comment', 'reference_id': 114}
2026-04-05 12:39:02,071 [httpx] INFO: HTTP Request: GET http://thread_service:8003/threads/14 "HTTP/1.1 200 OK"
2026-04-05 12:39:02,073 [app.kafka_producer] INFO: Sent to comment-events: {'broadcast': True, 'type': 'new_comment_broadcast', 'comment': {'id': 114, 'content': 'Exactly! This is the pattern we follow too.', 'thread_id': 14, 'author': {'id': 9, 'username': 'ivy', 'avatar': None}, 'parent_comment_id': 72, 'created_at': '2026-04-05 12:39:02.034016', 'updated_at': '2026-04-05 12:39:02.034016', 'like_count': 0, 'liked_by_me': False, 'reply_count': 0, 'replies': []}}
2026-04-05 12:39:02,099 [app.kafka_producer] INFO: Sent to comment-events: {'event': 'comment_reply', 'user_id': 9, 'type': 'comment_reply', 'message': 'frank replied to your comment', 'reference_id': 115}
2026-04-05 12:39:02,126 [httpx] INFO: HTTP Request: GET http://thread_service:8003/threads/20 "HTTP/1.1 200 OK"
2026-04-05 12:39:02,128 [app.kafka_producer] INFO: Sent to comment-events: {'event': 'new_comment', 'user_id': 20, 'type': 'new_comment', 'message': 'frank commented on your thread', 'reference_id': 115}
2026-04-05 12:39:02,131 [app.kafka_producer] INFO: Sent to comment-events: {'broadcast': True, 'type': 'new_comment_broadcast', 'comment': {'id': 115, 'content': 'Thanks for the reply — that clears things up.', 'thread_id': 20, 'author': {'id': 6, 'username': 'frank', 'avatar': None}, 'parent_comment_id': 102, 'created_at': '2026-04-05 12:39:02.089768', 'updated_at': '2026-04-05 12:39:02.089768', 'like_count': 0, 'liked_by_me': False, 'reply_count': 0, 'replies': []}}
2026-04-05 12:39:02,155 [app.kafka_producer] INFO: Sent to comment-events: {'event': 'comment_reply', 'user_id': 16, 'type': 'comment_reply', 'message': 'olivia replied to your comment', 'reference_id': 116}
2026-04-05 12:39:02,181 [httpx] INFO: HTTP Request: GET http://thread_service:8003/threads/17 "HTTP/1.1 200 OK"
2026-04-05 12:39:02,183 [app.kafka_producer] INFO: Sent to comment-events: {'event': 'new_comment', 'user_id': 17, 'type': 'new_comment', 'message': 'olivia commented on your thread', 'reference_id': 116}
2026-04-05 12:39:02,185 [app.kafka_producer] INFO: Sent to comment-events: {'broadcast': True, 'type': 'new_comment_broadcast', 'comment': {'id': 116, 'content': "Well said! I couldn't agree more.", 'thread_id': 17, 'author': {'id': 15, 'username': 'olivia', 'avatar': None}, 'parent_comment_id': 84, 'created_at': '2026-04-05 12:39:02.146257', 'updated_at': '2026-04-05 12:39:02.146257', 'like_count': 0, 'liked_by_me': False, 'reply_count': 0, 'replies': []}}
2026-04-05 12:39:02,212 [app.kafka_producer] INFO: Sent to comment-events: {'event': 'comment_reply', 'user_id': 6, 'type': 'comment_reply', 'message': 'karen replied to your comment', 'reference_id': 117}
2026-04-05 12:39:02,236 [httpx] INFO: HTTP Request: GET http://thread_service:8003/threads/13 "HTTP/1.1 200 OK"
2026-04-05 12:39:02,238 [app.kafka_producer] INFO: Sent to comment-events: {'event': 'new_comment', 'user_id': 13, 'type': 'new_comment', 'message': 'karen commented on your thread', 'reference_id': 117}
2026-04-05 12:39:02,241 [app.kafka_producer] INFO: Sent to comment-events: {'broadcast': True, 'type': 'new_comment_broadcast', 'comment': {'id': 117, 'content': '@frank Good catch — I missed that detail. Updated my approach.', 'thread_id': 13, 'author': {'id': 11, 'username': 'karen', 'avatar': None}, 'parent_comment_id': 61, 'created_at': '2026-04-05 12:39:02.203046', 'updated_at': '2026-04-05 12:39:02.203046', 'like_count': 0, 'liked_by_me': False, 'reply_count': 0, 'replies': []}}
2026-04-05 12:39:02,247 [app.kafka_producer] INFO: Sent to comment-events: {'event': 'mention', 'user_id': 6, 'type': 'mention', 'message': 'karen mentioned you in a comment', 'reference_id': 117}
2026-04-05 12:39:02,276 [app.kafka_producer] INFO: Sent to comment-events: {'event': 'comment_reply', 'user_id': 10, 'type': 'comment_reply', 'message': 'diana replied to your comment', 'reference_id': 118}
2026-04-05 12:39:02,300 [httpx] INFO: HTTP Request: GET http://thread_service:8003/threads/6 "HTTP/1.1 200 OK"
2026-04-05 12:39:02,303 [app.kafka_producer] INFO: Sent to comment-events: {'event': 'new_comment', 'user_id': 6, 'type': 'new_comment', 'message': 'diana commented on your thread', 'reference_id': 118}
2026-04-05 12:39:02,305 [app.kafka_producer] INFO: Sent to comment-events: {'broadcast': True, 'type': 'new_comment_broadcast', 'comment': {'id': 118, 'content': '@jack Good catch — I missed that detail. Updated my approach.', 'thread_id': 6, 'author': {'id': 4, 'username': 'diana', 'avatar': None}, 'parent_comment_id': 30, 'created_at': '2026-04-05 12:39:02.265320', 'updated_at': '2026-04-05 12:39:02.265320', 'like_count': 0, 'liked_by_me': False, 'reply_count': 0, 'replies': []}}
2026-04-05 12:39:02,308 [app.kafka_producer] INFO: Sent to comment-events: {'event': 'mention', 'user_id': 10, 'type': 'mention', 'message': 'diana mentioned you in a comment', 'reference_id': 118}
2026-04-05 12:39:02,342 [app.kafka_producer] INFO: Sent to comment-events: {'event': 'comment_reply', 'user_id': 18, 'type': 'comment_reply', 'message': 'alice replied to your comment', 'reference_id': 119}
2026-04-05 12:39:02,371 [httpx] INFO: HTTP Request: GET http://thread_service:8003/threads/15 "HTTP/1.1 200 OK"
2026-04-05 12:39:02,374 [app.kafka_producer] INFO: Sent to comment-events: {'event': 'new_comment', 'user_id': 15, 'type': 'new_comment', 'message': 'alice commented on your thread', 'reference_id': 119}
2026-04-05 12:39:02,379 [app.kafka_producer] INFO: Sent to comment-events: {'broadcast': True, 'type': 'new_comment_broadcast', 'comment': {'id': 119, 'content': '@rachel Thanks for the reply — that clears things up.', 'thread_id': 15, 'author': {'id': 1, 'username': 'alice', 'avatar': None}, 'parent_comment_id': 74, 'created_at': '2026-04-05 12:39:02.330115', 'updated_at': '2026-04-05 12:39:02.330115', 'like_count': 0, 'liked_by_me': False, 'reply_count': 0, 'replies': []}}
2026-04-05 12:39:02,383 [app.kafka_producer] INFO: Sent to comment-events: {'event': 'mention', 'user_id': 18, 'type': 'mention', 'message': 'alice mentioned you in a comment', 'reference_id': 119}
2026-04-05 12:39:02,444 [app.kafka_producer] INFO: Sent to comment-events: {'event': 'comment_reply', 'user_id': 4, 'type': 'comment_reply', 'message': 'grace replied to your comment', 'reference_id': 120}
2026-04-05 12:39:02,468 [httpx] INFO: HTTP Request: GET http://thread_service:8003/threads/19 "HTTP/1.1 200 OK"
2026-04-05 12:39:02,471 [app.kafka_producer] INFO: Sent to comment-events: {'event': 'new_comment', 'user_id': 19, 'type': 'new_comment', 'message': 'grace commented on your thread', 'reference_id': 120}
2026-04-05 12:39:02,474 [app.kafka_producer] INFO: Sent to comment-events: {'broadcast': True, 'type': 'new_comment_broadcast', 'comment': {'id': 120, 'content': "@diana Well said! I couldn't agree more.", 'thread_id': 19, 'author': {'id': 7, 'username': 'grace', 'avatar': None}, 'parent_comment_id': 98, 'created_at': '2026-04-05 12:39:02.436305', 'updated_at': '2026-04-05 12:39:02.436305', 'like_count': 0, 'liked_by_me': False, 'reply_count': 0, 'replies': []}}
2026-04-05 12:39:02,477 [app.kafka_producer] INFO: Sent to comment-events: {'event': 'mention', 'user_id': 4, 'type': 'mention', 'message': 'grace mentioned you in a comment', 'reference_id': 120}
2026-04-05 12:39:02,504 [app.kafka_producer] INFO: Sent to comment-events: {'event': 'comment_reply', 'user_id': 4, 'type': 'comment_reply', 'message': 'henry replied to your comment', 'reference_id': 121}
2026-04-05 12:39:02,528 [httpx] INFO: HTTP Request: GET http://thread_service:8003/threads/17 "HTTP/1.1 200 OK"
2026-04-05 12:39:02,530 [app.kafka_producer] INFO: Sent to comment-events: {'event': 'new_comment', 'user_id': 17, 'type': 'new_comment', 'message': 'henry commented on your thread', 'reference_id': 121}
2026-04-05 12:39:02,532 [app.kafka_producer] INFO: Sent to comment-events: {'broadcast': True, 'type': 'new_comment_broadcast', 'comment': {'id': 121, 'content': '@diana Exactly! This is the pattern we follow too.', 'thread_id': 17, 'author': {'id': 8, 'username': 'henry', 'avatar': None}, 'parent_comment_id': 83, 'created_at': '2026-04-05 12:39:02.493462', 'updated_at': '2026-04-05 12:39:02.493462', 'like_count': 0, 'liked_by_me': False, 'reply_count': 0, 'replies': []}}
2026-04-05 12:39:02,535 [app.kafka_producer] INFO: Sent to comment-events: {'event': 'mention', 'user_id': 4, 'type': 'mention', 'message': 'henry mentioned you in a comment', 'reference_id': 121}
2026-04-05 12:39:02,562 [app.kafka_producer] INFO: Sent to comment-events: {'event': 'comment_reply', 'user_id': 5, 'type': 'comment_reply', 'message': 'diana replied to your comment', 'reference_id': 122}
2026-04-05 12:39:02,584 [httpx] INFO: HTTP Request: GET http://thread_service:8003/threads/5 "HTTP/1.1 200 OK"
2026-04-05 12:39:02,587 [app.kafka_producer] INFO: Sent to comment-events: {'broadcast': True, 'type': 'new_comment_broadcast', 'comment': {'id': 122, 'content': 'Let me test this out and report back.', 'thread_id': 5, 'author': {'id': 4, 'username': 'diana', 'avatar': None}, 'parent_comment_id': 23, 'created_at': '2026-04-05 12:39:02.552755', 'updated_at': '2026-04-05 12:39:02.552755', 'like_count': 0, 'liked_by_me': False, 'reply_count': 0, 'replies': []}}
2026-04-05 12:39:02,615 [app.kafka_producer] INFO: Sent to comment-events: {'event': 'comment_reply', 'user_id': 11, 'type': 'comment_reply', 'message': 'ivy replied to your comment', 'reference_id': 123}
2026-04-05 12:39:02,640 [httpx] INFO: HTTP Request: GET http://thread_service:8003/threads/9 "HTTP/1.1 200 OK"
2026-04-05 12:39:02,643 [app.kafka_producer] INFO: Sent to comment-events: {'broadcast': True, 'type': 'new_comment_broadcast', 'comment': {'id': 123, 'content': "@karen Well said! I couldn't agree more.", 'thread_id': 9, 'author': {'id': 9, 'username': 'ivy', 'avatar': None}, 'parent_comment_id': 42, 'created_at': '2026-04-05 12:39:02.605866', 'updated_at': '2026-04-05 12:39:02.605866', 'like_count': 0, 'liked_by_me': False, 'reply_count': 0, 'replies': []}}
2026-04-05 12:39:02,646 [app.kafka_producer] INFO: Sent to comment-events: {'event': 'mention', 'user_id': 11, 'type': 'mention', 'message': 'ivy mentioned you in a comment', 'reference_id': 123}
2026-04-05 12:39:02,672 [app.kafka_producer] INFO: Sent to comment-events: {'event': 'comment_reply', 'user_id': 15, 'type': 'comment_reply', 'message': 'sam replied to your comment', 'reference_id': 124}
2026-04-05 12:39:02,697 [httpx] INFO: HTTP Request: GET http://thread_service:8003/threads/17 "HTTP/1.1 200 OK"
2026-04-05 12:39:02,699 [app.kafka_producer] INFO: Sent to comment-events: {'event': 'new_comment', 'user_id': 17, 'type': 'new_comment', 'message': 'sam commented on your thread', 'reference_id': 124}
2026-04-05 12:39:02,702 [app.kafka_producer] INFO: Sent to comment-events: {'broadcast': True, 'type': 'new_comment_broadcast', 'comment': {'id': 124, 'content': 'Good catch — I missed that detail. Updated my approach.', 'thread_id': 17, 'author': {'id': 19, 'username': 'sam', 'avatar': None}, 'parent_comment_id': 87, 'created_at': '2026-04-05 12:39:02.663180', 'updated_at': '2026-04-05 12:39:02.663180', 'like_count': 0, 'liked_by_me': False, 'reply_count': 0, 'replies': []}}
2026-04-05 12:39:02,727 [app.kafka_producer] INFO: Sent to comment-events: {'event': 'comment_reply', 'user_id': 1, 'type': 'comment_reply', 'message': 'peter replied to your comment', 'reference_id': 125}
2026-04-05 12:39:02,773 [httpx] INFO: HTTP Request: GET http://thread_service:8003/threads/7 "HTTP/1.1 200 OK"
2026-04-05 12:39:02,776 [app.kafka_producer] INFO: Sent to comment-events: {'event': 'new_comment', 'user_id': 7, 'type': 'new_comment', 'message': 'peter commented on your thread', 'reference_id': 125}
2026-04-05 12:39:02,778 [app.kafka_producer] INFO: Sent to comment-events: {'broadcast': True, 'type': 'new_comment_broadcast', 'comment': {'id': 125, 'content': 'Exactly! This is the pattern we follow too.', 'thread_id': 7, 'author': {'id': 16, 'username': 'peter', 'avatar': None}, 'parent_comment_id': 34, 'created_at': '2026-04-05 12:39:02.718947', 'updated_at': '2026-04-05 12:39:02.718947', 'like_count': 0, 'liked_by_me': False, 'reply_count': 0, 'replies': []}}
2026-04-05 12:39:02,822 [app.kafka_producer] INFO: Sent to comment-events: {'broadcast': True, 'type': 'comment_like_update', 'comment_id': 20, 'thread_id': 4, 'like_count': 1}
2026-04-05 12:39:02,824 [app.kafka_producer] INFO: Sent to comment-events: {'event': 'comment_liked', 'user_id': 16, 'actor_id': 6, 'type': 'comment_like', 'message': 'frank liked your comment', 'reference_id': 20}
2026-04-05 12:39:02,849 [httpx] INFO: HTTP Request: GET http://thread_service:8003/threads/4 "HTTP/1.1 200 OK"
2026-04-05 12:39:02,852 [app.kafka_producer] INFO: Sent to comment-events: {'event': 'comment_liked_on_thread', 'user_id': 4, 'type': 'comment_like', 'message': 'frank liked a comment on your thread', 'reference_id': 20}
2026-04-05 12:39:02,882 [app.kafka_producer] INFO: Sent to comment-events: {'broadcast': True, 'type': 'comment_like_update', 'comment_id': 74, 'thread_id': 15, 'like_count': 1}
2026-04-05 12:39:02,885 [app.kafka_producer] INFO: Sent to comment-events: {'event': 'comment_liked', 'user_id': 18, 'actor_id': 10, 'type': 'comment_like', 'message': 'jack liked your comment', 'reference_id': 74}
2026-04-05 12:39:02,910 [httpx] INFO: HTTP Request: GET http://thread_service:8003/threads/15 "HTTP/1.1 200 OK"
2026-04-05 12:39:02,912 [app.kafka_producer] INFO: Sent to comment-events: {'event': 'comment_liked_on_thread', 'user_id': 15, 'type': 'comment_like', 'message': 'jack liked a comment on your thread', 'reference_id': 74}
2026-04-05 12:39:02,938 [app.kafka_producer] INFO: Sent to comment-events: {'broadcast': True, 'type': 'comment_like_update', 'comment_id': 71, 'thread_id': 14, 'like_count': 1}
2026-04-05 12:39:02,940 [app.kafka_producer] INFO: Sent to comment-events: {'event': 'comment_liked', 'user_id': 13, 'actor_id': 4, 'type': 'comment_like', 'message': 'diana liked your comment', 'reference_id': 71}
2026-04-05 12:39:02,965 [httpx] INFO: HTTP Request: GET http://thread_service:8003/threads/14 "HTTP/1.1 200 OK"
2026-04-05 12:39:02,968 [app.kafka_producer] INFO: Sent to comment-events: {'event': 'comment_liked_on_thread', 'user_id': 14, 'type': 'comment_like', 'message': 'diana liked a comment on your thread', 'reference_id': 71}
2026-04-05 12:39:02,995 [app.kafka_producer] INFO: Sent to comment-events: {'broadcast': True, 'type': 'comment_like_update', 'comment_id': 17, 'thread_id': 4, 'like_count': 1}
2026-04-05 12:39:02,997 [app.kafka_producer] INFO: Sent to comment-events: {'event': 'comment_liked', 'user_id': 1, 'actor_id': 5, 'type': 'comment_like', 'message': 'eve liked your comment', 'reference_id': 17}
2026-04-05 12:39:03,019 [httpx] INFO: HTTP Request: GET http://thread_service:8003/threads/4 "HTTP/1.1 200 OK"
2026-04-05 12:39:03,021 [app.kafka_producer] INFO: Sent to comment-events: {'event': 'comment_liked_on_thread', 'user_id': 4, 'type': 'comment_like', 'message': 'eve liked a comment on your thread', 'reference_id': 17}
2026-04-05 12:39:03,049 [app.kafka_producer] INFO: Sent to comment-events: {'broadcast': True, 'type': 'comment_like_update', 'comment_id': 86, 'thread_id': 17, 'like_count': 1}
2026-04-05 12:39:03,051 [app.kafka_producer] INFO: Sent to comment-events: {'event': 'comment_liked', 'user_id': 5, 'actor_id': 10, 'type': 'comment_like', 'message': 'jack liked your comment', 'reference_id': 86}
2026-04-05 12:39:03,076 [httpx] INFO: HTTP Request: GET http://thread_service:8003/threads/17 "HTTP/1.1 200 OK"
2026-04-05 12:39:03,079 [app.kafka_producer] INFO: Sent to comment-events: {'event': 'comment_liked_on_thread', 'user_id': 17, 'type': 'comment_like', 'message': 'jack liked a comment on your thread', 'reference_id': 86}
2026-04-05 12:39:03,105 [app.kafka_producer] INFO: Sent to comment-events: {'broadcast': True, 'type': 'comment_like_update', 'comment_id': 9, 'thread_id': 2, 'like_count': 1}
2026-04-05 12:39:03,108 [app.kafka_producer] INFO: Sent to comment-events: {'event': 'comment_liked', 'user_id': 18, 'actor_id': 14, 'type': 'comment_like', 'message': 'noah liked your comment', 'reference_id': 9}
2026-04-05 12:39:03,133 [httpx] INFO: HTTP Request: GET http://thread_service:8003/threads/2 "HTTP/1.1 200 OK"
2026-04-05 12:39:03,135 [app.kafka_producer] INFO: Sent to comment-events: {'event': 'comment_liked_on_thread', 'user_id': 2, 'type': 'comment_like', 'message': 'noah liked a comment on your thread', 'reference_id': 9}
2026-04-05 12:39:03,160 [app.kafka_producer] INFO: Sent to comment-events: {'broadcast': True, 'type': 'comment_like_update', 'comment_id': 48, 'thread_id': 10, 'like_count': 1}
2026-04-05 12:39:03,162 [app.kafka_producer] INFO: Sent to comment-events: {'event': 'comment_liked', 'user_id': 15, 'actor_id': 8, 'type': 'comment_like', 'message': 'henry liked your comment', 'reference_id': 48}
2026-04-05 12:39:03,186 [httpx] INFO: HTTP Request: GET http://thread_service:8003/threads/10 "HTTP/1.1 200 OK"
2026-04-05 12:39:03,188 [app.kafka_producer] INFO: Sent to comment-events: {'event': 'comment_liked_on_thread', 'user_id': 10, 'type': 'comment_like', 'message': 'henry liked a comment on your thread', 'reference_id': 48}
2026-04-05 12:39:03,214 [app.kafka_producer] INFO: Sent to comment-events: {'broadcast': True, 'type': 'comment_like_update', 'comment_id': 84, 'thread_id': 17, 'like_count': 1}
2026-04-05 12:39:03,217 [app.kafka_producer] INFO: Sent to comment-events: {'event': 'comment_liked', 'user_id': 16, 'actor_id': 8, 'type': 'comment_like', 'message': 'henry liked your comment', 'reference_id': 84}
2026-04-05 12:39:03,240 [httpx] INFO: HTTP Request: GET http://thread_service:8003/threads/17 "HTTP/1.1 200 OK"
2026-04-05 12:39:03,243 [app.kafka_producer] INFO: Sent to comment-events: {'event': 'comment_liked_on_thread', 'user_id': 17, 'type': 'comment_like', 'message': 'henry liked a comment on your thread', 'reference_id': 84}
2026-04-05 12:39:03,271 [app.kafka_producer] INFO: Sent to comment-events: {'broadcast': True, 'type': 'comment_like_update', 'comment_id': 37, 'thread_id': 8, 'like_count': 1}
2026-04-05 12:39:03,274 [app.kafka_producer] INFO: Sent to comment-events: {'event': 'comment_liked', 'user_id': 15, 'actor_id': 2, 'type': 'comment_like', 'message': 'bob liked your comment', 'reference_id': 37}
2026-04-05 12:39:03,297 [httpx] INFO: HTTP Request: GET http://thread_service:8003/threads/8 "HTTP/1.1 200 OK"
2026-04-05 12:39:03,299 [app.kafka_producer] INFO: Sent to comment-events: {'event': 'comment_liked_on_thread', 'user_id': 8, 'type': 'comment_like', 'message': 'bob liked a comment on your thread', 'reference_id': 37}
2026-04-05 12:39:03,325 [app.kafka_producer] INFO: Sent to comment-events: {'broadcast': True, 'type': 'comment_like_update', 'comment_id': 19, 'thread_id': 4, 'like_count': 1}
2026-04-05 12:39:03,328 [app.kafka_producer] INFO: Sent to comment-events: {'event': 'comment_liked', 'user_id': 19, 'actor_id': 7, 'type': 'comment_like', 'message': 'grace liked your comment', 'reference_id': 19}
2026-04-05 12:39:03,361 [httpx] INFO: HTTP Request: GET http://thread_service:8003/threads/4 "HTTP/1.1 200 OK"
2026-04-05 12:39:03,364 [app.kafka_producer] INFO: Sent to comment-events: {'event': 'comment_liked_on_thread', 'user_id': 4, 'type': 'comment_like', 'message': 'grace liked a comment on your thread', 'reference_id': 19}
2026-04-05 12:39:03,396 [app.kafka_producer] INFO: Sent to comment-events: {'broadcast': True, 'type': 'comment_like_update', 'comment_id': 2, 'thread_id': 1, 'like_count': 1}
2026-04-05 12:39:03,398 [app.kafka_producer] INFO: Sent to comment-events: {'event': 'comment_liked', 'user_id': 7, 'actor_id': 11, 'type': 'comment_like', 'message': 'karen liked your comment', 'reference_id': 2}
2026-04-05 12:39:03,422 [httpx] INFO: HTTP Request: GET http://thread_service:8003/threads/1 "HTTP/1.1 200 OK"
2026-04-05 12:39:03,425 [app.kafka_producer] INFO: Sent to comment-events: {'event': 'comment_liked_on_thread', 'user_id': 1, 'type': 'comment_like', 'message': 'karen liked a comment on your thread', 'reference_id': 2}
2026-04-05 12:39:03,450 [app.kafka_producer] INFO: Sent to comment-events: {'broadcast': True, 'type': 'comment_like_update', 'comment_id': 62, 'thread_id': 13, 'like_count': 1}
2026-04-05 12:39:03,453 [app.kafka_producer] INFO: Sent to comment-events: {'event': 'comment_liked', 'user_id': 8, 'actor_id': 11, 'type': 'comment_like', 'message': 'karen liked your comment', 'reference_id': 62}
2026-04-05 12:39:03,479 [httpx] INFO: HTTP Request: GET http://thread_service:8003/threads/13 "HTTP/1.1 200 OK"
2026-04-05 12:39:03,481 [app.kafka_producer] INFO: Sent to comment-events: {'event': 'comment_liked_on_thread', 'user_id': 13, 'type': 'comment_like', 'message': 'karen liked a comment on your thread', 'reference_id': 62}
2026-04-05 12:39:03,506 [app.kafka_producer] INFO: Sent to comment-events: {'broadcast': True, 'type': 'comment_like_update', 'comment_id': 34, 'thread_id': 7, 'like_count': 1}
2026-04-05 12:39:03,509 [app.kafka_producer] INFO: Sent to comment-events: {'event': 'comment_liked', 'user_id': 1, 'actor_id': 2, 'type': 'comment_like', 'message': 'bob liked your comment', 'reference_id': 34}
2026-04-05 12:39:03,541 [httpx] INFO: HTTP Request: GET http://thread_service:8003/threads/7 "HTTP/1.1 200 OK"
2026-04-05 12:39:03,543 [app.kafka_producer] INFO: Sent to comment-events: {'event': 'comment_liked_on_thread', 'user_id': 7, 'type': 'comment_like', 'message': 'bob liked a comment on your thread', 'reference_id': 34}
2026-04-05 12:39:03,573 [app.kafka_producer] INFO: Sent to comment-events: {'broadcast': True, 'type': 'comment_like_update', 'comment_id': 38, 'thread_id': 8, 'like_count': 1}
2026-04-05 12:39:03,577 [app.kafka_producer] INFO: Sent to comment-events: {'event': 'comment_liked', 'user_id': 9, 'actor_id': 2, 'type': 'comment_like', 'message': 'bob liked your comment', 'reference_id': 38}
2026-04-05 12:39:03,601 [httpx] INFO: HTTP Request: GET http://thread_service:8003/threads/8 "HTTP/1.1 200 OK"
2026-04-05 12:39:03,604 [app.kafka_producer] INFO: Sent to comment-events: {'event': 'comment_liked_on_thread', 'user_id': 8, 'type': 'comment_like', 'message': 'bob liked a comment on your thread', 'reference_id': 38}
2026-04-05 12:39:03,631 [app.kafka_producer] INFO: Sent to comment-events: {'broadcast': True, 'type': 'comment_like_update', 'comment_id': 14, 'thread_id': 3, 'like_count': 1}
2026-04-05 12:39:03,633 [app.kafka_producer] INFO: Sent to comment-events: {'event': 'comment_liked', 'user_id': 5, 'actor_id': 15, 'type': 'comment_like', 'message': 'olivia liked your comment', 'reference_id': 14}
2026-04-05 12:39:03,656 [httpx] INFO: HTTP Request: GET http://thread_service:8003/threads/3 "HTTP/1.1 200 OK"
2026-04-05 12:39:03,658 [app.kafka_producer] INFO: Sent to comment-events: {'event': 'comment_liked_on_thread', 'user_id': 3, 'type': 'comment_like', 'message': 'olivia liked a comment on your thread', 'reference_id': 14}
2026-04-05 12:39:03,684 [app.kafka_producer] INFO: Sent to comment-events: {'broadcast': True, 'type': 'comment_like_update', 'comment_id': 50, 'thread_id': 11, 'like_count': 1}
2026-04-05 12:39:03,686 [app.kafka_producer] INFO: Sent to comment-events: {'event': 'comment_liked', 'user_id': 1, 'actor_id': 6, 'type': 'comment_like', 'message': 'frank liked your comment', 'reference_id': 50}
2026-04-05 12:39:03,711 [httpx] INFO: HTTP Request: GET http://thread_service:8003/threads/11 "HTTP/1.1 200 OK"
2026-04-05 12:39:03,714 [app.kafka_producer] INFO: Sent to comment-events: {'event': 'comment_liked_on_thread', 'user_id': 11, 'type': 'comment_like', 'message': 'frank liked a comment on your thread', 'reference_id': 50}
2026-04-05 12:39:03,740 [app.kafka_producer] INFO: Sent to comment-events: {'broadcast': True, 'type': 'comment_like_update', 'comment_id': 59, 'thread_id': 12, 'like_count': 1}
2026-04-05 12:39:03,742 [app.kafka_producer] INFO: Sent to comment-events: {'event': 'comment_liked', 'user_id': 6, 'actor_id': 14, 'type': 'comment_like', 'message': 'noah liked your comment', 'reference_id': 59}
2026-04-05 12:39:03,764 [httpx] INFO: HTTP Request: GET http://thread_service:8003/threads/12 "HTTP/1.1 200 OK"
2026-04-05 12:39:03,767 [app.kafka_producer] INFO: Sent to comment-events: {'event': 'comment_liked_on_thread', 'user_id': 12, 'type': 'comment_like', 'message': 'noah liked a comment on your thread', 'reference_id': 59}
2026-04-05 12:39:03,793 [app.kafka_producer] INFO: Sent to comment-events: {'broadcast': True, 'type': 'comment_like_update', 'comment_id': 66, 'thread_id': 14, 'like_count': 1}
2026-04-05 12:39:03,795 [app.kafka_producer] INFO: Sent to comment-events: {'event': 'comment_liked', 'user_id': 12, 'actor_id': 10, 'type': 'comment_like', 'message': 'jack liked your comment', 'reference_id': 66}
2026-04-05 12:39:03,820 [httpx] INFO: HTTP Request: GET http://thread_service:8003/threads/14 "HTTP/1.1 200 OK"
2026-04-05 12:39:03,822 [app.kafka_producer] INFO: Sent to comment-events: {'event': 'comment_liked_on_thread', 'user_id': 14, 'type': 'comment_like', 'message': 'jack liked a comment on your thread', 'reference_id': 66}
2026-04-05 12:39:03,847 [app.kafka_producer] INFO: Sent to comment-events: {'broadcast': True, 'type': 'comment_like_update', 'comment_id': 42, 'thread_id': 9, 'like_count': 1}
2026-04-05 12:39:03,849 [app.kafka_producer] INFO: Sent to comment-events: {'event': 'comment_liked', 'user_id': 11, 'actor_id': 4, 'type': 'comment_like', 'message': 'diana liked your comment', 'reference_id': 42}
2026-04-05 12:39:03,874 [httpx] INFO: HTTP Request: GET http://thread_service:8003/threads/9 "HTTP/1.1 200 OK"
2026-04-05 12:39:03,877 [app.kafka_producer] INFO: Sent to comment-events: {'event': 'comment_liked_on_thread', 'user_id': 9, 'type': 'comment_like', 'message': 'diana liked a comment on your thread', 'reference_id': 42}
2026-04-05 12:39:03,903 [app.kafka_producer] INFO: Sent to comment-events: {'broadcast': True, 'type': 'comment_like_update', 'comment_id': 39, 'thread_id': 8, 'like_count': 1}
2026-04-05 12:39:03,905 [app.kafka_producer] INFO: Sent to comment-events: {'event': 'comment_liked', 'user_id': 20, 'actor_id': 1, 'type': 'comment_like', 'message': 'alice liked your comment', 'reference_id': 39}
2026-04-05 12:39:03,946 [httpx] INFO: HTTP Request: GET http://thread_service:8003/threads/8 "HTTP/1.1 200 OK"
2026-04-05 12:39:03,949 [app.kafka_producer] INFO: Sent to comment-events: {'event': 'comment_liked_on_thread', 'user_id': 8, 'type': 'comment_like', 'message': 'alice liked a comment on your thread', 'reference_id': 39}
2026-04-05 12:39:03,976 [app.kafka_producer] INFO: Sent to comment-events: {'broadcast': True, 'type': 'comment_like_update', 'comment_id': 77, 'thread_id': 16, 'like_count': 1}
2026-04-05 12:39:03,979 [app.kafka_producer] INFO: Sent to comment-events: {'event': 'comment_liked', 'user_id': 11, 'actor_id': 6, 'type': 'comment_like', 'message': 'frank liked your comment', 'reference_id': 77}
2026-04-05 12:39:04,004 [httpx] INFO: HTTP Request: GET http://thread_service:8003/threads/16 "HTTP/1.1 200 OK"
2026-04-05 12:39:04,007 [app.kafka_producer] INFO: Sent to comment-events: {'event': 'comment_liked_on_thread', 'user_id': 16, 'type': 'comment_like', 'message': 'frank liked a comment on your thread', 'reference_id': 77}
2026-04-05 12:39:04,035 [app.kafka_producer] INFO: Sent to comment-events: {'broadcast': True, 'type': 'comment_like_update', 'comment_id': 82, 'thread_id': 16, 'like_count': 1}
2026-04-05 12:39:04,037 [app.kafka_producer] INFO: Sent to comment-events: {'event': 'comment_liked', 'user_id': 14, 'actor_id': 7, 'type': 'comment_like', 'message': 'grace liked your comment', 'reference_id': 82}
2026-04-05 12:39:04,062 [httpx] INFO: HTTP Request: GET http://thread_service:8003/threads/16 "HTTP/1.1 200 OK"
2026-04-05 12:39:04,065 [app.kafka_producer] INFO: Sent to comment-events: {'event': 'comment_liked_on_thread', 'user_id': 16, 'type': 'comment_like', 'message': 'grace liked a comment on your thread', 'reference_id': 82}
2026-04-05 12:39:04,093 [app.kafka_producer] INFO: Sent to comment-events: {'broadcast': True, 'type': 'comment_like_update', 'comment_id': 69, 'thread_id': 14, 'like_count': 1}
2026-04-05 12:39:04,095 [app.kafka_producer] INFO: Sent to comment-events: {'event': 'comment_liked', 'user_id': 11, 'actor_id': 3, 'type': 'comment_like', 'message': 'charlie liked your comment', 'reference_id': 69}
2026-04-05 12:39:04,141 [httpx] INFO: HTTP Request: GET http://thread_service:8003/threads/14 "HTTP/1.1 200 OK"
2026-04-05 12:39:04,143 [app.kafka_producer] INFO: Sent to comment-events: {'event': 'comment_liked_on_thread', 'user_id': 14, 'type': 'comment_like', 'message': 'charlie liked a comment on your thread', 'reference_id': 69}
2026-04-05 12:39:04,196 [app.kafka_producer] INFO: Sent to comment-events: {'broadcast': True, 'type': 'comment_like_update', 'comment_id': 105, 'thread_id': 20, 'like_count': 1}
2026-04-05 12:39:04,198 [app.kafka_producer] INFO: Sent to comment-events: {'event': 'comment_liked', 'user_id': 12, 'actor_id': 17, 'type': 'comment_like', 'message': 'quinn liked your comment', 'reference_id': 105}
2026-04-05 12:39:04,223 [httpx] INFO: HTTP Request: GET http://thread_service:8003/threads/20 "HTTP/1.1 200 OK"
2026-04-05 12:39:04,226 [app.kafka_producer] INFO: Sent to comment-events: {'event': 'comment_liked_on_thread', 'user_id': 20, 'type': 'comment_like', 'message': 'quinn liked a comment on your thread', 'reference_id': 105}
2026-04-05 12:39:04,253 [app.kafka_producer] INFO: Sent to comment-events: {'broadcast': True, 'type': 'comment_like_update', 'comment_id': 57, 'thread_id': 12, 'like_count': 1}
2026-04-05 12:39:04,256 [app.kafka_producer] INFO: Sent to comment-events: {'event': 'comment_liked', 'user_id': 16, 'actor_id': 1, 'type': 'comment_like', 'message': 'alice liked your comment', 'reference_id': 57}
2026-04-05 12:39:04,281 [httpx] INFO: HTTP Request: GET http://thread_service:8003/threads/12 "HTTP/1.1 200 OK"
2026-04-05 12:39:04,283 [app.kafka_producer] INFO: Sent to comment-events: {'event': 'comment_liked_on_thread', 'user_id': 12, 'type': 'comment_like', 'message': 'alice liked a comment on your thread', 'reference_id': 57}
2026-04-05 12:47:33,676 [aiokafka.consumer.fetcher] ERROR: Failed fetch messages from 1: KafkaConnectionError: Connection at kafka:9092 closed
2026-04-05 12:47:33,679 [aiokafka] ERROR: Unable connect to node with id 1: [Errno 111] Connect call failed ('172.22.0.10', 9092)
2026-04-05 12:47:33,681 [aiokafka] ERROR: Unable to update metadata from [1]
2026-04-05 12:47:33,687 [aiokafka] ERROR: Unable connect to node with id 1: [Errno 111] Connect call failed ('172.22.0.10', 9092)
2026-04-05 12:47:33,689 [aiokafka] ERROR: Unable to update metadata from [1]
2026-04-05 12:47:33,733 [aiokafka] ERROR: Unable connect to node with id 1: [Errno 111] Connect call failed ('172.22.0.10', 9092)
2026-04-05 12:47:33,734 [aiokafka.consumer.group_coordinator] ERROR: Error sending OffsetCommitRequest to node 1 [NodeNotReadyError: Attempt to send a request to node which is not ready (node id 1).] -- marking coordinator dead
2026-04-05 12:47:33,735 [aiokafka.consumer.group_coordinator] WARNING: Marking the coordinator dead (node 1)for group comment-service-user-sync.
2026-04-05 12:47:33,779 [aiokafka] ERROR: Unable connect to node with id 1: [Errno 111] Connect call failed ('172.22.0.10', 9092)
2026-04-05 12:47:33,781 [aiokafka.consumer.fetcher] ERROR: Failed fetch messages from 1: NodeNotReadyError: Attempt to send a request to node which is not ready (node id 1).
2026-04-05 12:47:33,784 [aiokafka] ERROR: Unable connect to node with id 1: [Errno 111] Connect call failed ('172.22.0.10', 9092)
2026-04-05 12:47:33,786 [aiokafka] ERROR: Unable to update metadata from [1]
2026-04-05 12:47:33,884 [aiokafka] ERROR: Unable connect to node with id 1: [Errno 111] Connect call failed ('172.22.0.10', 9092)
2026-04-05 12:47:33,887 [aiokafka.consumer.fetcher] ERROR: Failed fetch messages from 1: NodeNotReadyError: Attempt to send a request to node which is not ready (node id 1).
2026-04-05 12:47:33,898 [aiokafka] ERROR: Unable connect to node with id 1: [Errno 111] Connect call failed ('172.22.0.10', 9092)
2026-04-05 12:47:33,913 [aiokafka] ERROR: Unable to update metadata from [1]
2026-04-05 12:47:33,995 [aiokafka] ERROR: Unable connect to node with id 1: [Errno 111] Connect call failed ('172.22.0.10', 9092)
2026-04-05 12:47:33,996 [aiokafka.consumer.fetcher] ERROR: Failed fetch messages from 1: NodeNotReadyError: Attempt to send a request to node which is not ready (node id 1).
2026-04-05 12:47:34,001 [aiokafka] ERROR: Unable connect to node with id 1: [Errno 111] Connect call failed ('172.22.0.10', 9092)
2026-04-05 12:47:34,001 [aiokafka] ERROR: Unable to update metadata from [1]
2026-04-05 12:47:34,099 [aiokafka] ERROR: Unable connect to node with id 1: [Errno 111] Connect call failed ('172.22.0.10', 9092)
2026-04-05 12:47:34,100 [aiokafka.consumer.fetcher] ERROR: Failed fetch messages from 1: NodeNotReadyError: Attempt to send a request to node which is not ready (node id 1).
2026-04-05 12:47:34,102 [aiokafka] ERROR: Unable connect to node with id 1: [Errno 111] Connect call failed ('172.22.0.10', 9092)
2026-04-05 12:47:34,104 [aiokafka] ERROR: Unable to update metadata from [1]
2026-04-05 12:47:34,203 [aiokafka] ERROR: Unable connect to node with id 1: [Errno 111] Connect call failed ('172.22.0.10', 9092)
2026-04-05 12:47:34,205 [aiokafka.consumer.fetcher] ERROR: Failed fetch messages from 1: NodeNotReadyError: Attempt to send a request to node which is not ready (node id 1).
2026-04-05 12:47:34,208 [aiokafka] ERROR: Unable connect to node with id 1: [Errno 111] Connect call failed ('172.22.0.10', 9092)
2026-04-05 12:47:34,212 [aiokafka] ERROR: Unable to update metadata from [1]
2026-04-05 12:47:34,309 [aiokafka] ERROR: Unable connect to node with id 1: [Errno 111] Connect call failed ('172.22.0.10', 9092)
2026-04-05 12:47:34,311 [aiokafka.consumer.fetcher] ERROR: Failed fetch messages from 1: NodeNotReadyError: Attempt to send a request to node which is not ready (node id 1).
2026-04-05 12:47:34,316 [aiokafka] ERROR: Unable connect to node with id 1: [Errno 111] Connect call failed ('172.22.0.10', 9092)
2026-04-05 12:47:34,317 [aiokafka] ERROR: Unable to update metadata from [1]
2026-04-05 12:47:34,417 [aiokafka] ERROR: Unable connect to node with id 1: [Errno 111] Connect call failed ('172.22.0.10', 9092)
2026-04-05 12:47:34,425 [aiokafka.consumer.fetcher] ERROR: Failed fetch messages from 1: NodeNotReadyError: Attempt to send a request to node which is not ready (node id 1).
2026-04-05 12:47:34,437 [aiokafka] ERROR: Unable connect to node with id 1: [Errno 111] Connect call failed ('172.22.0.10', 9092)
2026-04-05 12:47:34,442 [aiokafka] ERROR: Unable to update metadata from [1]
2026-04-05 12:47:34,537 [aiokafka] ERROR: Unable connect to node with id 1: [Errno 111] Connect call failed ('172.22.0.10', 9092)
2026-04-05 12:47:34,539 [aiokafka.consumer.fetcher] ERROR: Failed fetch messages from 1: NodeNotReadyError: Attempt to send a request to node which is not ready (node id 1).
2026-04-05 12:47:34,544 [aiokafka] ERROR: Unable connect to node with id 1: [Errno 111] Connect call failed ('172.22.0.10', 9092)
2026-04-05 12:47:34,550 [aiokafka] ERROR: Unable to update metadata from [1]
2026-04-05 12:47:39,355 [aiokafka] ERROR: Unable connect to "kafka:9092": [Errno 111] Connect call failed ('172.22.0.15', 9092)
2026-04-05 12:47:39,529 [asyncio] ERROR: Unclosed AIOKafkaProducer
producer: <aiokafka.producer.producer.AIOKafkaProducer object at 0x728b67c1dbe0>
2026-04-05 12:51:43,436 [app.kafka_producer] INFO: Kafka producer started
2026-04-05 12:51:43,439 [comment_service] INFO: Comment service started successfully
2026-04-05 12:51:43,445 [aiokafka.consumer.subscription_state] INFO: Updating subscribed topics to: frozenset({'user-events'})
2026-04-05 12:51:43,481 [aiokafka.cluster] WARNING: Topic user-events is not available during auto-create initialization
2026-04-05 12:51:43,657 [aiokafka.consumer.group_coordinator] ERROR: Group Coordinator Request failed: [Error 15] GroupCoordinatorNotAvailableError
2026-04-05 12:51:43,766 [aiokafka.consumer.group_coordinator] ERROR: Group Coordinator Request failed: [Error 15] GroupCoordinatorNotAvailableError
2026-04-05 12:51:43,876 [aiokafka.consumer.group_coordinator] ERROR: Group Coordinator Request failed: [Error 15] GroupCoordinatorNotAvailableError
2026-04-05 12:51:44,007 [aiokafka.consumer.group_coordinator] ERROR: Group Coordinator Request failed: [Error 15] GroupCoordinatorNotAvailableError
2026-04-05 12:51:44,115 [aiokafka.consumer.group_coordinator] ERROR: Group Coordinator Request failed: [Error 15] GroupCoordinatorNotAvailableError
2026-04-05 12:51:44,222 [aiokafka.consumer.group_coordinator] ERROR: Group Coordinator Request failed: [Error 15] GroupCoordinatorNotAvailableError
2026-04-05 12:51:44,330 [aiokafka.consumer.group_coordinator] ERROR: Group Coordinator Request failed: [Error 15] GroupCoordinatorNotAvailableError
2026-04-05 12:51:44,438 [aiokafka.consumer.group_coordinator] ERROR: Group Coordinator Request failed: [Error 15] GroupCoordinatorNotAvailableError
2026-04-05 12:51:44,542 [aiokafka.consumer.group_coordinator] ERROR: Group Coordinator Request failed: [Error 15] GroupCoordinatorNotAvailableError
2026-04-05 12:51:44,647 [aiokafka.consumer.group_coordinator] ERROR: Group Coordinator Request failed: [Error 15] GroupCoordinatorNotAvailableError
2026-04-05 12:51:44,760 [aiokafka.consumer.group_coordinator] INFO: Discovered coordinator 1 for group comment-service-user-sync
2026-04-05 12:51:44,762 [aiokafka.consumer.group_coordinator] INFO: Revoking previously assigned partitions set() for group comment-service-user-sync
2026-04-05 12:51:44,763 [aiokafka.consumer.group_coordinator] INFO: (Re-)joining group comment-service-user-sync
2026-04-05 12:51:47,771 [aiokafka.consumer.group_coordinator] INFO: Joined group 'comment-service-user-sync' (generation 1) with member_id aiokafka-0.13.0-766f510b-9265-49f8-a10d-79db4e22eb5a
2026-04-05 12:51:47,772 [aiokafka.consumer.group_coordinator] INFO: Elected group leader -- performing partition assignments using roundrobin
2026-04-05 12:51:47,780 [aiokafka.consumer.group_coordinator] INFO: Successfully synced group comment-service-user-sync with generation 1
2026-04-05 12:51:47,781 [aiokafka.consumer.group_coordinator] INFO: Setting newly assigned partitions {TopicPartition(topic='user-events', partition=0)} for group comment-service-user-sync
2026-04-05 12:51:47,782 [comment_service.consumer] INFO: Kafka consumer started, listening for user-events
2026-04-05 12:52:33,194 [httpx] INFO: HTTP Request: GET http://user_service:8002/users/15 "HTTP/1.1 200 OK"
2026-04-05 12:52:33,275 [httpx] INFO: HTTP Request: GET http://thread_service:8003/threads/1 "HTTP/1.1 200 OK"
2026-04-05 12:52:33,280 [app.kafka_producer] INFO: Sent to comment-events: {'event': 'new_comment', 'user_id': 1, 'type': 'new_comment', 'message': 'olivia commented on your thread', 'reference_id': 1}
2026-04-05 12:52:33,282 [app.kafka_producer] INFO: Sent to comment-events: {'broadcast': True, 'type': 'new_comment_broadcast', 'comment': {'id': 1, 'content': 'I respectfully disagree. In my experience the opposite is true at scale.', 'thread_id': 1, 'author': {'id': 15, 'username': 'olivia', 'avatar': None}, 'parent_comment_id': None, 'created_at': '2026-04-05 12:52:33.205007', 'updated_at': '2026-04-05 12:52:33.205007', 'like_count': 0, 'liked_by_me': False, 'reply_count': 0, 'replies': []}}
2026-04-05 12:52:33,311 [httpx] INFO: HTTP Request: GET http://user_service:8002/users/3 "HTTP/1.1 200 OK"
2026-04-05 12:52:33,347 [httpx] INFO: HTTP Request: GET http://thread_service:8003/threads/1 "HTTP/1.1 200 OK"
2026-04-05 12:52:33,349 [app.kafka_producer] INFO: Sent to comment-events: {'event': 'new_comment', 'user_id': 1, 'type': 'new_comment', 'message': 'charlie commented on your thread', 'reference_id': 2}
2026-04-05 12:52:33,351 [app.kafka_producer] INFO: Sent to comment-events: {'broadcast': True, 'type': 'new_comment_broadcast', 'comment': {'id': 2, 'content': 'Just deployed this in staging and the results are promising.', 'thread_id': 1, 'author': {'id': 3, 'username': 'charlie', 'avatar': None}, 'parent_comment_id': None, 'created_at': '2026-04-05 12:52:33.317387', 'updated_at': '2026-04-05 12:52:33.317387', 'like_count': 0, 'liked_by_me': False, 'reply_count': 0, 'replies': []}}
2026-04-05 12:52:33,376 [httpx] INFO: HTTP Request: GET http://user_service:8002/users/7 "HTTP/1.1 200 OK"
2026-04-05 12:52:33,410 [httpx] INFO: HTTP Request: GET http://thread_service:8003/threads/1 "HTTP/1.1 200 OK"
2026-04-05 12:52:33,413 [app.kafka_producer] INFO: Sent to comment-events: {'event': 'new_comment', 'user_id': 1, 'type': 'new_comment', 'message': 'grace commented on your thread', 'reference_id': 3}
2026-04-05 12:52:33,416 [app.kafka_producer] INFO: Sent to comment-events: {'broadcast': True, 'type': 'new_comment_broadcast', 'comment': {'id': 3, 'content': 'Great point! I totally agree with this approach.', 'thread_id': 1, 'author': {'id': 7, 'username': 'grace', 'avatar': None}, 'parent_comment_id': None, 'created_at': '2026-04-05 12:52:33.383047', 'updated_at': '2026-04-05 12:52:33.383047', 'like_count': 0, 'liked_by_me': False, 'reply_count': 0, 'replies': []}}
2026-04-05 12:52:33,442 [httpx] INFO: HTTP Request: GET http://user_service:8002/users/14 "HTTP/1.1 200 OK"
2026-04-05 12:52:33,477 [httpx] INFO: HTTP Request: GET http://thread_service:8003/threads/1 "HTTP/1.1 200 OK"
2026-04-05 12:52:33,480 [app.kafka_producer] INFO: Sent to comment-events: {'event': 'new_comment', 'user_id': 1, 'type': 'new_comment', 'message': 'noah commented on your thread', 'reference_id': 4}
2026-04-05 12:52:33,482 [app.kafka_producer] INFO: Sent to comment-events: {'broadcast': True, 'type': 'new_comment_broadcast', 'comment': {'id': 4, 'content': 'Nice! Would love to see a follow-up thread on advanced use cases.', 'thread_id': 1, 'author': {'id': 14, 'username': 'noah', 'avatar': None}, 'parent_comment_id': None, 'created_at': '2026-04-05 12:52:33.447867', 'updated_at': '2026-04-05 12:52:33.447867', 'like_count': 0, 'liked_by_me': False, 'reply_count': 0, 'replies': []}}
2026-04-05 12:52:33,507 [httpx] INFO: HTTP Request: GET http://user_service:8002/users/16 "HTTP/1.1 200 OK"
2026-04-05 12:52:33,541 [httpx] INFO: HTTP Request: GET http://thread_service:8003/threads/1 "HTTP/1.1 200 OK"
2026-04-05 12:52:33,543 [app.kafka_producer] INFO: Sent to comment-events: {'event': 'new_comment', 'user_id': 1, 'type': 'new_comment', 'message': 'peter commented on your thread', 'reference_id': 5}
2026-04-05 12:52:33,545 [app.kafka_producer] INFO: Sent to comment-events: {'broadcast': True, 'type': 'new_comment_broadcast', 'comment': {'id': 5, 'content': 'We ran into the exact same issue last sprint. Here is how we fixed it.', 'thread_id': 1, 'author': {'id': 16, 'username': 'peter', 'avatar': None}, 'parent_comment_id': None, 'created_at': '2026-04-05 12:52:33.513206', 'updated_at': '2026-04-05 12:52:33.513206', 'like_count': 0, 'liked_by_me': False, 'reply_count': 0, 'replies': []}}
2026-04-05 12:52:33,582 [httpx] INFO: HTTP Request: GET http://user_service:8002/users/19 "HTTP/1.1 200 OK"
2026-04-05 12:52:33,619 [httpx] INFO: HTTP Request: GET http://thread_service:8003/threads/2 "HTTP/1.1 200 OK"
2026-04-05 12:52:33,622 [app.kafka_producer] INFO: Sent to comment-events: {'event': 'new_comment', 'user_id': 2, 'type': 'new_comment', 'message': 'sam commented on your thread', 'reference_id': 6}
2026-04-05 12:52:33,626 [app.kafka_producer] INFO: Sent to comment-events: {'broadcast': True, 'type': 'new_comment_broadcast', 'comment': {'id': 6, 'content': "Has anyone benchmarked this? I'm curious about the performance impact.", 'thread_id': 2, 'author': {'id': 19, 'username': 'sam', 'avatar': None}, 'parent_comment_id': None, 'created_at': '2026-04-05 12:52:33.588260', 'updated_at': '2026-04-05 12:52:33.588260', 'like_count': 0, 'liked_by_me': False, 'reply_count': 0, 'replies': []}}
2026-04-05 12:52:33,653 [httpx] INFO: HTTP Request: GET http://user_service:8002/users/2 "HTTP/1.1 200 OK"
2026-04-05 12:52:33,686 [httpx] INFO: HTTP Request: GET http://thread_service:8003/threads/2 "HTTP/1.1 200 OK"
2026-04-05 12:52:33,689 [app.kafka_producer] INFO: Sent to comment-events: {'broadcast': True, 'type': 'new_comment_broadcast', 'comment': {'id': 7, 'content': 'Solid advice. We adopted this pattern last quarter and it worked great.', 'thread_id': 2, 'author': {'id': 2, 'username': 'bob', 'avatar': None}, 'parent_comment_id': None, 'created_at': '2026-04-05 12:52:33.659411', 'updated_at': '2026-04-05 12:52:33.659411', 'like_count': 0, 'liked_by_me': False, 'reply_count': 0, 'replies': []}}
2026-04-05 12:52:33,737 [httpx] INFO: HTTP Request: GET http://user_service:8002/users/1 "HTTP/1.1 200 OK"
2026-04-05 12:52:33,784 [httpx] INFO: HTTP Request: GET http://thread_service:8003/threads/2 "HTTP/1.1 200 OK"
2026-04-05 12:52:33,788 [app.kafka_producer] INFO: Sent to comment-events: {'event': 'new_comment', 'user_id': 2, 'type': 'new_comment', 'message': 'alice commented on your thread', 'reference_id': 8}
2026-04-05 12:52:33,792 [app.kafka_producer] INFO: Sent to comment-events: {'broadcast': True, 'type': 'new_comment_broadcast', 'comment': {'id': 8, 'content': 'Would be great to see a benchmark comparing the two approaches.', 'thread_id': 2, 'author': {'id': 1, 'username': 'alice', 'avatar': None}, 'parent_comment_id': None, 'created_at': '2026-04-05 12:52:33.743411', 'updated_at': '2026-04-05 12:52:33.743411', 'like_count': 0, 'liked_by_me': False, 'reply_count': 0, 'replies': []}}
2026-04-05 12:52:33,822 [httpx] INFO: HTTP Request: GET http://user_service:8002/users/6 "HTTP/1.1 200 OK"
2026-04-05 12:52:33,864 [httpx] INFO: HTTP Request: GET http://thread_service:8003/threads/2 "HTTP/1.1 200 OK"
2026-04-05 12:52:33,867 [app.kafka_producer] INFO: Sent to comment-events: {'event': 'new_comment', 'user_id': 2, 'type': 'new_comment', 'message': 'frank commented on your thread', 'reference_id': 9}
2026-04-05 12:52:33,869 [app.kafka_producer] INFO: Sent to comment-events: {'broadcast': True, 'type': 'new_comment_broadcast', 'comment': {'id': 9, 'content': 'Great point! I totally agree with this approach.', 'thread_id': 2, 'author': {'id': 6, 'username': 'frank', 'avatar': None}, 'parent_comment_id': None, 'created_at': '2026-04-05 12:52:33.829286', 'updated_at': '2026-04-05 12:52:33.829286', 'like_count': 0, 'liked_by_me': False, 'reply_count': 0, 'replies': []}}
2026-04-05 12:52:33,918 [httpx] INFO: HTTP Request: GET http://thread_service:8003/threads/2 "HTTP/1.1 200 OK"
2026-04-05 12:52:33,920 [app.kafka_producer] INFO: Sent to comment-events: {'broadcast': True, 'type': 'new_comment_broadcast', 'comment': {'id': 10, 'content': 'Adding to the list: do not forget about edge cases with concurrent requests.', 'thread_id': 2, 'author': {'id': 2, 'username': 'bob', 'avatar': None}, 'parent_comment_id': None, 'created_at': '2026-04-05 12:52:33.885175', 'updated_at': '2026-04-05 12:52:33.885175', 'like_count': 0, 'liked_by_me': False, 'reply_count': 0, 'replies': []}}
2026-04-05 12:52:33,971 [httpx] INFO: HTTP Request: GET http://thread_service:8003/threads/3 "HTTP/1.1 200 OK"
2026-04-05 12:52:33,973 [app.kafka_producer] INFO: Sent to comment-events: {'event': 'new_comment', 'user_id': 3, 'type': 'new_comment', 'message': 'frank commented on your thread', 'reference_id': 11}
2026-04-05 12:52:33,976 [app.kafka_producer] INFO: Sent to comment-events: {'broadcast': True, 'type': 'new_comment_broadcast', 'comment': {'id': 11, 'content': 'Solid advice. We adopted this pattern last quarter and it worked great.', 'thread_id': 3, 'author': {'id': 6, 'username': 'frank', 'avatar': None}, 'parent_comment_id': None, 'created_at': '2026-04-05 12:52:33.938353', 'updated_at': '2026-04-05 12:52:33.938353', 'like_count': 0, 'liked_by_me': False, 'reply_count': 0, 'replies': []}}
2026-04-05 12:52:34,022 [httpx] INFO: HTTP Request: GET http://thread_service:8003/threads/3 "HTTP/1.1 200 OK"
2026-04-05 12:52:34,025 [app.kafka_producer] INFO: Sent to comment-events: {'event': 'new_comment', 'user_id': 3, 'type': 'new_comment', 'message': 'grace commented on your thread', 'reference_id': 12}
2026-04-05 12:52:34,027 [app.kafka_producer] INFO: Sent to comment-events: {'broadcast': True, 'type': 'new_comment_broadcast', 'comment': {'id': 12, 'content': "Good write-up! I'd add that error handling is also critical here.", 'thread_id': 3, 'author': {'id': 7, 'username': 'grace', 'avatar': None}, 'parent_comment_id': None, 'created_at': '2026-04-05 12:52:33.994696', 'updated_at': '2026-04-05 12:52:33.994696', 'like_count': 0, 'liked_by_me': False, 'reply_count': 0, 'replies': []}}
2026-04-05 12:52:34,074 [httpx] INFO: HTTP Request: GET http://thread_service:8003/threads/3 "HTTP/1.1 200 OK"
2026-04-05 12:52:34,076 [app.kafka_producer] INFO: Sent to comment-events: {'event': 'new_comment', 'user_id': 3, 'type': 'new_comment', 'message': 'alice commented on your thread', 'reference_id': 13}
2026-04-05 12:52:34,078 [app.kafka_producer] INFO: Sent to comment-events: {'broadcast': True, 'type': 'new_comment_broadcast', 'comment': {'id': 13, 'content': 'Nice! Would love to see a follow-up thread on advanced use cases.', 'thread_id': 3, 'author': {'id': 1, 'username': 'alice', 'avatar': None}, 'parent_comment_id': None, 'created_at': '2026-04-05 12:52:34.045810', 'updated_at': '2026-04-05 12:52:34.045810', 'like_count': 0, 'liked_by_me': False, 'reply_count': 0, 'replies': []}}
2026-04-05 12:52:34,104 [httpx] INFO: HTTP Request: GET http://user_service:8002/users/20 "HTTP/1.1 200 OK"
2026-04-05 12:52:34,141 [httpx] INFO: HTTP Request: GET http://thread_service:8003/threads/3 "HTTP/1.1 200 OK"
2026-04-05 12:52:34,144 [app.kafka_producer] INFO: Sent to comment-events: {'event': 'new_comment', 'user_id': 3, 'type': 'new_comment', 'message': 'tina commented on your thread', 'reference_id': 14}
2026-04-05 12:52:34,147 [app.kafka_producer] INFO: Sent to comment-events: {'broadcast': True, 'type': 'new_comment_broadcast', 'comment': {'id': 14, 'content': "Has anyone benchmarked this? I'm curious about the performance impact.", 'thread_id': 3, 'author': {'id': 20, 'username': 'tina', 'avatar': None}, 'parent_comment_id': None, 'created_at': '2026-04-05 12:52:34.110380', 'updated_at': '2026-04-05 12:52:34.110380', 'like_count': 0, 'liked_by_me': False, 'reply_count': 0, 'replies': []}}
2026-04-05 12:52:34,173 [httpx] INFO: HTTP Request: GET http://user_service:8002/users/17 "HTTP/1.1 200 OK"
2026-04-05 12:52:34,209 [httpx] INFO: HTTP Request: GET http://thread_service:8003/threads/3 "HTTP/1.1 200 OK"
2026-04-05 12:52:34,212 [app.kafka_producer] INFO: Sent to comment-events: {'event': 'new_comment', 'user_id': 3, 'type': 'new_comment', 'message': 'quinn commented on your thread', 'reference_id': 15}
2026-04-05 12:52:34,214 [app.kafka_producer] INFO: Sent to comment-events: {'broadcast': True, 'type': 'new_comment_broadcast', 'comment': {'id': 15, 'content': 'I respectfully disagree. In my experience the opposite is true at scale.', 'thread_id': 3, 'author': {'id': 17, 'username': 'quinn', 'avatar': None}, 'parent_comment_id': None, 'created_at': '2026-04-05 12:52:34.178804', 'updated_at': '2026-04-05 12:52:34.178804', 'like_count': 0, 'liked_by_me': False, 'reply_count': 0, 'replies': []}}
2026-04-05 12:52:34,265 [httpx] INFO: HTTP Request: GET http://thread_service:8003/threads/4 "HTTP/1.1 200 OK"
2026-04-05 12:52:34,268 [app.kafka_producer] INFO: Sent to comment-events: {'event': 'new_comment', 'user_id': 4, 'type': 'new_comment', 'message': 'bob commented on your thread', 'reference_id': 16}
2026-04-05 12:52:34,270 [app.kafka_producer] INFO: Sent to comment-events: {'broadcast': True, 'type': 'new_comment_broadcast', 'comment': {'id': 16, 'content': "Can you elaborate more on this? I'd love to understand the internals.", 'thread_id': 4, 'author': {'id': 2, 'username': 'bob', 'avatar': None}, 'parent_comment_id': None, 'created_at': '2026-04-05 12:52:34.231955', 'updated_at': '2026-04-05 12:52:34.231955', 'like_count': 0, 'liked_by_me': False, 'reply_count': 0, 'replies': []}}
2026-04-05 12:52:34,296 [httpx] INFO: HTTP Request: GET http://user_service:8002/users/4 "HTTP/1.1 200 OK"
2026-04-05 12:52:34,333 [httpx] INFO: HTTP Request: GET http://thread_service:8003/threads/4 "HTTP/1.1 200 OK"
2026-04-05 12:52:34,336 [app.kafka_producer] INFO: Sent to comment-events: {'broadcast': True, 'type': 'new_comment_broadcast', 'comment': {'id': 17, 'content': "Can you elaborate more on this? I'd love to understand the internals.", 'thread_id': 4, 'author': {'id': 4, 'username': 'diana', 'avatar': None}, 'parent_comment_id': None, 'created_at': '2026-04-05 12:52:34.303196', 'updated_at': '2026-04-05 12:52:34.303196', 'like_count': 0, 'liked_by_me': False, 'reply_count': 0, 'replies': []}}
2026-04-05 12:52:34,379 [httpx] INFO: HTTP Request: GET http://thread_service:8003/threads/4 "HTTP/1.1 200 OK"
2026-04-05 12:52:34,382 [app.kafka_producer] INFO: Sent to comment-events: {'event': 'new_comment', 'user_id': 4, 'type': 'new_comment', 'message': 'bob commented on your thread', 'reference_id': 18}
2026-04-05 12:52:34,385 [app.kafka_producer] INFO: Sent to comment-events: {'broadcast': True, 'type': 'new_comment_broadcast', 'comment': {'id': 18, 'content': 'Nice! Would love to see a follow-up thread on advanced use cases.', 'thread_id': 4, 'author': {'id': 2, 'username': 'bob', 'avatar': None}, 'parent_comment_id': None, 'created_at': '2026-04-05 12:52:34.352997', 'updated_at': '2026-04-05 12:52:34.352997', 'like_count': 0, 'liked_by_me': False, 'reply_count': 0, 'replies': []}}
2026-04-05 12:52:34,430 [httpx] INFO: HTTP Request: GET http://thread_service:8003/threads/4 "HTTP/1.1 200 OK"
2026-04-05 12:52:34,433 [app.kafka_producer] INFO: Sent to comment-events: {'event': 'new_comment', 'user_id': 4, 'type': 'new_comment', 'message': 'olivia commented on your thread', 'reference_id': 19}
2026-04-05 12:52:34,435 [app.kafka_producer] INFO: Sent to comment-events: {'broadcast': True, 'type': 'new_comment_broadcast', 'comment': {'id': 19, 'content': 'Underrated topic! More people should be talking about this.', 'thread_id': 4, 'author': {'id': 15, 'username': 'olivia', 'avatar': None}, 'parent_comment_id': None, 'created_at': '2026-04-05 12:52:34.401372', 'updated_at': '2026-04-05 12:52:34.401372', 'like_count': 0, 'liked_by_me': False, 'reply_count': 0, 'replies': []}}
2026-04-05 12:52:34,461 [httpx] INFO: HTTP Request: GET http://user_service:8002/users/18 "HTTP/1.1 200 OK"
2026-04-05 12:52:34,504 [httpx] INFO: HTTP Request: GET http://thread_service:8003/threads/4 "HTTP/1.1 200 OK"
2026-04-05 12:52:34,507 [app.kafka_producer] INFO: Sent to comment-events: {'event': 'new_comment', 'user_id': 4, 'type': 'new_comment', 'message': 'rachel commented on your thread', 'reference_id': 20}
2026-04-05 12:52:34,509 [app.kafka_producer] INFO: Sent to comment-events: {'broadcast': True, 'type': 'new_comment_broadcast', 'comment': {'id': 20, 'content': 'This is exactly what I was looking for — bookmarked!', 'thread_id': 4, 'author': {'id': 18, 'username': 'rachel', 'avatar': None}, 'parent_comment_id': None, 'created_at': '2026-04-05 12:52:34.465760', 'updated_at': '2026-04-05 12:52:34.465760', 'like_count': 0, 'liked_by_me': False, 'reply_count': 0, 'replies': []}}
2026-04-05 12:52:34,536 [httpx] INFO: HTTP Request: GET http://user_service:8002/users/10 "HTTP/1.1 200 OK"
2026-04-05 12:52:34,570 [httpx] INFO: HTTP Request: GET http://thread_service:8003/threads/4 "HTTP/1.1 200 OK"
2026-04-05 12:52:34,574 [app.kafka_producer] INFO: Sent to comment-events: {'event': 'new_comment', 'user_id': 4, 'type': 'new_comment', 'message': 'jack commented on your thread', 'reference_id': 21}
2026-04-05 12:52:34,577 [app.kafka_producer] INFO: Sent to comment-events: {'broadcast': True, 'type': 'new_comment_broadcast', 'comment': {'id': 21, 'content': 'This thread is gold. More discussions like this please!', 'thread_id': 4, 'author': {'id': 10, 'username': 'jack', 'avatar': None}, 'parent_comment_id': None, 'created_at': '2026-04-05 12:52:34.542022', 'updated_at': '2026-04-05 12:52:34.542022', 'like_count': 0, 'liked_by_me': False, 'reply_count': 0, 'replies': []}}
2026-04-05 12:52:34,623 [httpx] INFO: HTTP Request: GET http://thread_service:8003/threads/4 "HTTP/1.1 200 OK"
2026-04-05 12:52:34,626 [app.kafka_producer] INFO: Sent to comment-events: {'event': 'new_comment', 'user_id': 4, 'type': 'new_comment', 'message': 'tina commented on your thread', 'reference_id': 22}
2026-04-05 12:52:34,628 [app.kafka_producer] INFO: Sent to comment-events: {'broadcast': True, 'type': 'new_comment_broadcast', 'comment': {'id': 22, 'content': 'Just deployed this in staging and the results are promising.', 'thread_id': 4, 'author': {'id': 20, 'username': 'tina', 'avatar': None}, 'parent_comment_id': None, 'created_at': '2026-04-05 12:52:34.593383', 'updated_at': '2026-04-05 12:52:34.593383', 'like_count': 0, 'liked_by_me': False, 'reply_count': 0, 'replies': []}}
2026-04-05 12:52:34,672 [httpx] INFO: HTTP Request: GET http://thread_service:8003/threads/5 "HTTP/1.1 200 OK"
2026-04-05 12:52:34,675 [app.kafka_producer] INFO: Sent to comment-events: {'event': 'new_comment', 'user_id': 5, 'type': 'new_comment', 'message': 'charlie commented on your thread', 'reference_id': 23}
2026-04-05 12:52:34,677 [app.kafka_producer] INFO: Sent to comment-events: {'broadcast': True, 'type': 'new_comment_broadcast', 'comment': {'id': 23, 'content': 'We ran into the exact same issue last sprint. Here is how we fixed it.', 'thread_id': 5, 'author': {'id': 3, 'username': 'charlie', 'avatar': None}, 'parent_comment_id': None, 'created_at': '2026-04-05 12:52:34.644826', 'updated_at': '2026-04-05 12:52:34.644826', 'like_count': 0, 'liked_by_me': False, 'reply_count': 0, 'replies': []}}
2026-04-05 12:52:34,722 [httpx] INFO: HTTP Request: GET http://thread_service:8003/threads/5 "HTTP/1.1 200 OK"
2026-04-05 12:52:34,724 [app.kafka_producer] INFO: Sent to comment-events: {'event': 'new_comment', 'user_id': 5, 'type': 'new_comment', 'message': 'sam commented on your thread', 'reference_id': 24}
2026-04-05 12:52:34,726 [app.kafka_producer] INFO: Sent to comment-events: {'broadcast': True, 'type': 'new_comment_broadcast', 'comment': {'id': 24, 'content': 'Thanks for sharing! This saved me hours of debugging.', 'thread_id': 5, 'author': {'id': 19, 'username': 'sam', 'avatar': None}, 'parent_comment_id': None, 'created_at': '2026-04-05 12:52:34.694213', 'updated_at': '2026-04-05 12:52:34.694213', 'like_count': 0, 'liked_by_me': False, 'reply_count': 0, 'replies': []}}
2026-04-05 12:52:34,751 [httpx] INFO: HTTP Request: GET http://user_service:8002/users/8 "HTTP/1.1 200 OK"
2026-04-05 12:52:34,783 [httpx] INFO: HTTP Request: GET http://thread_service:8003/threads/5 "HTTP/1.1 200 OK"
2026-04-05 12:52:34,786 [app.kafka_producer] INFO: Sent to comment-events: {'event': 'new_comment', 'user_id': 5, 'type': 'new_comment', 'message': 'henry commented on your thread', 'reference_id': 25}
2026-04-05 12:52:34,788 [app.kafka_producer] INFO: Sent to comment-events: {'broadcast': True, 'type': 'new_comment_broadcast', 'comment': {'id': 25, 'content': 'Adding to the list: do not forget about edge cases with concurrent requests.', 'thread_id': 5, 'author': {'id': 8, 'username': 'henry', 'avatar': None}, 'parent_comment_id': None, 'created_at': '2026-04-05 12:52:34.757125', 'updated_at': '2026-04-05 12:52:34.757125', 'like_count': 0, 'liked_by_me': False, 'reply_count': 0, 'replies': []}}
2026-04-05 12:52:34,832 [httpx] INFO: HTTP Request: GET http://thread_service:8003/threads/5 "HTTP/1.1 200 OK"
2026-04-05 12:52:34,835 [app.kafka_producer] INFO: Sent to comment-events: {'event': 'new_comment', 'user_id': 5, 'type': 'new_comment', 'message': 'olivia commented on your thread', 'reference_id': 26}
2026-04-05 12:52:34,839 [app.kafka_producer] INFO: Sent to comment-events: {'broadcast': True, 'type': 'new_comment_broadcast', 'comment': {'id': 26, 'content': 'Adding to the list: do not forget about edge cases with concurrent requests.', 'thread_id': 5, 'author': {'id': 15, 'username': 'olivia', 'avatar': None}, 'parent_comment_id': None, 'created_at': '2026-04-05 12:52:34.803709', 'updated_at': '2026-04-05 12:52:34.803709', 'like_count': 0, 'liked_by_me': False, 'reply_count': 0, 'replies': []}}
2026-04-05 12:52:34,886 [httpx] INFO: HTTP Request: GET http://thread_service:8003/threads/5 "HTTP/1.1 200 OK"
2026-04-05 12:52:34,887 [app.kafka_producer] INFO: Sent to comment-events: {'event': 'new_comment', 'user_id': 5, 'type': 'new_comment', 'message': 'tina commented on your thread', 'reference_id': 27}
2026-04-05 12:52:34,890 [app.kafka_producer] INFO: Sent to comment-events: {'broadcast': True, 'type': 'new_comment_broadcast', 'comment': {'id': 27, 'content': 'Would be great to see a benchmark comparing the two approaches.', 'thread_id': 5, 'author': {'id': 20, 'username': 'tina', 'avatar': None}, 'parent_comment_id': None, 'created_at': '2026-04-05 12:52:34.857585', 'updated_at': '2026-04-05 12:52:34.857585', 'like_count': 0, 'liked_by_me': False, 'reply_count': 0, 'replies': []}}
2026-04-05 12:52:34,916 [httpx] INFO: HTTP Request: GET http://user_service:8002/users/12 "HTTP/1.1 200 OK"
2026-04-05 12:52:34,947 [httpx] INFO: HTTP Request: GET http://thread_service:8003/threads/6 "HTTP/1.1 200 OK"
2026-04-05 12:52:34,949 [app.kafka_producer] INFO: Sent to comment-events: {'event': 'new_comment', 'user_id': 6, 'type': 'new_comment', 'message': 'leo commented on your thread', 'reference_id': 28}
2026-04-05 12:52:34,951 [app.kafka_producer] INFO: Sent to comment-events: {'broadcast': True, 'type': 'new_comment_broadcast', 'comment': {'id': 28, 'content': "Good write-up! I'd add that error handling is also critical here.", 'thread_id': 6, 'author': {'id': 12, 'username': 'leo', 'avatar': None}, 'parent_comment_id': None, 'created_at': '2026-04-05 12:52:34.921734', 'updated_at': '2026-04-05 12:52:34.921734', 'like_count': 0, 'liked_by_me': False, 'reply_count': 0, 'replies': []}}
2026-04-05 12:52:35,012 [httpx] INFO: HTTP Request: GET http://thread_service:8003/threads/6 "HTTP/1.1 200 OK"
2026-04-05 12:52:35,015 [app.kafka_producer] INFO: Sent to comment-events: {'event': 'new_comment', 'user_id': 6, 'type': 'new_comment', 'message': 'quinn commented on your thread', 'reference_id': 29}
2026-04-05 12:52:35,017 [app.kafka_producer] INFO: Sent to comment-events: {'broadcast': True, 'type': 'new_comment_broadcast', 'comment': {'id': 29, 'content': 'We use a similar setup at work. One gotcha to watch out for is memory leaks.', 'thread_id': 6, 'author': {'id': 17, 'username': 'quinn', 'avatar': None}, 'parent_comment_id': None, 'created_at': '2026-04-05 12:52:34.968435', 'updated_at': '2026-04-05 12:52:34.968435', 'like_count': 0, 'liked_by_me': False, 'reply_count': 0, 'replies': []}}
2026-04-05 12:52:35,062 [httpx] INFO: HTTP Request: GET http://thread_service:8003/threads/6 "HTTP/1.1 200 OK"
2026-04-05 12:52:35,065 [app.kafka_producer] INFO: Sent to comment-events: {'event': 'new_comment', 'user_id': 6, 'type': 'new_comment', 'message': 'noah commented on your thread', 'reference_id': 30}
2026-04-05 12:52:35,067 [app.kafka_producer] INFO: Sent to comment-events: {'broadcast': True, 'type': 'new_comment_broadcast', 'comment': {'id': 30, 'content': "I had a similar experience. Here's what worked for me in production.", 'thread_id': 6, 'author': {'id': 14, 'username': 'noah', 'avatar': None}, 'parent_comment_id': None, 'created_at': '2026-04-05 12:52:35.032301', 'updated_at': '2026-04-05 12:52:35.032301', 'like_count': 0, 'liked_by_me': False, 'reply_count': 0, 'replies': []}}
2026-04-05 12:52:35,092 [httpx] INFO: HTTP Request: GET http://user_service:8002/users/9 "HTTP/1.1 200 OK"
2026-04-05 12:52:35,124 [httpx] INFO: HTTP Request: GET http://thread_service:8003/threads/6 "HTTP/1.1 200 OK"
2026-04-05 12:52:35,126 [app.kafka_producer] INFO: Sent to comment-events: {'event': 'new_comment', 'user_id': 6, 'type': 'new_comment', 'message': 'ivy commented on your thread', 'reference_id': 31}
2026-04-05 12:52:35,128 [app.kafka_producer] INFO: Sent to comment-events: {'broadcast': True, 'type': 'new_comment_broadcast', 'comment': {'id': 31, 'content': 'This reminded me of a talk I saw at PyCon. Very relevant.', 'thread_id': 6, 'author': {'id': 9, 'username': 'ivy', 'avatar': None}, 'parent_comment_id': None, 'created_at': '2026-04-05 12:52:35.097487', 'updated_at': '2026-04-05 12:52:35.097487', 'like_count': 0, 'liked_by_me': False, 'reply_count': 0, 'replies': []}}
2026-04-05 12:52:35,181 [httpx] INFO: HTTP Request: GET http://thread_service:8003/threads/6 "HTTP/1.1 200 OK"
2026-04-05 12:52:35,184 [app.kafka_producer] INFO: Sent to comment-events: {'broadcast': True, 'type': 'new_comment_broadcast', 'comment': {'id': 32, 'content': "Can you elaborate more on this? I'd love to understand the internals.", 'thread_id': 6, 'author': {'id': 6, 'username': 'frank', 'avatar': None}, 'parent_comment_id': None, 'created_at': '2026-04-05 12:52:35.143614', 'updated_at': '2026-04-05 12:52:35.143614', 'like_count': 0, 'liked_by_me': False, 'reply_count': 0, 'replies': []}}
2026-04-05 12:52:35,227 [httpx] INFO: HTTP Request: GET http://thread_service:8003/threads/7 "HTTP/1.1 200 OK"
2026-04-05 12:52:35,229 [app.kafka_producer] INFO: Sent to comment-events: {'broadcast': True, 'type': 'new_comment_broadcast', 'comment': {'id': 33, 'content': 'Solid advice. We adopted this pattern last quarter and it worked great.', 'thread_id': 7, 'author': {'id': 7, 'username': 'grace', 'avatar': None}, 'parent_comment_id': None, 'created_at': '2026-04-05 12:52:35.199874', 'updated_at': '2026-04-05 12:52:35.199874', 'like_count': 0, 'liked_by_me': False, 'reply_count': 0, 'replies': []}}
2026-04-05 12:52:35,273 [httpx] INFO: HTTP Request: GET http://thread_service:8003/threads/7 "HTTP/1.1 200 OK"
2026-04-05 12:52:35,275 [app.kafka_producer] INFO: Sent to comment-events: {'event': 'new_comment', 'user_id': 7, 'type': 'new_comment', 'message': 'frank commented on your thread', 'reference_id': 34}
2026-04-05 12:52:35,277 [app.kafka_producer] INFO: Sent to comment-events: {'broadcast': True, 'type': 'new_comment_broadcast', 'comment': {'id': 34, 'content': "Has anyone benchmarked this? I'm curious about the performance impact.", 'thread_id': 7, 'author': {'id': 6, 'username': 'frank', 'avatar': None}, 'parent_comment_id': None, 'created_at': '2026-04-05 12:52:35.245396', 'updated_at': '2026-04-05 12:52:35.245396', 'like_count': 0, 'liked_by_me': False, 'reply_count': 0, 'replies': []}}
2026-04-05 12:52:35,319 [httpx] INFO: HTTP Request: GET http://thread_service:8003/threads/7 "HTTP/1.1 200 OK"
2026-04-05 12:52:35,321 [app.kafka_producer] INFO: Sent to comment-events: {'event': 'new_comment', 'user_id': 7, 'type': 'new_comment', 'message': 'frank commented on your thread', 'reference_id': 35}
2026-04-05 12:52:35,324 [app.kafka_producer] INFO: Sent to comment-events: {'broadcast': True, 'type': 'new_comment_broadcast', 'comment': {'id': 35, 'content': 'Thanks for sharing! This saved me hours of debugging.', 'thread_id': 7, 'author': {'id': 6, 'username': 'frank', 'avatar': None}, 'parent_comment_id': None, 'created_at': '2026-04-05 12:52:35.292513', 'updated_at': '2026-04-05 12:52:35.292513', 'like_count': 0, 'liked_by_me': False, 'reply_count': 0, 'replies': []}}
2026-04-05 12:52:35,370 [httpx] INFO: HTTP Request: GET http://thread_service:8003/threads/7 "HTTP/1.1 200 OK"
2026-04-05 12:52:35,372 [app.kafka_producer] INFO: Sent to comment-events: {'event': 'new_comment', 'user_id': 7, 'type': 'new_comment', 'message': 'frank commented on your thread', 'reference_id': 36}
2026-04-05 12:52:35,375 [app.kafka_producer] INFO: Sent to comment-events: {'broadcast': True, 'type': 'new_comment_broadcast', 'comment': {'id': 36, 'content': 'Great point! I totally agree with this approach.', 'thread_id': 7, 'author': {'id': 6, 'username': 'frank', 'avatar': None}, 'parent_comment_id': None, 'created_at': '2026-04-05 12:52:35.341079', 'updated_at': '2026-04-05 12:52:35.341079', 'like_count': 0, 'liked_by_me': False, 'reply_count': 0, 'replies': []}}
2026-04-05 12:52:35,421 [httpx] INFO: HTTP Request: GET http://thread_service:8003/threads/7 "HTTP/1.1 200 OK"
2026-04-05 12:52:35,423 [app.kafka_producer] INFO: Sent to comment-events: {'event': 'new_comment', 'user_id': 7, 'type': 'new_comment', 'message': 'jack commented on your thread', 'reference_id': 37}
2026-04-05 12:52:35,425 [app.kafka_producer] INFO: Sent to comment-events: {'broadcast': True, 'type': 'new_comment_broadcast', 'comment': {'id': 37, 'content': "Can you elaborate more on this? I'd love to understand the internals.", 'thread_id': 7, 'author': {'id': 10, 'username': 'jack', 'avatar': None}, 'parent_comment_id': None, 'created_at': '2026-04-05 12:52:35.394004', 'updated_at': '2026-04-05 12:52:35.394004', 'like_count': 0, 'liked_by_me': False, 'reply_count': 0, 'replies': []}}
2026-04-05 12:52:35,478 [httpx] INFO: HTTP Request: GET http://user_service:8002/users/13 "HTTP/1.1 200 OK"
2026-04-05 12:52:35,513 [httpx] INFO: HTTP Request: GET http://thread_service:8003/threads/8 "HTTP/1.1 200 OK"
2026-04-05 12:52:35,515 [app.kafka_producer] INFO: Sent to comment-events: {'event': 'new_comment', 'user_id': 8, 'type': 'new_comment', 'message': 'mia commented on your thread', 'reference_id': 38}
2026-04-05 12:52:35,517 [app.kafka_producer] INFO: Sent to comment-events: {'broadcast': True, 'type': 'new_comment_broadcast', 'comment': {'id': 38, 'content': 'Nice! Would love to see a follow-up thread on advanced use cases.', 'thread_id': 8, 'author': {'id': 13, 'username': 'mia', 'avatar': None}, 'parent_comment_id': None, 'created_at': '2026-04-05 12:52:35.484414', 'updated_at': '2026-04-05 12:52:35.484414', 'like_count': 0, 'liked_by_me': False, 'reply_count': 0, 'replies': []}}
2026-04-05 12:52:35,559 [httpx] INFO: HTTP Request: GET http://thread_service:8003/threads/8 "HTTP/1.1 200 OK"
2026-04-05 12:52:35,561 [app.kafka_producer] INFO: Sent to comment-events: {'event': 'new_comment', 'user_id': 8, 'type': 'new_comment', 'message': 'alice commented on your thread', 'reference_id': 39}
2026-04-05 12:52:35,563 [app.kafka_producer] INFO: Sent to comment-events: {'broadcast': True, 'type': 'new_comment_broadcast', 'comment': {'id': 39, 'content': 'Nice! Would love to see a follow-up thread on advanced use cases.', 'thread_id': 8, 'author': {'id': 1, 'username': 'alice', 'avatar': None}, 'parent_comment_id': None, 'created_at': '2026-04-05 12:52:35.532866', 'updated_at': '2026-04-05 12:52:35.532866', 'like_count': 0, 'liked_by_me': False, 'reply_count': 0, 'replies': []}}
2026-04-05 12:52:35,590 [httpx] INFO: HTTP Request: GET http://user_service:8002/users/5 "HTTP/1.1 200 OK"
2026-04-05 12:52:35,622 [httpx] INFO: HTTP Request: GET http://thread_service:8003/threads/8 "HTTP/1.1 200 OK"
2026-04-05 12:52:35,624 [app.kafka_producer] INFO: Sent to comment-events: {'event': 'new_comment', 'user_id': 8, 'type': 'new_comment', 'message': 'eve commented on your thread', 'reference_id': 40}
2026-04-05 12:52:35,626 [app.kafka_producer] INFO: Sent to comment-events: {'broadcast': True, 'type': 'new_comment_broadcast', 'comment': {'id': 40, 'content': 'Would be great to see a benchmark comparing the two approaches.', 'thread_id': 8, 'author': {'id': 5, 'username': 'eve', 'avatar': None}, 'parent_comment_id': None, 'created_at': '2026-04-05 12:52:35.596739', 'updated_at': '2026-04-05 12:52:35.596739', 'like_count': 0, 'liked_by_me': False, 'reply_count': 0, 'replies': []}}
2026-04-05 12:52:35,670 [httpx] INFO: HTTP Request: GET http://thread_service:8003/threads/8 "HTTP/1.1 200 OK"
2026-04-05 12:52:35,673 [app.kafka_producer] INFO: Sent to comment-events: {'broadcast': True, 'type': 'new_comment_broadcast', 'comment': {'id': 41, 'content': 'Interesting perspective. Have you considered the trade-offs with scalability?', 'thread_id': 8, 'author': {'id': 8, 'username': 'henry', 'avatar': None}, 'parent_comment_id': None, 'created_at': '2026-04-05 12:52:35.642269', 'updated_at': '2026-04-05 12:52:35.642269', 'like_count': 0, 'liked_by_me': False, 'reply_count': 0, 'replies': []}}
2026-04-05 12:52:35,720 [httpx] INFO: HTTP Request: GET http://thread_service:8003/threads/8 "HTTP/1.1 200 OK"
2026-04-05 12:52:35,723 [app.kafka_producer] INFO: Sent to comment-events: {'event': 'new_comment', 'user_id': 8, 'type': 'new_comment', 'message': 'diana commented on your thread', 'reference_id': 42}
2026-04-05 12:52:35,725 [app.kafka_producer] INFO: Sent to comment-events: {'broadcast': True, 'type': 'new_comment_broadcast', 'comment': {'id': 42, 'content': "Good write-up! I'd add that error handling is also critical here.", 'thread_id': 8, 'author': {'id': 4, 'username': 'diana', 'avatar': None}, 'parent_comment_id': None, 'created_at': '2026-04-05 12:52:35.691955', 'updated_at': '2026-04-05 12:52:35.691955', 'like_count': 0, 'liked_by_me': False, 'reply_count': 0, 'replies': []}}
2026-04-05 12:52:35,770 [httpx] INFO: HTTP Request: GET http://thread_service:8003/threads/8 "HTTP/1.1 200 OK"
2026-04-05 12:52:35,773 [app.kafka_producer] INFO: Sent to comment-events: {'event': 'new_comment', 'user_id': 8, 'type': 'new_comment', 'message': 'charlie commented on your thread', 'reference_id': 43}
2026-04-05 12:52:35,775 [app.kafka_producer] INFO: Sent to comment-events: {'broadcast': True, 'type': 'new_comment_broadcast', 'comment': {'id': 43, 'content': 'Underrated topic! More people should be talking about this.', 'thread_id': 8, 'author': {'id': 3, 'username': 'charlie', 'avatar': None}, 'parent_comment_id': None, 'created_at': '2026-04-05 12:52:35.743112', 'updated_at': '2026-04-05 12:52:35.743112', 'like_count': 0, 'liked_by_me': False, 'reply_count': 0, 'replies': []}}
2026-04-05 12:52:35,819 [httpx] INFO: HTTP Request: GET http://thread_service:8003/threads/8 "HTTP/1.1 200 OK"
2026-04-05 12:52:35,822 [app.kafka_producer] INFO: Sent to comment-events: {'event': 'new_comment', 'user_id': 8, 'type': 'new_comment', 'message': 'ivy commented on your thread', 'reference_id': 44}
2026-04-05 12:52:35,824 [app.kafka_producer] INFO: Sent to comment-events: {'broadcast': True, 'type': 'new_comment_broadcast', 'comment': {'id': 44, 'content': "Good write-up! I'd add that error handling is also critical here.", 'thread_id': 8, 'author': {'id': 9, 'username': 'ivy', 'avatar': None}, 'parent_comment_id': None, 'created_at': '2026-04-05 12:52:35.791009', 'updated_at': '2026-04-05 12:52:35.791009', 'like_count': 0, 'liked_by_me': False, 'reply_count': 0, 'replies': []}}
2026-04-05 12:52:35,867 [httpx] INFO: HTTP Request: GET http://thread_service:8003/threads/9 "HTTP/1.1 200 OK"
2026-04-05 12:52:35,870 [app.kafka_producer] INFO: Sent to comment-events: {'event': 'new_comment', 'user_id': 9, 'type': 'new_comment', 'message': 'grace commented on your thread', 'reference_id': 45}
2026-04-05 12:52:35,872 [app.kafka_producer] INFO: Sent to comment-events: {'broadcast': True, 'type': 'new_comment_broadcast', 'comment': {'id': 45, 'content': 'Interesting perspective. Have you considered the trade-offs with scalability?', 'thread_id': 9, 'author': {'id': 7, 'username': 'grace', 'avatar': None}, 'parent_comment_id': None, 'created_at': '2026-04-05 12:52:35.840563', 'updated_at': '2026-04-05 12:52:35.840563', 'like_count': 0, 'liked_by_me': False, 'reply_count': 0, 'replies': []}}
2026-04-05 12:52:35,927 [httpx] INFO: HTTP Request: GET http://thread_service:8003/threads/9 "HTTP/1.1 200 OK"
2026-04-05 12:52:35,929 [app.kafka_producer] INFO: Sent to comment-events: {'event': 'new_comment', 'user_id': 9, 'type': 'new_comment', 'message': 'charlie commented on your thread', 'reference_id': 46}
2026-04-05 12:52:35,931 [app.kafka_producer] INFO: Sent to comment-events: {'broadcast': True, 'type': 'new_comment_broadcast', 'comment': {'id': 46, 'content': 'We use a similar setup at work. One gotcha to watch out for is memory leaks.', 'thread_id': 9, 'author': {'id': 3, 'username': 'charlie', 'avatar': None}, 'parent_comment_id': None, 'created_at': '2026-04-05 12:52:35.888861', 'updated_at': '2026-04-05 12:52:35.888861', 'like_count': 0, 'liked_by_me': False, 'reply_count': 0, 'replies': []}}
2026-04-05 12:52:35,974 [httpx] INFO: HTTP Request: GET http://thread_service:8003/threads/9 "HTTP/1.1 200 OK"
2026-04-05 12:52:35,977 [app.kafka_producer] INFO: Sent to comment-events: {'event': 'new_comment', 'user_id': 9, 'type': 'new_comment', 'message': 'diana commented on your thread', 'reference_id': 47}
2026-04-05 12:52:35,981 [app.kafka_producer] INFO: Sent to comment-events: {'broadcast': True, 'type': 'new_comment_broadcast', 'comment': {'id': 47, 'content': 'Just deployed this in staging and the results are promising.', 'thread_id': 9, 'author': {'id': 4, 'username': 'diana', 'avatar': None}, 'parent_comment_id': None, 'created_at': '2026-04-05 12:52:35.947164', 'updated_at': '2026-04-05 12:52:35.947164', 'like_count': 0, 'liked_by_me': False, 'reply_count': 0, 'replies': []}}
2026-04-05 12:52:36,037 [httpx] INFO: HTTP Request: GET http://thread_service:8003/threads/9 "HTTP/1.1 200 OK"
2026-04-05 12:52:36,040 [app.kafka_producer] INFO: Sent to comment-events: {'event': 'new_comment', 'user_id': 9, 'type': 'new_comment', 'message': 'sam commented on your thread', 'reference_id': 48}
2026-04-05 12:52:36,042 [app.kafka_producer] INFO: Sent to comment-events: {'broadcast': True, 'type': 'new_comment_broadcast', 'comment': {'id': 48, 'content': 'I respectfully disagree. In my experience the opposite is true at scale.', 'thread_id': 9, 'author': {'id': 19, 'username': 'sam', 'avatar': None}, 'parent_comment_id': None, 'created_at': '2026-04-05 12:52:35.996853', 'updated_at': '2026-04-05 12:52:35.996853', 'like_count': 0, 'liked_by_me': False, 'reply_count': 0, 'replies': []}}
2026-04-05 12:52:36,085 [httpx] INFO: HTTP Request: GET http://thread_service:8003/threads/9 "HTTP/1.1 200 OK"
2026-04-05 12:52:36,087 [app.kafka_producer] INFO: Sent to comment-events: {'event': 'new_comment', 'user_id': 9, 'type': 'new_comment', 'message': 'diana commented on your thread', 'reference_id': 49}
2026-04-05 12:52:36,089 [app.kafka_producer] INFO: Sent to comment-events: {'broadcast': True, 'type': 'new_comment_broadcast', 'comment': {'id': 49, 'content': 'Thanks for sharing! This saved me hours of debugging.', 'thread_id': 9, 'author': {'id': 4, 'username': 'diana', 'avatar': None}, 'parent_comment_id': None, 'created_at': '2026-04-05 12:52:36.057687', 'updated_at': '2026-04-05 12:52:36.057687', 'like_count': 0, 'liked_by_me': False, 'reply_count': 0, 'replies': []}}
2026-04-05 12:52:36,131 [httpx] INFO: HTTP Request: GET http://thread_service:8003/threads/9 "HTTP/1.1 200 OK"
2026-04-05 12:52:36,134 [app.kafka_producer] INFO: Sent to comment-events: {'event': 'new_comment', 'user_id': 9, 'type': 'new_comment', 'message': 'peter commented on your thread', 'reference_id': 50}
2026-04-05 12:52:36,137 [app.kafka_producer] INFO: Sent to comment-events: {'broadcast': True, 'type': 'new_comment_broadcast', 'comment': {'id': 50, 'content': 'Adding to the list: do not forget about edge cases with concurrent requests.', 'thread_id': 9, 'author': {'id': 16, 'username': 'peter', 'avatar': None}, 'parent_comment_id': None, 'created_at': '2026-04-05 12:52:36.104929', 'updated_at': '2026-04-05 12:52:36.104929', 'like_count': 0, 'liked_by_me': False, 'reply_count': 0, 'replies': []}}
2026-04-05 12:52:36,183 [httpx] INFO: HTTP Request: GET http://thread_service:8003/threads/10 "HTTP/1.1 200 OK"
2026-04-05 12:52:36,185 [app.kafka_producer] INFO: Sent to comment-events: {'event': 'new_comment', 'user_id': 10, 'type': 'new_comment', 'message': 'sam commented on your thread', 'reference_id': 51}
2026-04-05 12:52:36,187 [app.kafka_producer] INFO: Sent to comment-events: {'broadcast': True, 'type': 'new_comment_broadcast', 'comment': {'id': 51, 'content': 'I respectfully disagree. In my experience the opposite is true at scale.', 'thread_id': 10, 'author': {'id': 19, 'username': 'sam', 'avatar': None}, 'parent_comment_id': None, 'created_at': '2026-04-05 12:52:36.153146', 'updated_at': '2026-04-05 12:52:36.153146', 'like_count': 0, 'liked_by_me': False, 'reply_count': 0, 'replies': []}}
2026-04-05 12:52:36,229 [httpx] INFO: HTTP Request: GET http://thread_service:8003/threads/10 "HTTP/1.1 200 OK"
2026-04-05 12:52:36,232 [app.kafka_producer] INFO: Sent to comment-events: {'event': 'new_comment', 'user_id': 10, 'type': 'new_comment', 'message': 'peter commented on your thread', 'reference_id': 52}
2026-04-05 12:52:36,234 [app.kafka_producer] INFO: Sent to comment-events: {'broadcast': True, 'type': 'new_comment_broadcast', 'comment': {'id': 52, 'content': 'Adding to the list: do not forget about edge cases with concurrent requests.', 'thread_id': 10, 'author': {'id': 16, 'username': 'peter', 'avatar': None}, 'parent_comment_id': None, 'created_at': '2026-04-05 12:52:36.202379', 'updated_at': '2026-04-05 12:52:36.202379', 'like_count': 0, 'liked_by_me': False, 'reply_count': 0, 'replies': []}}
2026-04-05 12:52:36,278 [httpx] INFO: HTTP Request: GET http://thread_service:8003/threads/10 "HTTP/1.1 200 OK"
2026-04-05 12:52:36,281 [app.kafka_producer] INFO: Sent to comment-events: {'event': 'new_comment', 'user_id': 10, 'type': 'new_comment', 'message': 'leo commented on your thread', 'reference_id': 53}
2026-04-05 12:52:36,284 [app.kafka_producer] INFO: Sent to comment-events: {'broadcast': True, 'type': 'new_comment_broadcast', 'comment': {'id': 53, 'content': 'I switched from the old approach to this one and never looked back.', 'thread_id': 10, 'author': {'id': 12, 'username': 'leo', 'avatar': None}, 'parent_comment_id': None, 'created_at': '2026-04-05 12:52:36.249265', 'updated_at': '2026-04-05 12:52:36.249265', 'like_count': 0, 'liked_by_me': False, 'reply_count': 0, 'replies': []}}
2026-04-05 12:52:36,326 [httpx] INFO: HTTP Request: GET http://thread_service:8003/threads/10 "HTTP/1.1 200 OK"
2026-04-05 12:52:36,329 [app.kafka_producer] INFO: Sent to comment-events: {'event': 'new_comment', 'user_id': 10, 'type': 'new_comment', 'message': 'olivia commented on your thread', 'reference_id': 54}
2026-04-05 12:52:36,331 [app.kafka_producer] INFO: Sent to comment-events: {'broadcast': True, 'type': 'new_comment_broadcast', 'comment': {'id': 54, 'content': 'I respectfully disagree. In my experience the opposite is true at scale.', 'thread_id': 10, 'author': {'id': 15, 'username': 'olivia', 'avatar': None}, 'parent_comment_id': None, 'created_at': '2026-04-05 12:52:36.299458', 'updated_at': '2026-04-05 12:52:36.299458', 'like_count': 0, 'liked_by_me': False, 'reply_count': 0, 'replies': []}}
2026-04-05 12:52:36,377 [httpx] INFO: HTTP Request: GET http://thread_service:8003/threads/11 "HTTP/1.1 200 OK"
2026-04-05 12:52:36,379 [app.kafka_producer] INFO: Sent to comment-events: {'event': 'new_comment', 'user_id': 11, 'type': 'new_comment', 'message': 'alice commented on your thread', 'reference_id': 55}
2026-04-05 12:52:36,381 [app.kafka_producer] INFO: Sent to comment-events: {'broadcast': True, 'type': 'new_comment_broadcast', 'comment': {'id': 55, 'content': 'This is exactly what I was looking for — bookmarked!', 'thread_id': 11, 'author': {'id': 1, 'username': 'alice', 'avatar': None}, 'parent_comment_id': None, 'created_at': '2026-04-05 12:52:36.347936', 'updated_at': '2026-04-05 12:52:36.347936', 'like_count': 0, 'liked_by_me': False, 'reply_count': 0, 'replies': []}}
2026-04-05 12:52:36,424 [httpx] INFO: HTTP Request: GET http://thread_service:8003/threads/11 "HTTP/1.1 200 OK"
2026-04-05 12:52:36,427 [app.kafka_producer] INFO: Sent to comment-events: {'event': 'new_comment', 'user_id': 11, 'type': 'new_comment', 'message': 'bob commented on your thread', 'reference_id': 56}
2026-04-05 12:52:36,429 [app.kafka_producer] INFO: Sent to comment-events: {'broadcast': True, 'type': 'new_comment_broadcast', 'comment': {'id': 56, 'content': 'I switched from the old approach to this one and never looked back.', 'thread_id': 11, 'author': {'id': 2, 'username': 'bob', 'avatar': None}, 'parent_comment_id': None, 'created_at': '2026-04-05 12:52:36.397129', 'updated_at': '2026-04-05 12:52:36.397129', 'like_count': 0, 'liked_by_me': False, 'reply_count': 0, 'replies': []}}
2026-04-05 12:52:36,472 [httpx] INFO: HTTP Request: GET http://thread_service:8003/threads/11 "HTTP/1.1 200 OK"
2026-04-05 12:52:36,475 [app.kafka_producer] INFO: Sent to comment-events: {'event': 'new_comment', 'user_id': 11, 'type': 'new_comment', 'message': 'alice commented on your thread', 'reference_id': 57}
2026-04-05 12:52:36,478 [app.kafka_producer] INFO: Sent to comment-events: {'broadcast': True, 'type': 'new_comment_broadcast', 'comment': {'id': 57, 'content': 'Just deployed this in staging and the results are promising.', 'thread_id': 11, 'author': {'id': 1, 'username': 'alice', 'avatar': None}, 'parent_comment_id': None, 'created_at': '2026-04-05 12:52:36.444163', 'updated_at': '2026-04-05 12:52:36.444163', 'like_count': 0, 'liked_by_me': False, 'reply_count': 0, 'replies': []}}
2026-04-05 12:52:36,522 [httpx] INFO: HTTP Request: GET http://thread_service:8003/threads/11 "HTTP/1.1 200 OK"
2026-04-05 12:52:36,524 [app.kafka_producer] INFO: Sent to comment-events: {'event': 'new_comment', 'user_id': 11, 'type': 'new_comment', 'message': 'eve commented on your thread', 'reference_id': 58}
2026-04-05 12:52:36,527 [app.kafka_producer] INFO: Sent to comment-events: {'broadcast': True, 'type': 'new_comment_broadcast', 'comment': {'id': 58, 'content': 'This thread is gold. More discussions like this please!', 'thread_id': 11, 'author': {'id': 5, 'username': 'eve', 'avatar': None}, 'parent_comment_id': None, 'created_at': '2026-04-05 12:52:36.493126', 'updated_at': '2026-04-05 12:52:36.493126', 'like_count': 0, 'liked_by_me': False, 'reply_count': 0, 'replies': []}}
2026-04-05 12:52:36,570 [httpx] INFO: HTTP Request: GET http://thread_service:8003/threads/11 "HTTP/1.1 200 OK"
2026-04-05 12:52:36,572 [app.kafka_producer] INFO: Sent to comment-events: {'event': 'new_comment', 'user_id': 11, 'type': 'new_comment', 'message': 'noah commented on your thread', 'reference_id': 59}
2026-04-05 12:52:36,574 [app.kafka_producer] INFO: Sent to comment-events: {'broadcast': True, 'type': 'new_comment_broadcast', 'comment': {'id': 59, 'content': 'Underrated topic! More people should be talking about this.', 'thread_id': 11, 'author': {'id': 14, 'username': 'noah', 'avatar': None}, 'parent_comment_id': None, 'created_at': '2026-04-05 12:52:36.542765', 'updated_at': '2026-04-05 12:52:36.542765', 'like_count': 0, 'liked_by_me': False, 'reply_count': 0, 'replies': []}}
2026-04-05 12:52:36,620 [httpx] INFO: HTTP Request: GET http://thread_service:8003/threads/11 "HTTP/1.1 200 OK"
2026-04-05 12:52:36,622 [app.kafka_producer] INFO: Sent to comment-events: {'event': 'new_comment', 'user_id': 11, 'type': 'new_comment', 'message': 'tina commented on your thread', 'reference_id': 60}
2026-04-05 12:52:36,624 [app.kafka_producer] INFO: Sent to comment-events: {'broadcast': True, 'type': 'new_comment_broadcast', 'comment': {'id': 60, 'content': 'Thanks for sharing! This saved me hours of debugging.', 'thread_id': 11, 'author': {'id': 20, 'username': 'tina', 'avatar': None}, 'parent_comment_id': None, 'created_at': '2026-04-05 12:52:36.590293', 'updated_at': '2026-04-05 12:52:36.590293', 'like_count': 0, 'liked_by_me': False, 'reply_count': 0, 'replies': []}}
2026-04-05 12:52:36,677 [httpx] INFO: HTTP Request: GET http://thread_service:8003/threads/12 "HTTP/1.1 200 OK"
2026-04-05 12:52:36,679 [app.kafka_producer] INFO: Sent to comment-events: {'event': 'new_comment', 'user_id': 12, 'type': 'new_comment', 'message': 'diana commented on your thread', 'reference_id': 61}
2026-04-05 12:52:36,681 [app.kafka_producer] INFO: Sent to comment-events: {'broadcast': True, 'type': 'new_comment_broadcast', 'comment': {'id': 61, 'content': 'Interesting perspective. Have you considered the trade-offs with scalability?', 'thread_id': 12, 'author': {'id': 4, 'username': 'diana', 'avatar': None}, 'parent_comment_id': None, 'created_at': '2026-04-05 12:52:36.638618', 'updated_at': '2026-04-05 12:52:36.638618', 'like_count': 0, 'liked_by_me': False, 'reply_count': 0, 'replies': []}}
2026-04-05 12:52:36,726 [httpx] INFO: HTTP Request: GET http://thread_service:8003/threads/12 "HTTP/1.1 200 OK"
2026-04-05 12:52:36,728 [app.kafka_producer] INFO: Sent to comment-events: {'event': 'new_comment', 'user_id': 12, 'type': 'new_comment', 'message': 'sam commented on your thread', 'reference_id': 62}
2026-04-05 12:52:36,731 [app.kafka_producer] INFO: Sent to comment-events: {'broadcast': True, 'type': 'new_comment_broadcast', 'comment': {'id': 62, 'content': "I had a similar experience. Here's what worked for me in production.", 'thread_id': 12, 'author': {'id': 19, 'username': 'sam', 'avatar': None}, 'parent_comment_id': None, 'created_at': '2026-04-05 12:52:36.696755', 'updated_at': '2026-04-05 12:52:36.696755', 'like_count': 0, 'liked_by_me': False, 'reply_count': 0, 'replies': []}}
2026-04-05 12:52:36,774 [httpx] INFO: HTTP Request: GET http://thread_service:8003/threads/12 "HTTP/1.1 200 OK"
2026-04-05 12:52:36,776 [app.kafka_producer] INFO: Sent to comment-events: {'event': 'new_comment', 'user_id': 12, 'type': 'new_comment', 'message': 'bob commented on your thread', 'reference_id': 63}
2026-04-05 12:52:36,778 [app.kafka_producer] INFO: Sent to comment-events: {'broadcast': True, 'type': 'new_comment_broadcast', 'comment': {'id': 63, 'content': "Can you elaborate more on this? I'd love to understand the internals.", 'thread_id': 12, 'author': {'id': 2, 'username': 'bob', 'avatar': None}, 'parent_comment_id': None, 'created_at': '2026-04-05 12:52:36.747314', 'updated_at': '2026-04-05 12:52:36.747314', 'like_count': 0, 'liked_by_me': False, 'reply_count': 0, 'replies': []}}
2026-04-05 12:52:36,821 [httpx] INFO: HTTP Request: GET http://thread_service:8003/threads/12 "HTTP/1.1 200 OK"
2026-04-05 12:52:36,823 [app.kafka_producer] INFO: Sent to comment-events: {'event': 'new_comment', 'user_id': 12, 'type': 'new_comment', 'message': 'eve commented on your thread', 'reference_id': 64}
2026-04-05 12:52:36,826 [app.kafka_producer] INFO: Sent to comment-events: {'broadcast': True, 'type': 'new_comment_broadcast', 'comment': {'id': 64, 'content': 'Underrated topic! More people should be talking about this.', 'thread_id': 12, 'author': {'id': 5, 'username': 'eve', 'avatar': None}, 'parent_comment_id': None, 'created_at': '2026-04-05 12:52:36.793900', 'updated_at': '2026-04-05 12:52:36.793900', 'like_count': 0, 'liked_by_me': False, 'reply_count': 0, 'replies': []}}
2026-04-05 12:52:36,868 [httpx] INFO: HTTP Request: GET http://thread_service:8003/threads/12 "HTTP/1.1 200 OK"
2026-04-05 12:52:36,871 [app.kafka_producer] INFO: Sent to comment-events: {'event': 'new_comment', 'user_id': 12, 'type': 'new_comment', 'message': 'jack commented on your thread', 'reference_id': 65}
2026-04-05 12:52:36,873 [app.kafka_producer] INFO: Sent to comment-events: {'broadcast': True, 'type': 'new_comment_broadcast', 'comment': {'id': 65, 'content': "Good write-up! I'd add that error handling is also critical here.", 'thread_id': 12, 'author': {'id': 10, 'username': 'jack', 'avatar': None}, 'parent_comment_id': None, 'created_at': '2026-04-05 12:52:36.842865', 'updated_at': '2026-04-05 12:52:36.842865', 'like_count': 0, 'liked_by_me': False, 'reply_count': 0, 'replies': []}}
2026-04-05 12:52:36,917 [httpx] INFO: HTTP Request: GET http://thread_service:8003/threads/12 "HTTP/1.1 200 OK"
2026-04-05 12:52:36,919 [app.kafka_producer] INFO: Sent to comment-events: {'event': 'new_comment', 'user_id': 12, 'type': 'new_comment', 'message': 'frank commented on your thread', 'reference_id': 66}
2026-04-05 12:52:36,922 [app.kafka_producer] INFO: Sent to comment-events: {'broadcast': True, 'type': 'new_comment_broadcast', 'comment': {'id': 66, 'content': 'This is exactly what I was looking for — bookmarked!', 'thread_id': 12, 'author': {'id': 6, 'username': 'frank', 'avatar': None}, 'parent_comment_id': None, 'created_at': '2026-04-05 12:52:36.889705', 'updated_at': '2026-04-05 12:52:36.889705', 'like_count': 0, 'liked_by_me': False, 'reply_count': 0, 'replies': []}}
2026-04-05 12:52:36,978 [httpx] INFO: HTTP Request: GET http://thread_service:8003/threads/13 "HTTP/1.1 200 OK"
2026-04-05 12:52:36,981 [app.kafka_producer] INFO: Sent to comment-events: {'event': 'new_comment', 'user_id': 13, 'type': 'new_comment', 'message': 'sam commented on your thread', 'reference_id': 67}
2026-04-05 12:52:36,983 [app.kafka_producer] INFO: Sent to comment-events: {'broadcast': True, 'type': 'new_comment_broadcast', 'comment': {'id': 67, 'content': 'Just deployed this in staging and the results are promising.', 'thread_id': 13, 'author': {'id': 19, 'username': 'sam', 'avatar': None}, 'parent_comment_id': None, 'created_at': '2026-04-05 12:52:36.938580', 'updated_at': '2026-04-05 12:52:36.938580', 'like_count': 0, 'liked_by_me': False, 'reply_count': 0, 'replies': []}}
2026-04-05 12:52:37,053 [httpx] INFO: HTTP Request: GET http://thread_service:8003/threads/13 "HTTP/1.1 200 OK"
2026-04-05 12:52:37,056 [app.kafka_producer] INFO: Sent to comment-events: {'event': 'new_comment', 'user_id': 13, 'type': 'new_comment', 'message': 'grace commented on your thread', 'reference_id': 68}
2026-04-05 12:52:37,059 [app.kafka_producer] INFO: Sent to comment-events: {'broadcast': True, 'type': 'new_comment_broadcast', 'comment': {'id': 68, 'content': 'Solid advice. We adopted this pattern last quarter and it worked great.', 'thread_id': 13, 'author': {'id': 7, 'username': 'grace', 'avatar': None}, 'parent_comment_id': None, 'created_at': '2026-04-05 12:52:37.023885', 'updated_at': '2026-04-05 12:52:37.023885', 'like_count': 0, 'liked_by_me': False, 'reply_count': 0, 'replies': []}}
2026-04-05 12:52:37,105 [httpx] INFO: HTTP Request: GET http://thread_service:8003/threads/13 "HTTP/1.1 200 OK"
2026-04-05 12:52:37,108 [app.kafka_producer] INFO: Sent to comment-events: {'broadcast': True, 'type': 'new_comment_broadcast', 'comment': {'id': 69, 'content': 'This reminded me of a talk I saw at PyCon. Very relevant.', 'thread_id': 13, 'author': {'id': 13, 'username': 'mia', 'avatar': None}, 'parent_comment_id': None, 'created_at': '2026-04-05 12:52:37.074878', 'updated_at': '2026-04-05 12:52:37.074878', 'like_count': 0, 'liked_by_me': False, 'reply_count': 0, 'replies': []}}
2026-04-05 12:52:37,155 [httpx] INFO: HTTP Request: GET http://thread_service:8003/threads/13 "HTTP/1.1 200 OK"
2026-04-05 12:52:37,157 [app.kafka_producer] INFO: Sent to comment-events: {'event': 'new_comment', 'user_id': 13, 'type': 'new_comment', 'message': 'tina commented on your thread', 'reference_id': 70}
2026-04-05 12:52:37,159 [app.kafka_producer] INFO: Sent to comment-events: {'broadcast': True, 'type': 'new_comment_broadcast', 'comment': {'id': 70, 'content': 'We use a similar setup at work. One gotcha to watch out for is memory leaks.', 'thread_id': 13, 'author': {'id': 20, 'username': 'tina', 'avatar': None}, 'parent_comment_id': None, 'created_at': '2026-04-05 12:52:37.124028', 'updated_at': '2026-04-05 12:52:37.124028', 'like_count': 0, 'liked_by_me': False, 'reply_count': 0, 'replies': []}}
2026-04-05 12:52:37,184 [httpx] INFO: HTTP Request: GET http://user_service:8002/users/11 "HTTP/1.1 200 OK"
2026-04-05 12:52:37,217 [httpx] INFO: HTTP Request: GET http://thread_service:8003/threads/13 "HTTP/1.1 200 OK"
2026-04-05 12:52:37,219 [app.kafka_producer] INFO: Sent to comment-events: {'event': 'new_comment', 'user_id': 13, 'type': 'new_comment', 'message': 'karen commented on your thread', 'reference_id': 71}
2026-04-05 12:52:37,220 [app.kafka_producer] INFO: Sent to comment-events: {'broadcast': True, 'type': 'new_comment_broadcast', 'comment': {'id': 71, 'content': 'I respectfully disagree. In my experience the opposite is true at scale.', 'thread_id': 13, 'author': {'id': 11, 'username': 'karen', 'avatar': None}, 'parent_comment_id': None, 'created_at': '2026-04-05 12:52:37.189618', 'updated_at': '2026-04-05 12:52:37.189618', 'like_count': 0, 'liked_by_me': False, 'reply_count': 0, 'replies': []}}
2026-04-05 12:52:37,264 [httpx] INFO: HTTP Request: GET http://thread_service:8003/threads/13 "HTTP/1.1 200 OK"
2026-04-05 12:52:37,267 [app.kafka_producer] INFO: Sent to comment-events: {'event': 'new_comment', 'user_id': 13, 'type': 'new_comment', 'message': 'diana commented on your thread', 'reference_id': 72}
2026-04-05 12:52:37,269 [app.kafka_producer] INFO: Sent to comment-events: {'broadcast': True, 'type': 'new_comment_broadcast', 'comment': {'id': 72, 'content': 'Would be great to see a benchmark comparing the two approaches.', 'thread_id': 13, 'author': {'id': 4, 'username': 'diana', 'avatar': None}, 'parent_comment_id': None, 'created_at': '2026-04-05 12:52:37.235863', 'updated_at': '2026-04-05 12:52:37.235863', 'like_count': 0, 'liked_by_me': False, 'reply_count': 0, 'replies': []}}
2026-04-05 12:52:37,314 [httpx] INFO: HTTP Request: GET http://thread_service:8003/threads/13 "HTTP/1.1 200 OK"
2026-04-05 12:52:37,316 [app.kafka_producer] INFO: Sent to comment-events: {'event': 'new_comment', 'user_id': 13, 'type': 'new_comment', 'message': 'noah commented on your thread', 'reference_id': 73}
2026-04-05 12:52:37,319 [app.kafka_producer] INFO: Sent to comment-events: {'broadcast': True, 'type': 'new_comment_broadcast', 'comment': {'id': 73, 'content': 'We ran into the exact same issue last sprint. Here is how we fixed it.', 'thread_id': 13, 'author': {'id': 14, 'username': 'noah', 'avatar': None}, 'parent_comment_id': None, 'created_at': '2026-04-05 12:52:37.284821', 'updated_at': '2026-04-05 12:52:37.284821', 'like_count': 0, 'liked_by_me': False, 'reply_count': 0, 'replies': []}}
2026-04-05 12:52:37,360 [httpx] INFO: HTTP Request: GET http://thread_service:8003/threads/14 "HTTP/1.1 200 OK"
2026-04-05 12:52:37,362 [app.kafka_producer] INFO: Sent to comment-events: {'event': 'new_comment', 'user_id': 14, 'type': 'new_comment', 'message': 'peter commented on your thread', 'reference_id': 74}
2026-04-05 12:52:37,365 [app.kafka_producer] INFO: Sent to comment-events: {'broadcast': True, 'type': 'new_comment_broadcast', 'comment': {'id': 74, 'content': 'Would be great to see a benchmark comparing the two approaches.', 'thread_id': 14, 'author': {'id': 16, 'username': 'peter', 'avatar': None}, 'parent_comment_id': None, 'created_at': '2026-04-05 12:52:37.334067', 'updated_at': '2026-04-05 12:52:37.334067', 'like_count': 0, 'liked_by_me': False, 'reply_count': 0, 'replies': []}}
2026-04-05 12:52:37,419 [httpx] INFO: HTTP Request: GET http://thread_service:8003/threads/14 "HTTP/1.1 200 OK"
2026-04-05 12:52:37,421 [app.kafka_producer] INFO: Sent to comment-events: {'event': 'new_comment', 'user_id': 14, 'type': 'new_comment', 'message': 'olivia commented on your thread', 'reference_id': 75}
2026-04-05 12:52:37,430 [app.kafka_producer] INFO: Sent to comment-events: {'broadcast': True, 'type': 'new_comment_broadcast', 'comment': {'id': 75, 'content': 'Would be great to see a benchmark comparing the two approaches.', 'thread_id': 14, 'author': {'id': 15, 'username': 'olivia', 'avatar': None}, 'parent_comment_id': None, 'created_at': '2026-04-05 12:52:37.381550', 'updated_at': '2026-04-05 12:52:37.381550', 'like_count': 0, 'liked_by_me': False, 'reply_count': 0, 'replies': []}}
2026-04-05 12:52:37,478 [httpx] INFO: HTTP Request: GET http://thread_service:8003/threads/14 "HTTP/1.1 200 OK"
2026-04-05 12:52:37,481 [app.kafka_producer] INFO: Sent to comment-events: {'event': 'new_comment', 'user_id': 14, 'type': 'new_comment', 'message': 'karen commented on your thread', 'reference_id': 76}
2026-04-05 12:52:37,484 [app.kafka_producer] INFO: Sent to comment-events: {'broadcast': True, 'type': 'new_comment_broadcast', 'comment': {'id': 76, 'content': 'Solid advice. We adopted this pattern last quarter and it worked great.', 'thread_id': 14, 'author': {'id': 11, 'username': 'karen', 'avatar': None}, 'parent_comment_id': None, 'created_at': '2026-04-05 12:52:37.448128', 'updated_at': '2026-04-05 12:52:37.448128', 'like_count': 0, 'liked_by_me': False, 'reply_count': 0, 'replies': []}}
2026-04-05 12:52:37,529 [httpx] INFO: HTTP Request: GET http://thread_service:8003/threads/14 "HTTP/1.1 200 OK"
2026-04-05 12:52:37,532 [app.kafka_producer] INFO: Sent to comment-events: {'event': 'new_comment', 'user_id': 14, 'type': 'new_comment', 'message': 'leo commented on your thread', 'reference_id': 77}
2026-04-05 12:52:37,534 [app.kafka_producer] INFO: Sent to comment-events: {'broadcast': True, 'type': 'new_comment_broadcast', 'comment': {'id': 77, 'content': 'We ran into the exact same issue last sprint. Here is how we fixed it.', 'thread_id': 14, 'author': {'id': 12, 'username': 'leo', 'avatar': None}, 'parent_comment_id': None, 'created_at': '2026-04-05 12:52:37.500926', 'updated_at': '2026-04-05 12:52:37.500926', 'like_count': 0, 'liked_by_me': False, 'reply_count': 0, 'replies': []}}
2026-04-05 12:52:37,579 [httpx] INFO: HTTP Request: GET http://thread_service:8003/threads/14 "HTTP/1.1 200 OK"
2026-04-05 12:52:37,582 [app.kafka_producer] INFO: Sent to comment-events: {'event': 'new_comment', 'user_id': 14, 'type': 'new_comment', 'message': 'tina commented on your thread', 'reference_id': 78}
2026-04-05 12:52:37,583 [app.kafka_producer] INFO: Sent to comment-events: {'broadcast': True, 'type': 'new_comment_broadcast', 'comment': {'id': 78, 'content': "Can you elaborate more on this? I'd love to understand the internals.", 'thread_id': 14, 'author': {'id': 20, 'username': 'tina', 'avatar': None}, 'parent_comment_id': None, 'created_at': '2026-04-05 12:52:37.551308', 'updated_at': '2026-04-05 12:52:37.551308', 'like_count': 0, 'liked_by_me': False, 'reply_count': 0, 'replies': []}}
2026-04-05 12:52:37,626 [httpx] INFO: HTTP Request: GET http://thread_service:8003/threads/14 "HTTP/1.1 200 OK"
2026-04-05 12:52:37,628 [app.kafka_producer] INFO: Sent to comment-events: {'event': 'new_comment', 'user_id': 14, 'type': 'new_comment', 'message': 'charlie commented on your thread', 'reference_id': 79}
2026-04-05 12:52:37,629 [app.kafka_producer] INFO: Sent to comment-events: {'broadcast': True, 'type': 'new_comment_broadcast', 'comment': {'id': 79, 'content': 'I respectfully disagree. In my experience the opposite is true at scale.', 'thread_id': 14, 'author': {'id': 3, 'username': 'charlie', 'avatar': None}, 'parent_comment_id': None, 'created_at': '2026-04-05 12:52:37.599872', 'updated_at': '2026-04-05 12:52:37.599872', 'like_count': 0, 'liked_by_me': False, 'reply_count': 0, 'replies': []}}
2026-04-05 12:52:37,672 [httpx] INFO: HTTP Request: GET http://thread_service:8003/threads/15 "HTTP/1.1 200 OK"
2026-04-05 12:52:37,675 [app.kafka_producer] INFO: Sent to comment-events: {'event': 'new_comment', 'user_id': 15, 'type': 'new_comment', 'message': 'quinn commented on your thread', 'reference_id': 80}
2026-04-05 12:52:37,678 [app.kafka_producer] INFO: Sent to comment-events: {'broadcast': True, 'type': 'new_comment_broadcast', 'comment': {'id': 80, 'content': 'Just deployed this in staging and the results are promising.', 'thread_id': 15, 'author': {'id': 17, 'username': 'quinn', 'avatar': None}, 'parent_comment_id': None, 'created_at': '2026-04-05 12:52:37.645735', 'updated_at': '2026-04-05 12:52:37.645735', 'like_count': 0, 'liked_by_me': False, 'reply_count': 0, 'replies': []}}
2026-04-05 12:52:37,723 [httpx] INFO: HTTP Request: GET http://thread_service:8003/threads/15 "HTTP/1.1 200 OK"
2026-04-05 12:52:37,726 [app.kafka_producer] INFO: Sent to comment-events: {'event': 'new_comment', 'user_id': 15, 'type': 'new_comment', 'message': 'peter commented on your thread', 'reference_id': 81}
2026-04-05 12:52:37,728 [app.kafka_producer] INFO: Sent to comment-events: {'broadcast': True, 'type': 'new_comment_broadcast', 'comment': {'id': 81, 'content': 'This is exactly what I was looking for — bookmarked!', 'thread_id': 15, 'author': {'id': 16, 'username': 'peter', 'avatar': None}, 'parent_comment_id': None, 'created_at': '2026-04-05 12:52:37.694894', 'updated_at': '2026-04-05 12:52:37.694894', 'like_count': 0, 'liked_by_me': False, 'reply_count': 0, 'replies': []}}
2026-04-05 12:52:37,772 [httpx] INFO: HTTP Request: GET http://thread_service:8003/threads/15 "HTTP/1.1 200 OK"
2026-04-05 12:52:37,774 [app.kafka_producer] INFO: Sent to comment-events: {'event': 'new_comment', 'user_id': 15, 'type': 'new_comment', 'message': 'frank commented on your thread', 'reference_id': 82}
2026-04-05 12:52:37,776 [app.kafka_producer] INFO: Sent to comment-events: {'broadcast': True, 'type': 'new_comment_broadcast', 'comment': {'id': 82, 'content': 'Underrated topic! More people should be talking about this.', 'thread_id': 15, 'author': {'id': 6, 'username': 'frank', 'avatar': None}, 'parent_comment_id': None, 'created_at': '2026-04-05 12:52:37.744000', 'updated_at': '2026-04-05 12:52:37.744000', 'like_count': 0, 'liked_by_me': False, 'reply_count': 0, 'replies': []}}
2026-04-05 12:52:37,820 [httpx] INFO: HTTP Request: GET http://thread_service:8003/threads/15 "HTTP/1.1 200 OK"
2026-04-05 12:52:37,822 [app.kafka_producer] INFO: Sent to comment-events: {'event': 'new_comment', 'user_id': 15, 'type': 'new_comment', 'message': 'noah commented on your thread', 'reference_id': 83}
2026-04-05 12:52:37,824 [app.kafka_producer] INFO: Sent to comment-events: {'broadcast': True, 'type': 'new_comment_broadcast', 'comment': {'id': 83, 'content': 'We use a similar setup at work. One gotcha to watch out for is memory leaks.', 'thread_id': 15, 'author': {'id': 14, 'username': 'noah', 'avatar': None}, 'parent_comment_id': None, 'created_at': '2026-04-05 12:52:37.792347', 'updated_at': '2026-04-05 12:52:37.792347', 'like_count': 0, 'liked_by_me': False, 'reply_count': 0, 'replies': []}}
2026-04-05 12:52:37,864 [httpx] INFO: HTTP Request: GET http://thread_service:8003/threads/15 "HTTP/1.1 200 OK"
2026-04-05 12:52:37,867 [app.kafka_producer] INFO: Sent to comment-events: {'event': 'new_comment', 'user_id': 15, 'type': 'new_comment', 'message': 'karen commented on your thread', 'reference_id': 84}
2026-04-05 12:52:37,869 [app.kafka_producer] INFO: Sent to comment-events: {'broadcast': True, 'type': 'new_comment_broadcast', 'comment': {'id': 84, 'content': 'I respectfully disagree. In my experience the opposite is true at scale.', 'thread_id': 15, 'author': {'id': 11, 'username': 'karen', 'avatar': None}, 'parent_comment_id': None, 'created_at': '2026-04-05 12:52:37.839270', 'updated_at': '2026-04-05 12:52:37.839270', 'like_count': 0, 'liked_by_me': False, 'reply_count': 0, 'replies': []}}
2026-04-05 12:52:37,911 [httpx] INFO: HTTP Request: GET http://thread_service:8003/threads/16 "HTTP/1.1 200 OK"
2026-04-05 12:52:37,914 [app.kafka_producer] INFO: Sent to comment-events: {'event': 'new_comment', 'user_id': 16, 'type': 'new_comment', 'message': 'karen commented on your thread', 'reference_id': 85}
2026-04-05 12:52:37,918 [app.kafka_producer] INFO: Sent to comment-events: {'broadcast': True, 'type': 'new_comment_broadcast', 'comment': {'id': 85, 'content': 'Great point! I totally agree with this approach.', 'thread_id': 16, 'author': {'id': 11, 'username': 'karen', 'avatar': None}, 'parent_comment_id': None, 'created_at': '2026-04-05 12:52:37.884496', 'updated_at': '2026-04-05 12:52:37.884496', 'like_count': 0, 'liked_by_me': False, 'reply_count': 0, 'replies': []}}
2026-04-05 12:52:37,979 [httpx] INFO: HTTP Request: GET http://thread_service:8003/threads/16 "HTTP/1.1 200 OK"
2026-04-05 12:52:37,981 [app.kafka_producer] INFO: Sent to comment-events: {'event': 'new_comment', 'user_id': 16, 'type': 'new_comment', 'message': 'quinn commented on your thread', 'reference_id': 86}
2026-04-05 12:52:37,983 [app.kafka_producer] INFO: Sent to comment-events: {'broadcast': True, 'type': 'new_comment_broadcast', 'comment': {'id': 86, 'content': 'Adding to the list: do not forget about edge cases with concurrent requests.', 'thread_id': 16, 'author': {'id': 17, 'username': 'quinn', 'avatar': None}, 'parent_comment_id': None, 'created_at': '2026-04-05 12:52:37.935044', 'updated_at': '2026-04-05 12:52:37.935044', 'like_count': 0, 'liked_by_me': False, 'reply_count': 0, 'replies': []}}
2026-04-05 12:52:38,028 [httpx] INFO: HTTP Request: GET http://thread_service:8003/threads/16 "HTTP/1.1 200 OK"
2026-04-05 12:52:38,031 [app.kafka_producer] INFO: Sent to comment-events: {'event': 'new_comment', 'user_id': 16, 'type': 'new_comment', 'message': 'karen commented on your thread', 'reference_id': 87}
2026-04-05 12:52:38,034 [app.kafka_producer] INFO: Sent to comment-events: {'broadcast': True, 'type': 'new_comment_broadcast', 'comment': {'id': 87, 'content': 'We ran into the exact same issue last sprint. Here is how we fixed it.', 'thread_id': 16, 'author': {'id': 11, 'username': 'karen', 'avatar': None}, 'parent_comment_id': None, 'created_at': '2026-04-05 12:52:37.999898', 'updated_at': '2026-04-05 12:52:37.999898', 'like_count': 0, 'liked_by_me': False, 'reply_count': 0, 'replies': []}}
2026-04-05 12:52:38,078 [httpx] INFO: HTTP Request: GET http://thread_service:8003/threads/16 "HTTP/1.1 200 OK"
2026-04-05 12:52:38,081 [app.kafka_producer] INFO: Sent to comment-events: {'event': 'new_comment', 'user_id': 16, 'type': 'new_comment', 'message': 'diana commented on your thread', 'reference_id': 88}
2026-04-05 12:52:38,084 [app.kafka_producer] INFO: Sent to comment-events: {'broadcast': True, 'type': 'new_comment_broadcast', 'comment': {'id': 88, 'content': 'Thanks for sharing! This saved me hours of debugging.', 'thread_id': 16, 'author': {'id': 4, 'username': 'diana', 'avatar': None}, 'parent_comment_id': None, 'created_at': '2026-04-05 12:52:38.050195', 'updated_at': '2026-04-05 12:52:38.050195', 'like_count': 0, 'liked_by_me': False, 'reply_count': 0, 'replies': []}}
2026-04-05 12:52:38,128 [httpx] INFO: HTTP Request: GET http://thread_service:8003/threads/16 "HTTP/1.1 200 OK"
2026-04-05 12:52:38,131 [app.kafka_producer] INFO: Sent to comment-events: {'event': 'new_comment', 'user_id': 16, 'type': 'new_comment', 'message': 'eve commented on your thread', 'reference_id': 89}
2026-04-05 12:52:38,134 [app.kafka_producer] INFO: Sent to comment-events: {'broadcast': True, 'type': 'new_comment_broadcast', 'comment': {'id': 89, 'content': 'Adding to the list: do not forget about edge cases with concurrent requests.', 'thread_id': 16, 'author': {'id': 5, 'username': 'eve', 'avatar': None}, 'parent_comment_id': None, 'created_at': '2026-04-05 12:52:38.099739', 'updated_at': '2026-04-05 12:52:38.099739', 'like_count': 0, 'liked_by_me': False, 'reply_count': 0, 'replies': []}}
2026-04-05 12:52:38,190 [httpx] INFO: HTTP Request: GET http://thread_service:8003/threads/16 "HTTP/1.1 200 OK"
2026-04-05 12:52:38,192 [app.kafka_producer] INFO: Sent to comment-events: {'event': 'new_comment', 'user_id': 16, 'type': 'new_comment', 'message': 'bob commented on your thread', 'reference_id': 90}
2026-04-05 12:52:38,194 [app.kafka_producer] INFO: Sent to comment-events: {'broadcast': True, 'type': 'new_comment_broadcast', 'comment': {'id': 90, 'content': 'This is exactly what I was looking for — bookmarked!', 'thread_id': 16, 'author': {'id': 2, 'username': 'bob', 'avatar': None}, 'parent_comment_id': None, 'created_at': '2026-04-05 12:52:38.149923', 'updated_at': '2026-04-05 12:52:38.149923', 'like_count': 0, 'liked_by_me': False, 'reply_count': 0, 'replies': []}}
2026-04-05 12:52:38,238 [httpx] INFO: HTTP Request: GET http://thread_service:8003/threads/17 "HTTP/1.1 200 OK"
2026-04-05 12:52:38,242 [app.kafka_producer] INFO: Sent to comment-events: {'event': 'new_comment', 'user_id': 17, 'type': 'new_comment', 'message': 'mia commented on your thread', 'reference_id': 91}
2026-04-05 12:52:38,244 [app.kafka_producer] INFO: Sent to comment-events: {'broadcast': True, 'type': 'new_comment_broadcast', 'comment': {'id': 91, 'content': 'We ran into the exact same issue last sprint. Here is how we fixed it.', 'thread_id': 17, 'author': {'id': 13, 'username': 'mia', 'avatar': None}, 'parent_comment_id': None, 'created_at': '2026-04-05 12:52:38.210688', 'updated_at': '2026-04-05 12:52:38.210688', 'like_count': 0, 'liked_by_me': False, 'reply_count': 0, 'replies': []}}
2026-04-05 12:52:38,293 [httpx] INFO: HTTP Request: GET http://thread_service:8003/threads/17 "HTTP/1.1 200 OK"
2026-04-05 12:52:38,295 [app.kafka_producer] INFO: Sent to comment-events: {'event': 'new_comment', 'user_id': 17, 'type': 'new_comment', 'message': 'ivy commented on your thread', 'reference_id': 92}
2026-04-05 12:52:38,297 [app.kafka_producer] INFO: Sent to comment-events: {'broadcast': True, 'type': 'new_comment_broadcast', 'comment': {'id': 92, 'content': "Has anyone benchmarked this? I'm curious about the performance impact.", 'thread_id': 17, 'author': {'id': 9, 'username': 'ivy', 'avatar': None}, 'parent_comment_id': None, 'created_at': '2026-04-05 12:52:38.262227', 'updated_at': '2026-04-05 12:52:38.262227', 'like_count': 0, 'liked_by_me': False, 'reply_count': 0, 'replies': []}}
2026-04-05 12:52:38,343 [httpx] INFO: HTTP Request: GET http://thread_service:8003/threads/17 "HTTP/1.1 200 OK"
2026-04-05 12:52:38,345 [app.kafka_producer] INFO: Sent to comment-events: {'event': 'new_comment', 'user_id': 17, 'type': 'new_comment', 'message': 'noah commented on your thread', 'reference_id': 93}
2026-04-05 12:52:38,347 [app.kafka_producer] INFO: Sent to comment-events: {'broadcast': True, 'type': 'new_comment_broadcast', 'comment': {'id': 93, 'content': 'I switched from the old approach to this one and never looked back.', 'thread_id': 17, 'author': {'id': 14, 'username': 'noah', 'avatar': None}, 'parent_comment_id': None, 'created_at': '2026-04-05 12:52:38.313100', 'updated_at': '2026-04-05 12:52:38.313100', 'like_count': 0, 'liked_by_me': False, 'reply_count': 0, 'replies': []}}
2026-04-05 12:52:38,388 [httpx] INFO: HTTP Request: GET http://thread_service:8003/threads/17 "HTTP/1.1 200 OK"
2026-04-05 12:52:38,391 [app.kafka_producer] INFO: Sent to comment-events: {'event': 'new_comment', 'user_id': 17, 'type': 'new_comment', 'message': 'noah commented on your thread', 'reference_id': 94}
2026-04-05 12:52:38,396 [app.kafka_producer] INFO: Sent to comment-events: {'broadcast': True, 'type': 'new_comment_broadcast', 'comment': {'id': 94, 'content': 'We use a similar setup at work. One gotcha to watch out for is memory leaks.', 'thread_id': 17, 'author': {'id': 14, 'username': 'noah', 'avatar': None}, 'parent_comment_id': None, 'created_at': '2026-04-05 12:52:38.362255', 'updated_at': '2026-04-05 12:52:38.362255', 'like_count': 0, 'liked_by_me': False, 'reply_count': 0, 'replies': []}}
2026-04-05 12:52:38,439 [httpx] INFO: HTTP Request: GET http://thread_service:8003/threads/17 "HTTP/1.1 200 OK"
2026-04-05 12:52:38,442 [app.kafka_producer] INFO: Sent to comment-events: {'event': 'new_comment', 'user_id': 17, 'type': 'new_comment', 'message': 'noah commented on your thread', 'reference_id': 95}
2026-04-05 12:52:38,444 [app.kafka_producer] INFO: Sent to comment-events: {'broadcast': True, 'type': 'new_comment_broadcast', 'comment': {'id': 95, 'content': 'Great point! I totally agree with this approach.', 'thread_id': 17, 'author': {'id': 14, 'username': 'noah', 'avatar': None}, 'parent_comment_id': None, 'created_at': '2026-04-05 12:52:38.411916', 'updated_at': '2026-04-05 12:52:38.411916', 'like_count': 0, 'liked_by_me': False, 'reply_count': 0, 'replies': []}}
2026-04-05 12:52:38,490 [httpx] INFO: HTTP Request: GET http://thread_service:8003/threads/17 "HTTP/1.1 200 OK"
2026-04-05 12:52:38,493 [app.kafka_producer] INFO: Sent to comment-events: {'event': 'new_comment', 'user_id': 17, 'type': 'new_comment', 'message': 'diana commented on your thread', 'reference_id': 96}
2026-04-05 12:52:38,494 [app.kafka_producer] INFO: Sent to comment-events: {'broadcast': True, 'type': 'new_comment_broadcast', 'comment': {'id': 96, 'content': 'We ran into the exact same issue last sprint. Here is how we fixed it.', 'thread_id': 17, 'author': {'id': 4, 'username': 'diana', 'avatar': None}, 'parent_comment_id': None, 'created_at': '2026-04-05 12:52:38.461464', 'updated_at': '2026-04-05 12:52:38.461464', 'like_count': 0, 'liked_by_me': False, 'reply_count': 0, 'replies': []}}
2026-04-05 12:52:38,540 [httpx] INFO: HTTP Request: GET http://thread_service:8003/threads/17 "HTTP/1.1 200 OK"
2026-04-05 12:52:38,543 [app.kafka_producer] INFO: Sent to comment-events: {'event': 'new_comment', 'user_id': 17, 'type': 'new_comment', 'message': 'rachel commented on your thread', 'reference_id': 97}
2026-04-05 12:52:38,545 [app.kafka_producer] INFO: Sent to comment-events: {'broadcast': True, 'type': 'new_comment_broadcast', 'comment': {'id': 97, 'content': 'This reminded me of a talk I saw at PyCon. Very relevant.', 'thread_id': 17, 'author': {'id': 18, 'username': 'rachel', 'avatar': None}, 'parent_comment_id': None, 'created_at': '2026-04-05 12:52:38.509533', 'updated_at': '2026-04-05 12:52:38.509533', 'like_count': 0, 'liked_by_me': False, 'reply_count': 0, 'replies': []}}
2026-04-05 12:52:38,610 [httpx] INFO: HTTP Request: GET http://thread_service:8003/threads/18 "HTTP/1.1 200 OK"
2026-04-05 12:52:38,612 [app.kafka_producer] INFO: Sent to comment-events: {'event': 'new_comment', 'user_id': 18, 'type': 'new_comment', 'message': 'bob commented on your thread', 'reference_id': 98}
2026-04-05 12:52:38,615 [app.kafka_producer] INFO: Sent to comment-events: {'broadcast': True, 'type': 'new_comment_broadcast', 'comment': {'id': 98, 'content': 'Just deployed this in staging and the results are promising.', 'thread_id': 18, 'author': {'id': 2, 'username': 'bob', 'avatar': None}, 'parent_comment_id': None, 'created_at': '2026-04-05 12:52:38.584058', 'updated_at': '2026-04-05 12:52:38.584058', 'like_count': 0, 'liked_by_me': False, 'reply_count': 0, 'replies': []}}
2026-04-05 12:52:38,668 [httpx] INFO: HTTP Request: GET http://thread_service:8003/threads/18 "HTTP/1.1 200 OK"
2026-04-05 12:52:38,673 [app.kafka_producer] INFO: Sent to comment-events: {'event': 'new_comment', 'user_id': 18, 'type': 'new_comment', 'message': 'frank commented on your thread', 'reference_id': 99}
2026-04-05 12:52:38,676 [app.kafka_producer] INFO: Sent to comment-events: {'broadcast': True, 'type': 'new_comment_broadcast', 'comment': {'id': 99, 'content': 'This reminded me of a talk I saw at PyCon. Very relevant.', 'thread_id': 18, 'author': {'id': 6, 'username': 'frank', 'avatar': None}, 'parent_comment_id': None, 'created_at': '2026-04-05 12:52:38.639264', 'updated_at': '2026-04-05 12:52:38.639264', 'like_count': 0, 'liked_by_me': False, 'reply_count': 0, 'replies': []}}
2026-04-05 12:52:38,722 [httpx] INFO: HTTP Request: GET http://thread_service:8003/threads/18 "HTTP/1.1 200 OK"
2026-04-05 12:52:38,725 [app.kafka_producer] INFO: Sent to comment-events: {'event': 'new_comment', 'user_id': 18, 'type': 'new_comment', 'message': 'tina commented on your thread', 'reference_id': 100}
2026-04-05 12:52:38,727 [app.kafka_producer] INFO: Sent to comment-events: {'broadcast': True, 'type': 'new_comment_broadcast', 'comment': {'id': 100, 'content': "Can you elaborate more on this? I'd love to understand the internals.", 'thread_id': 18, 'author': {'id': 20, 'username': 'tina', 'avatar': None}, 'parent_comment_id': None, 'created_at': '2026-04-05 12:52:38.693151', 'updated_at': '2026-04-05 12:52:38.693151', 'like_count': 0, 'liked_by_me': False, 'reply_count': 0, 'replies': []}}
2026-04-05 12:52:38,770 [httpx] INFO: HTTP Request: GET http://thread_service:8003/threads/18 "HTTP/1.1 200 OK"
2026-04-05 12:52:38,773 [app.kafka_producer] INFO: Sent to comment-events: {'event': 'new_comment', 'user_id': 18, 'type': 'new_comment', 'message': 'sam commented on your thread', 'reference_id': 101}
2026-04-05 12:52:38,775 [app.kafka_producer] INFO: Sent to comment-events: {'broadcast': True, 'type': 'new_comment_broadcast', 'comment': {'id': 101, 'content': "Has anyone benchmarked this? I'm curious about the performance impact.", 'thread_id': 18, 'author': {'id': 19, 'username': 'sam', 'avatar': None}, 'parent_comment_id': None, 'created_at': '2026-04-05 12:52:38.743010', 'updated_at': '2026-04-05 12:52:38.743010', 'like_count': 0, 'liked_by_me': False, 'reply_count': 0, 'replies': []}}
2026-04-05 12:52:38,821 [httpx] INFO: HTTP Request: GET http://thread_service:8003/threads/18 "HTTP/1.1 200 OK"
2026-04-05 12:52:38,824 [app.kafka_producer] INFO: Sent to comment-events: {'event': 'new_comment', 'user_id': 18, 'type': 'new_comment', 'message': 'bob commented on your thread', 'reference_id': 102}
2026-04-05 12:52:38,826 [app.kafka_producer] INFO: Sent to comment-events: {'broadcast': True, 'type': 'new_comment_broadcast', 'comment': {'id': 102, 'content': 'We use a similar setup at work. One gotcha to watch out for is memory leaks.', 'thread_id': 18, 'author': {'id': 2, 'username': 'bob', 'avatar': None}, 'parent_comment_id': None, 'created_at': '2026-04-05 12:52:38.790996', 'updated_at': '2026-04-05 12:52:38.790996', 'like_count': 0, 'liked_by_me': False, 'reply_count': 0, 'replies': []}}
2026-04-05 12:52:38,869 [httpx] INFO: HTTP Request: GET http://thread_service:8003/threads/18 "HTTP/1.1 200 OK"
2026-04-05 12:52:38,872 [app.kafka_producer] INFO: Sent to comment-events: {'event': 'new_comment', 'user_id': 18, 'type': 'new_comment', 'message': 'grace commented on your thread', 'reference_id': 103}
2026-04-05 12:52:38,874 [app.kafka_producer] INFO: Sent to comment-events: {'broadcast': True, 'type': 'new_comment_broadcast', 'comment': {'id': 103, 'content': 'I switched from the old approach to this one and never looked back.', 'thread_id': 18, 'author': {'id': 7, 'username': 'grace', 'avatar': None}, 'parent_comment_id': None, 'created_at': '2026-04-05 12:52:38.841187', 'updated_at': '2026-04-05 12:52:38.841187', 'like_count': 0, 'liked_by_me': False, 'reply_count': 0, 'replies': []}}
2026-04-05 12:52:38,918 [httpx] INFO: HTTP Request: GET http://thread_service:8003/threads/18 "HTTP/1.1 200 OK"
2026-04-05 12:52:38,920 [app.kafka_producer] INFO: Sent to comment-events: {'event': 'new_comment', 'user_id': 18, 'type': 'new_comment', 'message': 'leo commented on your thread', 'reference_id': 104}
2026-04-05 12:52:38,922 [app.kafka_producer] INFO: Sent to comment-events: {'broadcast': True, 'type': 'new_comment_broadcast', 'comment': {'id': 104, 'content': 'Adding to the list: do not forget about edge cases with concurrent requests.', 'thread_id': 18, 'author': {'id': 12, 'username': 'leo', 'avatar': None}, 'parent_comment_id': None, 'created_at': '2026-04-05 12:52:38.891165', 'updated_at': '2026-04-05 12:52:38.891165', 'like_count': 0, 'liked_by_me': False, 'reply_count': 0, 'replies': []}}
2026-04-05 12:52:38,977 [httpx] INFO: HTTP Request: GET http://thread_service:8003/threads/19 "HTTP/1.1 200 OK"
2026-04-05 12:52:38,979 [app.kafka_producer] INFO: Sent to comment-events: {'event': 'new_comment', 'user_id': 19, 'type': 'new_comment', 'message': 'diana commented on your thread', 'reference_id': 105}
2026-04-05 12:52:38,980 [app.kafka_producer] INFO: Sent to comment-events: {'broadcast': True, 'type': 'new_comment_broadcast', 'comment': {'id': 105, 'content': "I had a similar experience. Here's what worked for me in production.", 'thread_id': 19, 'author': {'id': 4, 'username': 'diana', 'avatar': None}, 'parent_comment_id': None, 'created_at': '2026-04-05 12:52:38.938654', 'updated_at': '2026-04-05 12:52:38.938654', 'like_count': 0, 'liked_by_me': False, 'reply_count': 0, 'replies': []}}
2026-04-05 12:52:39,040 [httpx] INFO: HTTP Request: GET http://thread_service:8003/threads/19 "HTTP/1.1 200 OK"
2026-04-05 12:52:39,042 [app.kafka_producer] INFO: Sent to comment-events: {'event': 'new_comment', 'user_id': 19, 'type': 'new_comment', 'message': 'olivia commented on your thread', 'reference_id': 106}
2026-04-05 12:52:39,044 [app.kafka_producer] INFO: Sent to comment-events: {'broadcast': True, 'type': 'new_comment_broadcast', 'comment': {'id': 106, 'content': 'We use a similar setup at work. One gotcha to watch out for is memory leaks.', 'thread_id': 19, 'author': {'id': 15, 'username': 'olivia', 'avatar': None}, 'parent_comment_id': None, 'created_at': '2026-04-05 12:52:38.996566', 'updated_at': '2026-04-05 12:52:38.996566', 'like_count': 0, 'liked_by_me': False, 'reply_count': 0, 'replies': []}}
2026-04-05 12:52:39,089 [httpx] INFO: HTTP Request: GET http://thread_service:8003/threads/19 "HTTP/1.1 200 OK"
2026-04-05 12:52:39,092 [app.kafka_producer] INFO: Sent to comment-events: {'event': 'new_comment', 'user_id': 19, 'type': 'new_comment', 'message': 'peter commented on your thread', 'reference_id': 107}
2026-04-05 12:52:39,093 [app.kafka_producer] INFO: Sent to comment-events: {'broadcast': True, 'type': 'new_comment_broadcast', 'comment': {'id': 107, 'content': 'We ran into the exact same issue last sprint. Here is how we fixed it.', 'thread_id': 19, 'author': {'id': 16, 'username': 'peter', 'avatar': None}, 'parent_comment_id': None, 'created_at': '2026-04-05 12:52:39.061239', 'updated_at': '2026-04-05 12:52:39.061239', 'like_count': 0, 'liked_by_me': False, 'reply_count': 0, 'replies': []}}
2026-04-05 12:52:39,141 [httpx] INFO: HTTP Request: GET http://thread_service:8003/threads/19 "HTTP/1.1 200 OK"
2026-04-05 12:52:39,144 [app.kafka_producer] INFO: Sent to comment-events: {'event': 'new_comment', 'user_id': 19, 'type': 'new_comment', 'message': 'rachel commented on your thread', 'reference_id': 108}
2026-04-05 12:52:39,147 [app.kafka_producer] INFO: Sent to comment-events: {'broadcast': True, 'type': 'new_comment_broadcast', 'comment': {'id': 108, 'content': 'Solid advice. We adopted this pattern last quarter and it worked great.', 'thread_id': 19, 'author': {'id': 18, 'username': 'rachel', 'avatar': None}, 'parent_comment_id': None, 'created_at': '2026-04-05 12:52:39.113038', 'updated_at': '2026-04-05 12:52:39.113038', 'like_count': 0, 'liked_by_me': False, 'reply_count': 0, 'replies': []}}
2026-04-05 12:52:39,194 [httpx] INFO: HTTP Request: GET http://thread_service:8003/threads/20 "HTTP/1.1 200 OK"
2026-04-05 12:52:39,196 [app.kafka_producer] INFO: Sent to comment-events: {'event': 'new_comment', 'user_id': 20, 'type': 'new_comment', 'message': 'peter commented on your thread', 'reference_id': 109}
2026-04-05 12:52:39,199 [app.kafka_producer] INFO: Sent to comment-events: {'broadcast': True, 'type': 'new_comment_broadcast', 'comment': {'id': 109, 'content': "Has anyone benchmarked this? I'm curious about the performance impact.", 'thread_id': 20, 'author': {'id': 16, 'username': 'peter', 'avatar': None}, 'parent_comment_id': None, 'created_at': '2026-04-05 12:52:39.164169', 'updated_at': '2026-04-05 12:52:39.164169', 'like_count': 0, 'liked_by_me': False, 'reply_count': 0, 'replies': []}}
2026-04-05 12:52:39,242 [httpx] INFO: HTTP Request: GET http://thread_service:8003/threads/20 "HTTP/1.1 200 OK"
2026-04-05 12:52:39,245 [app.kafka_producer] INFO: Sent to comment-events: {'event': 'new_comment', 'user_id': 20, 'type': 'new_comment', 'message': 'eve commented on your thread', 'reference_id': 110}
2026-04-05 12:52:39,248 [app.kafka_producer] INFO: Sent to comment-events: {'broadcast': True, 'type': 'new_comment_broadcast', 'comment': {'id': 110, 'content': "Has anyone benchmarked this? I'm curious about the performance impact.", 'thread_id': 20, 'author': {'id': 5, 'username': 'eve', 'avatar': None}, 'parent_comment_id': None, 'created_at': '2026-04-05 12:52:39.215388', 'updated_at': '2026-04-05 12:52:39.215388', 'like_count': 0, 'liked_by_me': False, 'reply_count': 0, 'replies': []}}
2026-04-05 12:52:39,293 [httpx] INFO: HTTP Request: GET http://thread_service:8003/threads/20 "HTTP/1.1 200 OK"
2026-04-05 12:52:39,297 [app.kafka_producer] INFO: Sent to comment-events: {'event': 'new_comment', 'user_id': 20, 'type': 'new_comment', 'message': 'henry commented on your thread', 'reference_id': 111}
2026-04-05 12:52:39,300 [app.kafka_producer] INFO: Sent to comment-events: {'broadcast': True, 'type': 'new_comment_broadcast', 'comment': {'id': 111, 'content': 'This is exactly what I was looking for — bookmarked!', 'thread_id': 20, 'author': {'id': 8, 'username': 'henry', 'avatar': None}, 'parent_comment_id': None, 'created_at': '2026-04-05 12:52:39.264585', 'updated_at': '2026-04-05 12:52:39.264585', 'like_count': 0, 'liked_by_me': False, 'reply_count': 0, 'replies': []}}
2026-04-05 12:52:39,345 [httpx] INFO: HTTP Request: GET http://thread_service:8003/threads/20 "HTTP/1.1 200 OK"
2026-04-05 12:52:39,347 [app.kafka_producer] INFO: Sent to comment-events: {'event': 'new_comment', 'user_id': 20, 'type': 'new_comment', 'message': 'henry commented on your thread', 'reference_id': 112}
2026-04-05 12:52:39,350 [app.kafka_producer] INFO: Sent to comment-events: {'broadcast': True, 'type': 'new_comment_broadcast', 'comment': {'id': 112, 'content': 'Adding to the list: do not forget about edge cases with concurrent requests.', 'thread_id': 20, 'author': {'id': 8, 'username': 'henry', 'avatar': None}, 'parent_comment_id': None, 'created_at': '2026-04-05 12:52:39.316227', 'updated_at': '2026-04-05 12:52:39.316227', 'like_count': 0, 'liked_by_me': False, 'reply_count': 0, 'replies': []}}
2026-04-05 12:52:39,376 [app.kafka_producer] INFO: Sent to comment-events: {'event': 'comment_reply', 'user_id': 20, 'type': 'comment_reply', 'message': 'henry replied to your comment', 'reference_id': 113}
2026-04-05 12:52:39,400 [httpx] INFO: HTTP Request: GET http://thread_service:8003/threads/4 "HTTP/1.1 200 OK"
2026-04-05 12:52:39,403 [app.kafka_producer] INFO: Sent to comment-events: {'event': 'new_comment', 'user_id': 4, 'type': 'new_comment', 'message': 'henry commented on your thread', 'reference_id': 113}
2026-04-05 12:52:39,405 [app.kafka_producer] INFO: Sent to comment-events: {'broadcast': True, 'type': 'new_comment_broadcast', 'comment': {'id': 113, 'content': '@tina Hmm, I see your point but what about edge cases in production?', 'thread_id': 4, 'author': {'id': 8, 'username': 'henry', 'avatar': None}, 'parent_comment_id': 22, 'created_at': '2026-04-05 12:52:39.366053', 'updated_at': '2026-04-05 12:52:39.366053', 'like_count': 0, 'liked_by_me': False, 'reply_count': 0, 'replies': []}}
2026-04-05 12:52:39,411 [app.kafka_producer] INFO: Sent to comment-events: {'event': 'mention', 'user_id': 20, 'type': 'mention', 'message': 'henry mentioned you in a comment', 'reference_id': 113}
2026-04-05 12:52:39,436 [app.kafka_producer] INFO: Sent to comment-events: {'event': 'comment_reply', 'user_id': 17, 'type': 'comment_reply', 'message': 'peter replied to your comment', 'reference_id': 114}
2026-04-05 12:52:39,463 [httpx] INFO: HTTP Request: GET http://thread_service:8003/threads/15 "HTTP/1.1 200 OK"
2026-04-05 12:52:39,466 [app.kafka_producer] INFO: Sent to comment-events: {'event': 'new_comment', 'user_id': 15, 'type': 'new_comment', 'message': 'peter commented on your thread', 'reference_id': 114}
2026-04-05 12:52:39,467 [app.kafka_producer] INFO: Sent to comment-events: {'broadcast': True, 'type': 'new_comment_broadcast', 'comment': {'id': 114, 'content': '@quinn Hmm, I see your point but what about edge cases in production?', 'thread_id': 15, 'author': {'id': 16, 'username': 'peter', 'avatar': None}, 'parent_comment_id': 80, 'created_at': '2026-04-05 12:52:39.428215', 'updated_at': '2026-04-05 12:52:39.428215', 'like_count': 0, 'liked_by_me': False, 'reply_count': 0, 'replies': []}}
2026-04-05 12:52:39,470 [app.kafka_producer] INFO: Sent to comment-events: {'event': 'mention', 'user_id': 17, 'type': 'mention', 'message': 'peter mentioned you in a comment', 'reference_id': 114}
2026-04-05 12:52:39,495 [app.kafka_producer] INFO: Sent to comment-events: {'event': 'comment_reply', 'user_id': 8, 'type': 'comment_reply', 'message': 'karen replied to your comment', 'reference_id': 115}
2026-04-05 12:52:39,517 [httpx] INFO: HTTP Request: GET http://thread_service:8003/threads/5 "HTTP/1.1 200 OK"
2026-04-05 12:52:39,519 [app.kafka_producer] INFO: Sent to comment-events: {'event': 'new_comment', 'user_id': 5, 'type': 'new_comment', 'message': 'karen commented on your thread', 'reference_id': 115}
2026-04-05 12:52:39,521 [app.kafka_producer] INFO: Sent to comment-events: {'broadcast': True, 'type': 'new_comment_broadcast', 'comment': {'id': 115, 'content': "@henry Well said! I couldn't agree more.", 'thread_id': 5, 'author': {'id': 11, 'username': 'karen', 'avatar': None}, 'parent_comment_id': 25, 'created_at': '2026-04-05 12:52:39.485987', 'updated_at': '2026-04-05 12:52:39.485987', 'like_count': 0, 'liked_by_me': False, 'reply_count': 0, 'replies': []}}
2026-04-05 12:52:39,524 [app.kafka_producer] INFO: Sent to comment-events: {'event': 'mention', 'user_id': 8, 'type': 'mention', 'message': 'karen mentioned you in a comment', 'reference_id': 115}
2026-04-05 12:52:39,551 [app.kafka_producer] INFO: Sent to comment-events: {'event': 'comment_reply', 'user_id': 19, 'type': 'comment_reply', 'message': 'henry replied to your comment', 'reference_id': 116}
2026-04-05 12:52:39,571 [httpx] INFO: HTTP Request: GET http://thread_service:8003/threads/18 "HTTP/1.1 200 OK"
2026-04-05 12:52:39,574 [app.kafka_producer] INFO: Sent to comment-events: {'event': 'new_comment', 'user_id': 18, 'type': 'new_comment', 'message': 'henry commented on your thread', 'reference_id': 116}
2026-04-05 12:52:39,577 [app.kafka_producer] INFO: Sent to comment-events: {'broadcast': True, 'type': 'new_comment_broadcast', 'comment': {'id': 116, 'content': 'Hmm, I see your point but what about edge cases in production?', 'thread_id': 18, 'author': {'id': 8, 'username': 'henry', 'avatar': None}, 'parent_comment_id': 101, 'created_at': '2026-04-05 12:52:39.541716', 'updated_at': '2026-04-05 12:52:39.541716', 'like_count': 0, 'liked_by_me': False, 'reply_count': 0, 'replies': []}}
2026-04-05 12:52:39,601 [app.kafka_producer] INFO: Sent to comment-events: {'event': 'comment_reply', 'user_id': 18, 'type': 'comment_reply', 'message': 'charlie replied to your comment', 'reference_id': 117}
2026-04-05 12:52:39,623 [httpx] INFO: HTTP Request: GET http://thread_service:8003/threads/19 "HTTP/1.1 200 OK"
2026-04-05 12:52:39,625 [app.kafka_producer] INFO: Sent to comment-events: {'event': 'new_comment', 'user_id': 19, 'type': 'new_comment', 'message': 'charlie commented on your thread', 'reference_id': 117}
2026-04-05 12:52:39,627 [app.kafka_producer] INFO: Sent to comment-events: {'broadcast': True, 'type': 'new_comment_broadcast', 'comment': {'id': 117, 'content': '@rachel Good catch — I missed that detail. Updated my approach.', 'thread_id': 19, 'author': {'id': 3, 'username': 'charlie', 'avatar': None}, 'parent_comment_id': 108, 'created_at': '2026-04-05 12:52:39.593095', 'updated_at': '2026-04-05 12:52:39.593095', 'like_count': 0, 'liked_by_me': False, 'reply_count': 0, 'replies': []}}
2026-04-05 12:52:39,631 [app.kafka_producer] INFO: Sent to comment-events: {'event': 'mention', 'user_id': 18, 'type': 'mention', 'message': 'charlie mentioned you in a comment', 'reference_id': 117}
2026-04-05 12:52:39,655 [app.kafka_producer] INFO: Sent to comment-events: {'event': 'comment_reply', 'user_id': 9, 'type': 'comment_reply', 'message': 'rachel replied to your comment', 'reference_id': 118}
2026-04-05 12:52:39,679 [httpx] INFO: HTTP Request: GET http://thread_service:8003/threads/6 "HTTP/1.1 200 OK"
2026-04-05 12:52:39,682 [app.kafka_producer] INFO: Sent to comment-events: {'event': 'new_comment', 'user_id': 6, 'type': 'new_comment', 'message': 'rachel commented on your thread', 'reference_id': 118}
2026-04-05 12:52:39,685 [app.kafka_producer] INFO: Sent to comment-events: {'broadcast': True, 'type': 'new_comment_broadcast', 'comment': {'id': 118, 'content': "Well said! I couldn't agree more.", 'thread_id': 6, 'author': {'id': 18, 'username': 'rachel', 'avatar': None}, 'parent_comment_id': 31, 'created_at': '2026-04-05 12:52:39.647784', 'updated_at': '2026-04-05 12:52:39.647784', 'like_count': 0, 'liked_by_me': False, 'reply_count': 0, 'replies': []}}
2026-04-05 12:52:39,709 [app.kafka_producer] INFO: Sent to comment-events: {'event': 'comment_reply', 'user_id': 4, 'type': 'comment_reply', 'message': 'rachel replied to your comment', 'reference_id': 119}
2026-04-05 12:52:39,732 [httpx] INFO: HTTP Request: GET http://thread_service:8003/threads/16 "HTTP/1.1 200 OK"
2026-04-05 12:52:39,735 [app.kafka_producer] INFO: Sent to comment-events: {'event': 'new_comment', 'user_id': 16, 'type': 'new_comment', 'message': 'rachel commented on your thread', 'reference_id': 119}
2026-04-05 12:52:39,737 [app.kafka_producer] INFO: Sent to comment-events: {'broadcast': True, 'type': 'new_comment_broadcast', 'comment': {'id': 119, 'content': '@diana Thanks for the reply — that clears things up.', 'thread_id': 16, 'author': {'id': 18, 'username': 'rachel', 'avatar': None}, 'parent_comment_id': 88, 'created_at': '2026-04-05 12:52:39.700772', 'updated_at': '2026-04-05 12:52:39.700772', 'like_count': 0, 'liked_by_me': False, 'reply_count': 0, 'replies': []}}
2026-04-05 12:52:39,740 [app.kafka_producer] INFO: Sent to comment-events: {'event': 'mention', 'user_id': 4, 'type': 'mention', 'message': 'rachel mentioned you in a comment', 'reference_id': 119}
2026-04-05 12:52:39,763 [app.kafka_producer] INFO: Sent to comment-events: {'event': 'comment_reply', 'user_id': 4, 'type': 'comment_reply', 'message': 'jack replied to your comment', 'reference_id': 120}
2026-04-05 12:52:39,788 [httpx] INFO: HTTP Request: GET http://thread_service:8003/threads/8 "HTTP/1.1 200 OK"
2026-04-05 12:52:39,790 [app.kafka_producer] INFO: Sent to comment-events: {'event': 'new_comment', 'user_id': 8, 'type': 'new_comment', 'message': 'jack commented on your thread', 'reference_id': 120}
2026-04-05 12:52:39,792 [app.kafka_producer] INFO: Sent to comment-events: {'broadcast': True, 'type': 'new_comment_broadcast', 'comment': {'id': 120, 'content': '@diana Let me test this out and report back.', 'thread_id': 8, 'author': {'id': 10, 'username': 'jack', 'avatar': None}, 'parent_comment_id': 42, 'created_at': '2026-04-05 12:52:39.755759', 'updated_at': '2026-04-05 12:52:39.755759', 'like_count': 0, 'liked_by_me': False, 'reply_count': 0, 'replies': []}}
2026-04-05 12:52:39,794 [app.kafka_producer] INFO: Sent to comment-events: {'event': 'mention', 'user_id': 4, 'type': 'mention', 'message': 'jack mentioned you in a comment', 'reference_id': 120}
2026-04-05 12:52:39,818 [app.kafka_producer] INFO: Sent to comment-events: {'event': 'comment_reply', 'user_id': 17, 'type': 'comment_reply', 'message': 'sam replied to your comment', 'reference_id': 121}
2026-04-05 12:52:39,842 [httpx] INFO: HTTP Request: GET http://thread_service:8003/threads/3 "HTTP/1.1 200 OK"
2026-04-05 12:52:39,844 [app.kafka_producer] INFO: Sent to comment-events: {'event': 'new_comment', 'user_id': 3, 'type': 'new_comment', 'message': 'sam commented on your thread', 'reference_id': 121}
2026-04-05 12:52:39,846 [app.kafka_producer] INFO: Sent to comment-events: {'broadcast': True, 'type': 'new_comment_broadcast', 'comment': {'id': 121, 'content': 'Let me test this out and report back.', 'thread_id': 3, 'author': {'id': 19, 'username': 'sam', 'avatar': None}, 'parent_comment_id': 15, 'created_at': '2026-04-05 12:52:39.809977', 'updated_at': '2026-04-05 12:52:39.809977', 'like_count': 0, 'liked_by_me': False, 'reply_count': 0, 'replies': []}}
2026-04-05 12:52:39,868 [app.kafka_producer] INFO: Sent to comment-events: {'event': 'comment_reply', 'user_id': 7, 'type': 'comment_reply', 'message': 'jack replied to your comment', 'reference_id': 122}
2026-04-05 12:52:39,892 [httpx] INFO: HTTP Request: GET http://thread_service:8003/threads/13 "HTTP/1.1 200 OK"
2026-04-05 12:52:39,895 [app.kafka_producer] INFO: Sent to comment-events: {'event': 'new_comment', 'user_id': 13, 'type': 'new_comment', 'message': 'jack commented on your thread', 'reference_id': 122}
2026-04-05 12:52:39,903 [app.kafka_producer] INFO: Sent to comment-events: {'broadcast': True, 'type': 'new_comment_broadcast', 'comment': {'id': 122, 'content': 'Thanks for the reply — that clears things up.', 'thread_id': 13, 'author': {'id': 10, 'username': 'jack', 'avatar': None}, 'parent_comment_id': 68, 'created_at': '2026-04-05 12:52:39.861006', 'updated_at': '2026-04-05 12:52:39.861006', 'like_count': 0, 'liked_by_me': False, 'reply_count': 0, 'replies': []}}
2026-04-05 12:52:39,927 [app.kafka_producer] INFO: Sent to comment-events: {'event': 'comment_reply', 'user_id': 11, 'type': 'comment_reply', 'message': 'olivia replied to your comment', 'reference_id': 123}
2026-04-05 12:52:39,949 [httpx] INFO: HTTP Request: GET http://thread_service:8003/threads/15 "HTTP/1.1 200 OK"
2026-04-05 12:52:39,951 [app.kafka_producer] INFO: Sent to comment-events: {'broadcast': True, 'type': 'new_comment_broadcast', 'comment': {'id': 123, 'content': 'Good catch — I missed that detail. Updated my approach.', 'thread_id': 15, 'author': {'id': 15, 'username': 'olivia', 'avatar': None}, 'parent_comment_id': 84, 'created_at': '2026-04-05 12:52:39.918913', 'updated_at': '2026-04-05 12:52:39.918913', 'like_count': 0, 'liked_by_me': False, 'reply_count': 0, 'replies': []}}
2026-04-05 12:52:39,976 [app.kafka_producer] INFO: Sent to comment-events: {'event': 'comment_reply', 'user_id': 15, 'type': 'comment_reply', 'message': 'bob replied to your comment', 'reference_id': 124}
2026-04-05 12:52:40,000 [httpx] INFO: HTTP Request: GET http://thread_service:8003/threads/5 "HTTP/1.1 200 OK"
2026-04-05 12:52:40,002 [app.kafka_producer] INFO: Sent to comment-events: {'event': 'new_comment', 'user_id': 5, 'type': 'new_comment', 'message': 'bob commented on your thread', 'reference_id': 124}
2026-04-05 12:52:40,004 [app.kafka_producer] INFO: Sent to comment-events: {'broadcast': True, 'type': 'new_comment_broadcast', 'comment': {'id': 124, 'content': 'Hmm, I see your point but what about edge cases in production?', 'thread_id': 5, 'author': {'id': 2, 'username': 'bob', 'avatar': None}, 'parent_comment_id': 26, 'created_at': '2026-04-05 12:52:39.966779', 'updated_at': '2026-04-05 12:52:39.966779', 'like_count': 0, 'liked_by_me': False, 'reply_count': 0, 'replies': []}}
2026-04-05 12:52:40,029 [app.kafka_producer] INFO: Sent to comment-events: {'event': 'comment_reply', 'user_id': 16, 'type': 'comment_reply', 'message': 'karen replied to your comment', 'reference_id': 125}
2026-04-05 12:52:40,052 [httpx] INFO: HTTP Request: GET http://thread_service:8003/threads/15 "HTTP/1.1 200 OK"
2026-04-05 12:52:40,055 [app.kafka_producer] INFO: Sent to comment-events: {'event': 'new_comment', 'user_id': 15, 'type': 'new_comment', 'message': 'karen commented on your thread', 'reference_id': 125}
2026-04-05 12:52:40,057 [app.kafka_producer] INFO: Sent to comment-events: {'broadcast': True, 'type': 'new_comment_broadcast', 'comment': {'id': 125, 'content': 'Good catch — I missed that detail. Updated my approach.', 'thread_id': 15, 'author': {'id': 11, 'username': 'karen', 'avatar': None}, 'parent_comment_id': 81, 'created_at': '2026-04-05 12:52:40.019930', 'updated_at': '2026-04-05 12:52:40.019930', 'like_count': 0, 'liked_by_me': False, 'reply_count': 0, 'replies': []}}
2026-04-05 12:52:40,084 [app.kafka_producer] INFO: Sent to comment-events: {'event': 'comment_reply', 'user_id': 5, 'type': 'comment_reply', 'message': 'olivia replied to your comment', 'reference_id': 126}
2026-04-05 12:52:40,107 [httpx] INFO: HTTP Request: GET http://thread_service:8003/threads/12 "HTTP/1.1 200 OK"
2026-04-05 12:52:40,109 [app.kafka_producer] INFO: Sent to comment-events: {'event': 'new_comment', 'user_id': 12, 'type': 'new_comment', 'message': 'olivia commented on your thread', 'reference_id': 126}
2026-04-05 12:52:40,111 [app.kafka_producer] INFO: Sent to comment-events: {'broadcast': True, 'type': 'new_comment_broadcast', 'comment': {'id': 126, 'content': 'Thanks for the reply — that clears things up.', 'thread_id': 12, 'author': {'id': 15, 'username': 'olivia', 'avatar': None}, 'parent_comment_id': 64, 'created_at': '2026-04-05 12:52:40.074422', 'updated_at': '2026-04-05 12:52:40.074422', 'like_count': 0, 'liked_by_me': False, 'reply_count': 0, 'replies': []}}
2026-04-05 12:52:40,136 [app.kafka_producer] INFO: Sent to comment-events: {'event': 'comment_reply', 'user_id': 2, 'type': 'comment_reply', 'message': 'sam replied to your comment', 'reference_id': 127}
2026-04-05 12:52:40,175 [httpx] INFO: HTTP Request: GET http://thread_service:8003/threads/4 "HTTP/1.1 200 OK"
2026-04-05 12:52:40,177 [app.kafka_producer] INFO: Sent to comment-events: {'event': 'new_comment', 'user_id': 4, 'type': 'new_comment', 'message': 'sam commented on your thread', 'reference_id': 127}
2026-04-05 12:52:40,178 [app.kafka_producer] INFO: Sent to comment-events: {'broadcast': True, 'type': 'new_comment_broadcast', 'comment': {'id': 127, 'content': 'Let me test this out and report back.', 'thread_id': 4, 'author': {'id': 19, 'username': 'sam', 'avatar': None}, 'parent_comment_id': 16, 'created_at': '2026-04-05 12:52:40.127694', 'updated_at': '2026-04-05 12:52:40.127694', 'like_count': 0, 'liked_by_me': False, 'reply_count': 0, 'replies': []}}
2026-04-05 12:52:40,228 [app.kafka_producer] INFO: Sent to comment-events: {'event': 'comment_reply', 'user_id': 13, 'type': 'comment_reply', 'message': 'frank replied to your comment', 'reference_id': 128}
2026-04-05 12:52:40,262 [httpx] INFO: HTTP Request: GET http://thread_service:8003/threads/17 "HTTP/1.1 200 OK"
2026-04-05 12:52:40,265 [app.kafka_producer] INFO: Sent to comment-events: {'event': 'new_comment', 'user_id': 17, 'type': 'new_comment', 'message': 'frank commented on your thread', 'reference_id': 128}
2026-04-05 12:52:40,268 [app.kafka_producer] INFO: Sent to comment-events: {'broadcast': True, 'type': 'new_comment_broadcast', 'comment': {'id': 128, 'content': 'Let me test this out and report back.', 'thread_id': 17, 'author': {'id': 6, 'username': 'frank', 'avatar': None}, 'parent_comment_id': 91, 'created_at': '2026-04-05 12:52:40.219142', 'updated_at': '2026-04-05 12:52:40.219142', 'like_count': 0, 'liked_by_me': False, 'reply_count': 0, 'replies': []}}
2026-04-05 12:52:40,292 [app.kafka_producer] INFO: Sent to comment-events: {'event': 'comment_reply', 'user_id': 5, 'type': 'comment_reply', 'message': 'alice replied to your comment', 'reference_id': 129}
2026-04-05 12:52:40,316 [httpx] INFO: HTTP Request: GET http://thread_service:8003/threads/8 "HTTP/1.1 200 OK"
2026-04-05 12:52:40,319 [app.kafka_producer] INFO: Sent to comment-events: {'event': 'new_comment', 'user_id': 8, 'type': 'new_comment', 'message': 'alice commented on your thread', 'reference_id': 129}
2026-04-05 12:52:40,321 [app.kafka_producer] INFO: Sent to comment-events: {'broadcast': True, 'type': 'new_comment_broadcast', 'comment': {'id': 129, 'content': 'Hmm, I see your point but what about edge cases in production?', 'thread_id': 8, 'author': {'id': 1, 'username': 'alice', 'avatar': None}, 'parent_comment_id': 40, 'created_at': '2026-04-05 12:52:40.284011', 'updated_at': '2026-04-05 12:52:40.284011', 'like_count': 0, 'liked_by_me': False, 'reply_count': 0, 'replies': []}}
2026-04-05 12:52:40,345 [app.kafka_producer] INFO: Sent to comment-events: {'event': 'comment_reply', 'user_id': 7, 'type': 'comment_reply', 'message': 'olivia replied to your comment', 'reference_id': 130}
2026-04-05 12:52:40,367 [httpx] INFO: HTTP Request: GET http://thread_service:8003/threads/9 "HTTP/1.1 200 OK"
2026-04-05 12:52:40,370 [app.kafka_producer] INFO: Sent to comment-events: {'event': 'new_comment', 'user_id': 9, 'type': 'new_comment', 'message': 'olivia commented on your thread', 'reference_id': 130}
2026-04-05 12:52:40,371 [app.kafka_producer] INFO: Sent to comment-events: {'broadcast': True, 'type': 'new_comment_broadcast', 'comment': {'id': 130, 'content': '@grace Good catch — I missed that detail. Updated my approach.', 'thread_id': 9, 'author': {'id': 15, 'username': 'olivia', 'avatar': None}, 'parent_comment_id': 45, 'created_at': '2026-04-05 12:52:40.337642', 'updated_at': '2026-04-05 12:52:40.337642', 'like_count': 0, 'liked_by_me': False, 'reply_count': 0, 'replies': []}}
2026-04-05 12:52:40,374 [app.kafka_producer] INFO: Sent to comment-events: {'event': 'mention', 'user_id': 7, 'type': 'mention', 'message': 'olivia mentioned you in a comment', 'reference_id': 130}
2026-04-05 12:52:40,400 [app.kafka_producer] INFO: Sent to comment-events: {'event': 'comment_reply', 'user_id': 15, 'type': 'comment_reply', 'message': 'karen replied to your comment', 'reference_id': 131}
2026-04-05 12:52:40,423 [httpx] INFO: HTTP Request: GET http://thread_service:8003/threads/10 "HTTP/1.1 200 OK"
2026-04-05 12:52:40,426 [app.kafka_producer] INFO: Sent to comment-events: {'event': 'new_comment', 'user_id': 10, 'type': 'new_comment', 'message': 'karen commented on your thread', 'reference_id': 131}
2026-04-05 12:52:40,428 [app.kafka_producer] INFO: Sent to comment-events: {'broadcast': True, 'type': 'new_comment_broadcast', 'comment': {'id': 131, 'content': '@olivia Good catch — I missed that detail. Updated my approach.', 'thread_id': 10, 'author': {'id': 11, 'username': 'karen', 'avatar': None}, 'parent_comment_id': 54, 'created_at': '2026-04-05 12:52:40.391940', 'updated_at': '2026-04-05 12:52:40.391940', 'like_count': 0, 'liked_by_me': False, 'reply_count': 0, 'replies': []}}
2026-04-05 12:52:40,442 [app.kafka_producer] INFO: Sent to comment-events: {'event': 'mention', 'user_id': 15, 'type': 'mention', 'message': 'karen mentioned you in a comment', 'reference_id': 131}
2026-04-05 12:52:40,492 [app.kafka_producer] INFO: Sent to comment-events: {'event': 'comment_reply', 'user_id': 20, 'type': 'comment_reply', 'message': 'diana replied to your comment', 'reference_id': 132}
2026-04-05 12:52:40,528 [httpx] INFO: HTTP Request: GET http://thread_service:8003/threads/11 "HTTP/1.1 200 OK"
2026-04-05 12:52:40,532 [app.kafka_producer] INFO: Sent to comment-events: {'event': 'new_comment', 'user_id': 11, 'type': 'new_comment', 'message': 'diana commented on your thread', 'reference_id': 132}
2026-04-05 12:52:40,535 [app.kafka_producer] INFO: Sent to comment-events: {'broadcast': True, 'type': 'new_comment_broadcast', 'comment': {'id': 132, 'content': '@tina Thanks for the reply — that clears things up.', 'thread_id': 11, 'author': {'id': 4, 'username': 'diana', 'avatar': None}, 'parent_comment_id': 60, 'created_at': '2026-04-05 12:52:40.471399', 'updated_at': '2026-04-05 12:52:40.471399', 'like_count': 0, 'liked_by_me': False, 'reply_count': 0, 'replies': []}}
2026-04-05 12:52:40,540 [app.kafka_producer] INFO: Sent to comment-events: {'event': 'mention', 'user_id': 20, 'type': 'mention', 'message': 'diana mentioned you in a comment', 'reference_id': 132}
2026-04-05 12:52:40,577 [app.kafka_producer] INFO: Sent to comment-events: {'broadcast': True, 'type': 'comment_like_update', 'comment_id': 70, 'thread_id': 13, 'like_count': 1}
2026-04-05 12:52:40,580 [app.kafka_producer] INFO: Sent to comment-events: {'event': 'comment_liked', 'user_id': 20, 'actor_id': 3, 'type': 'comment_like', 'message': 'charlie liked your comment', 'reference_id': 70}
2026-04-05 12:52:40,604 [httpx] INFO: HTTP Request: GET http://thread_service:8003/threads/13 "HTTP/1.1 200 OK"
2026-04-05 12:52:40,607 [app.kafka_producer] INFO: Sent to comment-events: {'event': 'comment_liked_on_thread', 'user_id': 13, 'type': 'comment_like', 'message': 'charlie liked a comment on your thread', 'reference_id': 70}
2026-04-05 12:52:40,634 [app.kafka_producer] INFO: Sent to comment-events: {'broadcast': True, 'type': 'comment_like_update', 'comment_id': 2, 'thread_id': 1, 'like_count': 1}
2026-04-05 12:52:40,635 [app.kafka_producer] INFO: Sent to comment-events: {'event': 'comment_liked', 'user_id': 3, 'actor_id': 20, 'type': 'comment_like', 'message': 'tina liked your comment', 'reference_id': 2}
2026-04-05 12:52:40,659 [httpx] INFO: HTTP Request: GET http://thread_service:8003/threads/1 "HTTP/1.1 200 OK"
2026-04-05 12:52:40,662 [app.kafka_producer] INFO: Sent to comment-events: {'event': 'comment_liked_on_thread', 'user_id': 1, 'type': 'comment_like', 'message': 'tina liked a comment on your thread', 'reference_id': 2}
2026-04-05 12:52:40,687 [app.kafka_producer] INFO: Sent to comment-events: {'broadcast': True, 'type': 'comment_like_update', 'comment_id': 13, 'thread_id': 3, 'like_count': 1}
2026-04-05 12:52:40,689 [app.kafka_producer] INFO: Sent to comment-events: {'event': 'comment_liked', 'user_id': 1, 'actor_id': 4, 'type': 'comment_like', 'message': 'diana liked your comment', 'reference_id': 13}
2026-04-05 12:52:40,714 [httpx] INFO: HTTP Request: GET http://thread_service:8003/threads/3 "HTTP/1.1 200 OK"
2026-04-05 12:52:40,716 [app.kafka_producer] INFO: Sent to comment-events: {'event': 'comment_liked_on_thread', 'user_id': 3, 'type': 'comment_like', 'message': 'diana liked a comment on your thread', 'reference_id': 13}
2026-04-05 12:52:40,741 [app.kafka_producer] INFO: Sent to comment-events: {'broadcast': True, 'type': 'comment_like_update', 'comment_id': 87, 'thread_id': 16, 'like_count': 1}
2026-04-05 12:52:40,743 [app.kafka_producer] INFO: Sent to comment-events: {'event': 'comment_liked', 'user_id': 11, 'actor_id': 8, 'type': 'comment_like', 'message': 'henry liked your comment', 'reference_id': 87}
2026-04-05 12:52:40,768 [httpx] INFO: HTTP Request: GET http://thread_service:8003/threads/16 "HTTP/1.1 200 OK"
2026-04-05 12:52:40,771 [app.kafka_producer] INFO: Sent to comment-events: {'event': 'comment_liked_on_thread', 'user_id': 16, 'type': 'comment_like', 'message': 'henry liked a comment on your thread', 'reference_id': 87}
2026-04-05 12:52:40,796 [app.kafka_producer] INFO: Sent to comment-events: {'broadcast': True, 'type': 'comment_like_update', 'comment_id': 91, 'thread_id': 17, 'like_count': 1}
2026-04-05 12:52:40,798 [app.kafka_producer] INFO: Sent to comment-events: {'event': 'comment_liked', 'user_id': 13, 'actor_id': 7, 'type': 'comment_like', 'message': 'grace liked your comment', 'reference_id': 91}
2026-04-05 12:52:40,820 [httpx] INFO: HTTP Request: GET http://thread_service:8003/threads/17 "HTTP/1.1 200 OK"
2026-04-05 12:52:40,822 [app.kafka_producer] INFO: Sent to comment-events: {'event': 'comment_liked_on_thread', 'user_id': 17, 'type': 'comment_like', 'message': 'grace liked a comment on your thread', 'reference_id': 91}
2026-04-05 12:52:40,847 [app.kafka_producer] INFO: Sent to comment-events: {'broadcast': True, 'type': 'comment_like_update', 'comment_id': 36, 'thread_id': 7, 'like_count': 1}
2026-04-05 12:52:40,850 [app.kafka_producer] INFO: Sent to comment-events: {'event': 'comment_liked', 'user_id': 6, 'actor_id': 15, 'type': 'comment_like', 'message': 'olivia liked your comment', 'reference_id': 36}
2026-04-05 12:52:40,872 [httpx] INFO: HTTP Request: GET http://thread_service:8003/threads/7 "HTTP/1.1 200 OK"
2026-04-05 12:52:40,874 [app.kafka_producer] INFO: Sent to comment-events: {'event': 'comment_liked_on_thread', 'user_id': 7, 'type': 'comment_like', 'message': 'olivia liked a comment on your thread', 'reference_id': 36}
2026-04-05 12:52:40,904 [app.kafka_producer] INFO: Sent to comment-events: {'broadcast': True, 'type': 'comment_like_update', 'comment_id': 107, 'thread_id': 19, 'like_count': 1}
2026-04-05 12:52:40,906 [app.kafka_producer] INFO: Sent to comment-events: {'event': 'comment_liked', 'user_id': 16, 'actor_id': 11, 'type': 'comment_like', 'message': 'karen liked your comment', 'reference_id': 107}
2026-04-05 12:52:40,928 [httpx] INFO: HTTP Request: GET http://thread_service:8003/threads/19 "HTTP/1.1 200 OK"
2026-04-05 12:52:40,930 [app.kafka_producer] INFO: Sent to comment-events: {'event': 'comment_liked_on_thread', 'user_id': 19, 'type': 'comment_like', 'message': 'karen liked a comment on your thread', 'reference_id': 107}
2026-04-05 12:52:40,955 [app.kafka_producer] INFO: Sent to comment-events: {'broadcast': True, 'type': 'comment_like_update', 'comment_id': 76, 'thread_id': 14, 'like_count': 1}
2026-04-05 12:52:40,958 [app.kafka_producer] INFO: Sent to comment-events: {'event': 'comment_liked', 'user_id': 11, 'actor_id': 10, 'type': 'comment_like', 'message': 'jack liked your comment', 'reference_id': 76}
2026-04-05 12:52:40,979 [httpx] INFO: HTTP Request: GET http://thread_service:8003/threads/14 "HTTP/1.1 200 OK"
2026-04-05 12:52:40,981 [app.kafka_producer] INFO: Sent to comment-events: {'event': 'comment_liked_on_thread', 'user_id': 14, 'type': 'comment_like', 'message': 'jack liked a comment on your thread', 'reference_id': 76}
2026-04-05 12:52:41,009 [app.kafka_producer] INFO: Sent to comment-events: {'broadcast': True, 'type': 'comment_like_update', 'comment_id': 24, 'thread_id': 5, 'like_count': 1}
2026-04-05 12:52:41,010 [app.kafka_producer] INFO: Sent to comment-events: {'event': 'comment_liked', 'user_id': 19, 'actor_id': 3, 'type': 'comment_like', 'message': 'charlie liked your comment', 'reference_id': 24}
2026-04-05 12:52:41,046 [httpx] INFO: HTTP Request: GET http://thread_service:8003/threads/5 "HTTP/1.1 200 OK"
2026-04-05 12:52:41,047 [app.kafka_producer] INFO: Sent to comment-events: {'event': 'comment_liked_on_thread', 'user_id': 5, 'type': 'comment_like', 'message': 'charlie liked a comment on your thread', 'reference_id': 24}
2026-04-05 12:52:41,082 [app.kafka_producer] INFO: Sent to comment-events: {'broadcast': True, 'type': 'comment_like_update', 'comment_id': 63, 'thread_id': 12, 'like_count': 1}
2026-04-05 12:52:41,084 [app.kafka_producer] INFO: Sent to comment-events: {'event': 'comment_liked', 'user_id': 2, 'actor_id': 11, 'type': 'comment_like', 'message': 'karen liked your comment', 'reference_id': 63}
2026-04-05 12:52:41,106 [httpx] INFO: HTTP Request: GET http://thread_service:8003/threads/12 "HTTP/1.1 200 OK"
2026-04-05 12:52:41,109 [app.kafka_producer] INFO: Sent to comment-events: {'event': 'comment_liked_on_thread', 'user_id': 12, 'type': 'comment_like', 'message': 'karen liked a comment on your thread', 'reference_id': 63}
2026-04-05 12:52:41,131 [app.kafka_producer] INFO: Sent to comment-events: {'broadcast': True, 'type': 'comment_like_update', 'comment_id': 25, 'thread_id': 5, 'like_count': 1}
2026-04-05 12:52:41,134 [app.kafka_producer] INFO: Sent to comment-events: {'event': 'comment_liked', 'user_id': 8, 'actor_id': 2, 'type': 'comment_like', 'message': 'bob liked your comment', 'reference_id': 25}
2026-04-05 12:52:41,157 [httpx] INFO: HTTP Request: GET http://thread_service:8003/threads/5 "HTTP/1.1 200 OK"
2026-04-05 12:52:41,159 [app.kafka_producer] INFO: Sent to comment-events: {'event': 'comment_liked_on_thread', 'user_id': 5, 'type': 'comment_like', 'message': 'bob liked a comment on your thread', 'reference_id': 25}
2026-04-05 12:52:41,184 [app.kafka_producer] INFO: Sent to comment-events: {'broadcast': True, 'type': 'comment_like_update', 'comment_id': 12, 'thread_id': 3, 'like_count': 1}
2026-04-05 12:52:41,186 [app.kafka_producer] INFO: Sent to comment-events: {'event': 'comment_liked', 'user_id': 7, 'actor_id': 10, 'type': 'comment_like', 'message': 'jack liked your comment', 'reference_id': 12}
2026-04-05 12:52:41,210 [httpx] INFO: HTTP Request: GET http://thread_service:8003/threads/3 "HTTP/1.1 200 OK"
2026-04-05 12:52:41,211 [app.kafka_producer] INFO: Sent to comment-events: {'event': 'comment_liked_on_thread', 'user_id': 3, 'type': 'comment_like', 'message': 'jack liked a comment on your thread', 'reference_id': 12}
2026-04-05 12:52:41,236 [app.kafka_producer] INFO: Sent to comment-events: {'broadcast': True, 'type': 'comment_like_update', 'comment_id': 95, 'thread_id': 17, 'like_count': 1}
2026-04-05 12:52:41,239 [app.kafka_producer] INFO: Sent to comment-events: {'event': 'comment_liked', 'user_id': 14, 'actor_id': 8, 'type': 'comment_like', 'message': 'henry liked your comment', 'reference_id': 95}
2026-04-05 12:52:41,262 [httpx] INFO: HTTP Request: GET http://thread_service:8003/threads/17 "HTTP/1.1 200 OK"
2026-04-05 12:52:41,264 [app.kafka_producer] INFO: Sent to comment-events: {'event': 'comment_liked_on_thread', 'user_id': 17, 'type': 'comment_like', 'message': 'henry liked a comment on your thread', 'reference_id': 95}
2026-04-05 12:52:41,287 [app.kafka_producer] INFO: Sent to comment-events: {'broadcast': True, 'type': 'comment_like_update', 'comment_id': 53, 'thread_id': 10, 'like_count': 1}
2026-04-05 12:52:41,289 [app.kafka_producer] INFO: Sent to comment-events: {'event': 'comment_liked', 'user_id': 12, 'actor_id': 13, 'type': 'comment_like', 'message': 'mia liked your comment', 'reference_id': 53}
2026-04-05 12:52:41,313 [httpx] INFO: HTTP Request: GET http://thread_service:8003/threads/10 "HTTP/1.1 200 OK"
2026-04-05 12:52:41,315 [app.kafka_producer] INFO: Sent to comment-events: {'event': 'comment_liked_on_thread', 'user_id': 10, 'type': 'comment_like', 'message': 'mia liked a comment on your thread', 'reference_id': 53}
2026-04-05 12:52:41,340 [app.kafka_producer] INFO: Sent to comment-events: {'broadcast': True, 'type': 'comment_like_update', 'comment_id': 75, 'thread_id': 14, 'like_count': 1}
2026-04-05 12:52:41,342 [app.kafka_producer] INFO: Sent to comment-events: {'event': 'comment_liked', 'user_id': 15, 'actor_id': 10, 'type': 'comment_like', 'message': 'jack liked your comment', 'reference_id': 75}
2026-04-05 12:52:41,363 [httpx] INFO: HTTP Request: GET http://thread_service:8003/threads/14 "HTTP/1.1 200 OK"
2026-04-05 12:52:41,365 [app.kafka_producer] INFO: Sent to comment-events: {'event': 'comment_liked_on_thread', 'user_id': 14, 'type': 'comment_like', 'message': 'jack liked a comment on your thread', 'reference_id': 75}
2026-04-05 12:52:41,390 [app.kafka_producer] INFO: Sent to comment-events: {'broadcast': True, 'type': 'comment_like_update', 'comment_id': 100, 'thread_id': 18, 'like_count': 1}
2026-04-05 12:52:41,392 [app.kafka_producer] INFO: Sent to comment-events: {'event': 'comment_liked', 'user_id': 20, 'actor_id': 18, 'type': 'comment_like', 'message': 'rachel liked your comment', 'reference_id': 100}
2026-04-05 12:52:41,415 [httpx] INFO: HTTP Request: GET http://thread_service:8003/threads/18 "HTTP/1.1 200 OK"
2026-04-05 12:52:41,439 [app.kafka_producer] INFO: Sent to comment-events: {'broadcast': True, 'type': 'comment_like_update', 'comment_id': 23, 'thread_id': 5, 'like_count': 1}
2026-04-05 12:52:41,441 [app.kafka_producer] INFO: Sent to comment-events: {'event': 'comment_liked', 'user_id': 3, 'actor_id': 20, 'type': 'comment_like', 'message': 'tina liked your comment', 'reference_id': 23}
2026-04-05 12:52:41,479 [httpx] INFO: HTTP Request: GET http://thread_service:8003/threads/5 "HTTP/1.1 200 OK"
2026-04-05 12:52:41,482 [app.kafka_producer] INFO: Sent to comment-events: {'event': 'comment_liked_on_thread', 'user_id': 5, 'type': 'comment_like', 'message': 'tina liked a comment on your thread', 'reference_id': 23}
2026-04-05 12:52:41,507 [app.kafka_producer] INFO: Sent to comment-events: {'broadcast': True, 'type': 'comment_like_update', 'comment_id': 54, 'thread_id': 10, 'like_count': 1}
2026-04-05 12:52:41,509 [app.kafka_producer] INFO: Sent to comment-events: {'event': 'comment_liked', 'user_id': 15, 'actor_id': 8, 'type': 'comment_like', 'message': 'henry liked your comment', 'reference_id': 54}
2026-04-05 12:52:41,533 [httpx] INFO: HTTP Request: GET http://thread_service:8003/threads/10 "HTTP/1.1 200 OK"
2026-04-05 12:52:41,535 [app.kafka_producer] INFO: Sent to comment-events: {'event': 'comment_liked_on_thread', 'user_id': 10, 'type': 'comment_like', 'message': 'henry liked a comment on your thread', 'reference_id': 54}
2026-04-05 12:52:41,559 [app.kafka_producer] INFO: Sent to comment-events: {'broadcast': True, 'type': 'comment_like_update', 'comment_id': 9, 'thread_id': 2, 'like_count': 1}
2026-04-05 12:52:41,566 [app.kafka_producer] INFO: Sent to comment-events: {'event': 'comment_liked', 'user_id': 6, 'actor_id': 5, 'type': 'comment_like', 'message': 'eve liked your comment', 'reference_id': 9}
2026-04-05 12:52:41,589 [httpx] INFO: HTTP Request: GET http://thread_service:8003/threads/2 "HTTP/1.1 200 OK"
2026-04-05 12:52:41,591 [app.kafka_producer] INFO: Sent to comment-events: {'event': 'comment_liked_on_thread', 'user_id': 2, 'type': 'comment_like', 'message': 'eve liked a comment on your thread', 'reference_id': 9}
2026-04-05 12:52:41,616 [app.kafka_producer] INFO: Sent to comment-events: {'broadcast': True, 'type': 'comment_like_update', 'comment_id': 37, 'thread_id': 7, 'like_count': 1}
2026-04-05 12:52:41,619 [app.kafka_producer] INFO: Sent to comment-events: {'event': 'comment_liked', 'user_id': 10, 'actor_id': 7, 'type': 'comment_like', 'message': 'grace liked your comment', 'reference_id': 37}
2026-04-05 12:52:41,640 [httpx] INFO: HTTP Request: GET http://thread_service:8003/threads/7 "HTTP/1.1 200 OK"
2026-04-05 12:52:41,664 [app.kafka_producer] INFO: Sent to comment-events: {'broadcast': True, 'type': 'comment_like_update', 'comment_id': 17, 'thread_id': 4, 'like_count': 1}
2026-04-05 12:52:41,666 [app.kafka_producer] INFO: Sent to comment-events: {'event': 'comment_liked', 'user_id': 4, 'actor_id': 17, 'type': 'comment_like', 'message': 'quinn liked your comment', 'reference_id': 17}
2026-04-05 12:52:41,690 [httpx] INFO: HTTP Request: GET http://thread_service:8003/threads/4 "HTTP/1.1 200 OK"
2026-04-05 12:52:41,713 [app.kafka_producer] INFO: Sent to comment-events: {'broadcast': True, 'type': 'comment_like_update', 'comment_id': 18, 'thread_id': 4, 'like_count': 1}
2026-04-05 12:52:41,716 [app.kafka_producer] INFO: Sent to comment-events: {'event': 'comment_liked', 'user_id': 2, 'actor_id': 18, 'type': 'comment_like', 'message': 'rachel liked your comment', 'reference_id': 18}
2026-04-05 12:52:41,741 [httpx] INFO: HTTP Request: GET http://thread_service:8003/threads/4 "HTTP/1.1 200 OK"
2026-04-05 12:52:41,743 [app.kafka_producer] INFO: Sent to comment-events: {'event': 'comment_liked_on_thread', 'user_id': 4, 'type': 'comment_like', 'message': 'rachel liked a comment on your thread', 'reference_id': 18}
2026-04-05 12:52:41,770 [app.kafka_producer] INFO: Sent to comment-events: {'broadcast': True, 'type': 'comment_like_update', 'comment_id': 74, 'thread_id': 14, 'like_count': 1}
2026-04-05 12:52:41,773 [app.kafka_producer] INFO: Sent to comment-events: {'event': 'comment_liked', 'user_id': 16, 'actor_id': 9, 'type': 'comment_like', 'message': 'ivy liked your comment', 'reference_id': 74}
2026-04-05 12:52:41,797 [httpx] INFO: HTTP Request: GET http://thread_service:8003/threads/14 "HTTP/1.1 200 OK"
2026-04-05 12:52:41,799 [app.kafka_producer] INFO: Sent to comment-events: {'event': 'comment_liked_on_thread', 'user_id': 14, 'type': 'comment_like', 'message': 'ivy liked a comment on your thread', 'reference_id': 74}
2026-04-05 12:52:41,827 [app.kafka_producer] INFO: Sent to comment-events: {'broadcast': True, 'type': 'comment_like_update', 'comment_id': 47, 'thread_id': 9, 'like_count': 1}
2026-04-05 12:52:41,829 [app.kafka_producer] INFO: Sent to comment-events: {'event': 'comment_liked', 'user_id': 4, 'actor_id': 6, 'type': 'comment_like', 'message': 'frank liked your comment', 'reference_id': 47}
2026-04-05 12:52:41,855 [httpx] INFO: HTTP Request: GET http://thread_service:8003/threads/9 "HTTP/1.1 200 OK"
2026-04-05 12:52:41,859 [app.kafka_producer] INFO: Sent to comment-events: {'event': 'comment_liked_on_thread', 'user_id': 9, 'type': 'comment_like', 'message': 'frank liked a comment on your thread', 'reference_id': 47}
2026-04-05 12:52:41,913 [app.kafka_producer] INFO: Sent to comment-events: {'broadcast': True, 'type': 'comment_like_update', 'comment_id': 97, 'thread_id': 17, 'like_count': 1}
2026-04-05 12:52:41,915 [app.kafka_producer] INFO: Sent to comment-events: {'event': 'comment_liked', 'user_id': 18, 'actor_id': 16, 'type': 'comment_like', 'message': 'peter liked your comment', 'reference_id': 97}
2026-04-05 12:52:41,936 [httpx] INFO: HTTP Request: GET http://thread_service:8003/threads/17 "HTTP/1.1 200 OK"
2026-04-05 12:52:41,938 [app.kafka_producer] INFO: Sent to comment-events: {'event': 'comment_liked_on_thread', 'user_id': 17, 'type': 'comment_like', 'message': 'peter liked a comment on your thread', 'reference_id': 97}
2026-04-05 12:58:53,155 [comment_service.consumer] INFO: Synced user 19 from Kafka event
2026-04-05 13:00:57,988 [comment_service.consumer] INFO: Synced user 1 from Kafka event
2026-04-05 13:00:58,480 [comment_service.consumer] INFO: Synced user 1 from Kafka event
2026-04-05 13:17:32,833 [comment_service.consumer] INFO: Synced user 1 from Kafka event
2026-04-05 13:17:34,577 [comment_service.consumer] INFO: Synced user 1 from Kafka event
2026-04-05 13:19:20,831 [comment_service.consumer] INFO: Synced user 1 from Kafka event
2026-04-05 13:19:22,648 [comment_service.consumer] INFO: Synced user 1 from Kafka event
2026-04-05 16:02:20,471 [app.kafka_producer] INFO: Sent to comment-events: {'broadcast': True, 'type': 'comment_like_update', 'comment_id': 74, 'thread_id': 14, 'like_count': 2}
2026-04-05 16:02:20,477 [app.kafka_producer] INFO: Sent to comment-events: {'event': 'comment_liked', 'user_id': 16, 'actor_id': 1, 'type': 'comment_like', 'message': 'alice liked your comment', 'reference_id': 74}
2026-04-05 16:02:20,583 [httpx] INFO: HTTP Request: GET http://thread_service:8003/threads/14 "HTTP/1.1 200 OK"
2026-04-05 16:02:20,586 [app.kafka_producer] INFO: Sent to comment-events: {'event': 'comment_liked_on_thread', 'user_id': 14, 'type': 'comment_like', 'message': 'alice liked a comment on your thread', 'reference_id': 74}
2026-04-05 16:08:17,035 [comment_service.consumer] INFO: Synced user 1 from Kafka event
2026-04-05 16:08:18,439 [comment_service.consumer] INFO: Synced user 1 from Kafka event
2026-04-06 10:45:14,160 [comment_service.consumer] INFO: Synced user 11 from Kafka event
2026-04-06 10:45:15,664 [comment_service.consumer] INFO: Synced user 11 from Kafka event
2026-04-06 10:45:46,300 [comment_service.consumer] INFO: Synced user 8 from Kafka event
2026-04-06 10:45:50,925 [comment_service.consumer] INFO: Synced user 8 from Kafka event
2026-04-06 12:00:51,788 [app.kafka_producer] INFO: Sent to comment-events: {'broadcast': True, 'type': 'comment_like_update', 'comment_id': 105, 'thread_id': 19, 'like_count': 1}
2026-04-06 12:00:51,848 [httpx] INFO: HTTP Request: GET http://thread_service:8003/threads/19 "HTTP/1.1 200 OK"
2026-04-06 12:00:51,850 [app.kafka_producer] INFO: Sent to comment-events: {'event': 'comment_liked_on_thread', 'user_id': 19, 'type': 'comment_like', 'message': 'diana liked a comment on your thread', 'reference_id': 105}
2026-04-06 12:00:56,610 [app.kafka_producer] INFO: Sent to comment-events: {'broadcast': True, 'type': 'comment_like_update', 'comment_id': 106, 'thread_id': 19, 'like_count': 1}
2026-04-06 12:00:56,611 [app.kafka_producer] INFO: Sent to comment-events: {'event': 'comment_liked', 'user_id': 15, 'actor_id': 4, 'type': 'comment_like', 'message': 'diana liked your comment', 'reference_id': 106}
2026-04-06 12:00:56,639 [httpx] INFO: HTTP Request: GET http://thread_service:8003/threads/19 "HTTP/1.1 200 OK"
2026-04-06 12:00:56,641 [app.kafka_producer] INFO: Sent to comment-events: {'event': 'comment_liked_on_thread', 'user_id': 19, 'type': 'comment_like', 'message': 'diana liked a comment on your thread', 'reference_id': 106}
2026-04-06 12:16:13,683 [app.kafka_producer] INFO: Sent to comment-events: {'broadcast': True, 'type': 'comment_like_update', 'comment_id': 117, 'thread_id': 19, 'like_count': 1}
2026-04-06 12:16:13,686 [app.kafka_producer] INFO: Sent to comment-events: {'event': 'comment_liked', 'user_id': 3, 'actor_id': 4, 'type': 'comment_like', 'message': 'diana liked your comment', 'reference_id': 117}
2026-04-06 12:16:13,727 [httpx] INFO: HTTP Request: GET http://thread_service:8003/threads/19 "HTTP/1.1 200 OK"
2026-04-06 12:16:13,729 [app.kafka_producer] INFO: Sent to comment-events: {'event': 'comment_liked_on_thread', 'user_id': 19, 'type': 'comment_like', 'message': 'diana liked a comment on your thread', 'reference_id': 117}
2026-04-06 12:16:17,384 [app.kafka_producer] INFO: Sent to comment-events: {'broadcast': True, 'type': 'comment_like_update', 'comment_id': 117, 'thread_id': 19, 'like_count': 0}
2026-04-06 13:00:03,013 [app.kafka_producer] INFO: Sent to comment-events: {'broadcast': True, 'type': 'comment_like_update', 'comment_id': 106, 'thread_id': 19, 'like_count': 0}
2026-04-06 13:11:40,257 [httpx] INFO: HTTP Request: GET http://thread_service:8003/threads/16 "HTTP/1.1 200 OK"
2026-04-06 13:11:40,261 [app.kafka_producer] INFO: Sent to comment-events: {'event': 'new_comment', 'user_id': 16, 'type': 'new_comment', 'message': 'diana commented on your thread', 'reference_id': 133}
2026-04-06 13:11:40,265 [app.kafka_producer] INFO: Sent to comment-events: {'broadcast': True, 'type': 'new_comment_broadcast', 'comment': {'id': 133, 'content': 'good', 'thread_id': 16, 'author': {'id': 4, 'username': 'diana', 'avatar': None}, 'parent_comment_id': 88, 'created_at': '2026-04-06 13:11:40.124797', 'updated_at': '2026-04-06 13:11:40.124797', 'like_count': 0, 'liked_by_me': False, 'reply_count': 0, 'replies': []}}
2026-04-06 13:53:28,111 [app.kafka_producer] INFO: Sent to comment-events: {'broadcast': True, 'type': 'comment_like_update', 'comment_id': 109, 'thread_id': 20, 'like_count': 1}
2026-04-06 13:53:28,114 [app.kafka_producer] INFO: Sent to comment-events: {'event': 'comment_liked', 'user_id': 16, 'actor_id': 4, 'type': 'comment_like', 'message': 'diana liked your comment', 'reference_id': 109}
2026-04-06 13:53:28,202 [httpx] INFO: HTTP Request: GET http://thread_service:8003/threads/20 "HTTP/1.1 200 OK"
2026-04-06 13:53:28,204 [app.kafka_producer] INFO: Sent to comment-events: {'event': 'comment_liked_on_thread', 'user_id': 20, 'type': 'comment_like', 'message': 'diana liked a comment on your thread', 'reference_id': 109}
2026-04-06 13:53:29,634 [app.kafka_producer] INFO: Sent to comment-events: {'broadcast': True, 'type': 'comment_like_update', 'comment_id': 109, 'thread_id': 20, 'like_count': 0}
2026-04-06 13:53:30,551 [app.kafka_producer] INFO: Sent to comment-events: {'broadcast': True, 'type': 'comment_like_update', 'comment_id': 109, 'thread_id': 20, 'like_count': 1}
2026-04-06 13:53:30,553 [app.kafka_producer] INFO: Sent to comment-events: {'event': 'comment_liked', 'user_id': 16, 'actor_id': 4, 'type': 'comment_like', 'message': 'diana liked your comment', 'reference_id': 109}
2026-04-06 13:53:30,580 [httpx] INFO: HTTP Request: GET http://thread_service:8003/threads/20 "HTTP/1.1 200 OK"
2026-04-06 13:53:30,581 [app.kafka_producer] INFO: Sent to comment-events: {'event': 'comment_liked_on_thread', 'user_id': 20, 'type': 'comment_like', 'message': 'diana liked a comment on your thread', 'reference_id': 109}
2026-04-06 17:06:21,517 [comment_service.consumer] INFO: Synced user 3 from Kafka event
2026-04-06 17:12:15,463 [app.kafka_producer] INFO: Sent to comment-events: {'event': 'comment_reply', 'user_id': 2, 'type': 'comment_reply', 'message': 'karen replied to your comment', 'reference_id': 134}
2026-04-06 17:12:15,526 [httpx] INFO: HTTP Request: GET http://thread_service:8003/threads/11 "HTTP/1.1 200 OK"
2026-04-06 17:12:15,529 [app.kafka_producer] INFO: Sent to comment-events: {'broadcast': True, 'type': 'new_comment_broadcast', 'comment': {'id': 134, 'content': 'a', 'thread_id': 11, 'author': {'id': 11, 'username': 'karen', 'avatar': '/uploads/avatars/11_1fbd0120e4de4459bd82142c5567e92a.webp'}, 'parent_comment_id': 56, 'created_at': '2026-04-06 17:12:15.440017', 'updated_at': '2026-04-06 17:12:15.440017', 'like_count': 0, 'liked_by_me': False, 'reply_count': 0, 'replies': []}}
2026-04-06 17:12:20,307 [httpx] INFO: HTTP Request: GET http://thread_service:8003/threads/11 "HTTP/1.1 200 OK"
2026-04-06 17:12:20,309 [app.kafka_producer] INFO: Sent to comment-events: {'broadcast': True, 'type': 'new_comment_broadcast', 'comment': {'id': 135, 'content': 'b', 'thread_id': 11, 'author': {'id': 11, 'username': 'karen', 'avatar': '/uploads/avatars/11_1fbd0120e4de4459bd82142c5567e92a.webp'}, 'parent_comment_id': 134, 'created_at': '2026-04-06 17:12:20.274820', 'updated_at': '2026-04-06 17:12:20.274820', 'like_count': 0, 'liked_by_me': False, 'reply_count': 0, 'replies': []}}
2026-04-06 17:12:24,534 [httpx] INFO: HTTP Request: GET http://thread_service:8003/threads/11 "HTTP/1.1 200 OK"
2026-04-06 17:12:24,537 [app.kafka_producer] INFO: Sent to comment-events: {'broadcast': True, 'type': 'new_comment_broadcast', 'comment': {'id': 136, 'content': 'c', 'thread_id': 11, 'author': {'id': 11, 'username': 'karen', 'avatar': '/uploads/avatars/11_1fbd0120e4de4459bd82142c5567e92a.webp'}, 'parent_comment_id': 135, 'created_at': '2026-04-06 17:12:24.505437', 'updated_at': '2026-04-06 17:12:24.505437', 'like_count': 0, 'liked_by_me': False, 'reply_count': 0, 'replies': []}}
2026-04-06 17:12:29,722 [httpx] INFO: HTTP Request: GET http://thread_service:8003/threads/11 "HTTP/1.1 200 OK"
2026-04-06 17:12:29,724 [app.kafka_producer] INFO: Sent to comment-events: {'broadcast': True, 'type': 'new_comment_broadcast', 'comment': {'id': 137, 'content': 'd', 'thread_id': 11, 'author': {'id': 11, 'username': 'karen', 'avatar': '/uploads/avatars/11_1fbd0120e4de4459bd82142c5567e92a.webp'}, 'parent_comment_id': 136, 'created_at': '2026-04-06 17:12:29.695855', 'updated_at': '2026-04-06 17:12:29.695855', 'like_count': 0, 'liked_by_me': False, 'reply_count': 0, 'replies': []}}
2026-04-06 17:12:34,320 [httpx] INFO: HTTP Request: GET http://thread_service:8003/threads/11 "HTTP/1.1 200 OK"
2026-04-06 17:12:34,323 [app.kafka_producer] INFO: Sent to comment-events: {'broadcast': True, 'type': 'new_comment_broadcast', 'comment': {'id': 138, 'content': 'e', 'thread_id': 11, 'author': {'id': 11, 'username': 'karen', 'avatar': '/uploads/avatars/11_1fbd0120e4de4459bd82142c5567e92a.webp'}, 'parent_comment_id': 137, 'created_at': '2026-04-06 17:12:34.293313', 'updated_at': '2026-04-06 17:12:34.293313', 'like_count': 0, 'liked_by_me': False, 'reply_count': 0, 'replies': []}}
2026-04-06 17:12:39,495 [httpx] INFO: HTTP Request: GET http://thread_service:8003/threads/11 "HTTP/1.1 200 OK"
2026-04-06 17:12:39,497 [app.kafka_producer] INFO: Sent to comment-events: {'broadcast': True, 'type': 'new_comment_broadcast', 'comment': {'id': 139, 'content': 'f', 'thread_id': 11, 'author': {'id': 11, 'username': 'karen', 'avatar': '/uploads/avatars/11_1fbd0120e4de4459bd82142c5567e92a.webp'}, 'parent_comment_id': 138, 'created_at': '2026-04-06 17:12:39.463554', 'updated_at': '2026-04-06 17:12:39.463554', 'like_count': 0, 'liked_by_me': False, 'reply_count': 0, 'replies': []}}
2026-04-06 17:12:43,622 [httpx] INFO: HTTP Request: GET http://thread_service:8003/threads/11 "HTTP/1.1 200 OK"
2026-04-06 17:12:43,624 [app.kafka_producer] INFO: Sent to comment-events: {'broadcast': True, 'type': 'new_comment_broadcast', 'comment': {'id': 140, 'content': 'g', 'thread_id': 11, 'author': {'id': 11, 'username': 'karen', 'avatar': '/uploads/avatars/11_1fbd0120e4de4459bd82142c5567e92a.webp'}, 'parent_comment_id': 139, 'created_at': '2026-04-06 17:12:43.589426', 'updated_at': '2026-04-06 17:12:43.589426', 'like_count': 0, 'liked_by_me': False, 'reply_count': 0, 'replies': []}}
2026-04-06 17:12:48,299 [httpx] INFO: HTTP Request: GET http://thread_service:8003/threads/11 "HTTP/1.1 200 OK"
2026-04-06 17:12:48,301 [app.kafka_producer] INFO: Sent to comment-events: {'broadcast': True, 'type': 'new_comment_broadcast', 'comment': {'id': 141, 'content': 'h', 'thread_id': 11, 'author': {'id': 11, 'username': 'karen', 'avatar': '/uploads/avatars/11_1fbd0120e4de4459bd82142c5567e92a.webp'}, 'parent_comment_id': 140, 'created_at': '2026-04-06 17:12:48.264935', 'updated_at': '2026-04-06 17:12:48.264935', 'like_count': 0, 'liked_by_me': False, 'reply_count': 0, 'replies': []}}
2026-04-06 17:12:53,299 [httpx] INFO: HTTP Request: GET http://thread_service:8003/threads/11 "HTTP/1.1 200 OK"
2026-04-06 17:12:53,301 [app.kafka_producer] INFO: Sent to comment-events: {'broadcast': True, 'type': 'new_comment_broadcast', 'comment': {'id': 142, 'content': 'i', 'thread_id': 11, 'author': {'id': 11, 'username': 'karen', 'avatar': '/uploads/avatars/11_1fbd0120e4de4459bd82142c5567e92a.webp'}, 'parent_comment_id': 141, 'created_at': '2026-04-06 17:12:53.264746', 'updated_at': '2026-04-06 17:12:53.264746', 'like_count': 0, 'liked_by_me': False, 'reply_count': 0, 'replies': []}}
2026-04-06 17:12:58,600 [httpx] INFO: HTTP Request: GET http://thread_service:8003/threads/11 "HTTP/1.1 200 OK"
2026-04-06 17:12:58,602 [app.kafka_producer] INFO: Sent to comment-events: {'broadcast': True, 'type': 'new_comment_broadcast', 'comment': {'id': 143, 'content': 'j', 'thread_id': 11, 'author': {'id': 11, 'username': 'karen', 'avatar': '/uploads/avatars/11_1fbd0120e4de4459bd82142c5567e92a.webp'}, 'parent_comment_id': 142, 'created_at': '2026-04-06 17:12:58.556637', 'updated_at': '2026-04-06 17:12:58.556637', 'like_count': 0, 'liked_by_me': False, 'reply_count': 0, 'replies': []}}
2026-04-06 17:14:48,560 [app.kafka_producer] INFO: Sent to comment-events: {'event': 'comment_deleted', 'user_id': 2, 'type': 'comment_deleted', 'message': 'Your comment was removed by a moderator', 'reference_id': 56}
2026-04-06 17:14:48,562 [app.kafka_producer] INFO: Sent to comment-events: {'event': 'comment_deleted_broadcast', 'broadcast': True, 'type': 'comment_deleted', 'comment_id': 56, 'thread_id': 11, 'deleted_count': 11}
2026-04-06 17:47:14,395 [app.kafka_producer] INFO: Sent to comment-events: {'event': 'comment_deleted', 'user_id': 2, 'type': 'comment_deleted', 'message': 'Your comment was removed by a moderator', 'reference_id': 56}
2026-04-06 17:47:14,399 [app.kafka_producer] INFO: Sent to comment-events: {'event': 'comment_deleted_broadcast', 'broadcast': True, 'type': 'comment_deleted', 'comment_id': 56, 'thread_id': 11, 'deleted_count': 1}
2026-04-06 17:47:59,865 [app.kafka_producer] INFO: Sent to comment-events: {'event': 'comment_deleted', 'user_id': 20, 'type': 'comment_deleted', 'message': 'Your comment was removed by a moderator', 'reference_id': 60}
2026-04-06 17:47:59,867 [app.kafka_producer] INFO: Sent to comment-events: {'event': 'comment_deleted_broadcast', 'broadcast': True, 'type': 'comment_deleted', 'comment_id': 60, 'thread_id': 11, 'deleted_count': 2}
2026-04-06 17:52:11,368 [app.kafka_producer] INFO: Sent to comment-events: {'event': 'comment_reply', 'user_id': 1, 'type': 'comment_reply', 'message': 'karen replied to your comment', 'reference_id': 144}
2026-04-06 17:52:11,428 [httpx] INFO: HTTP Request: GET http://thread_service:8003/threads/11 "HTTP/1.1 200 OK"
2026-04-06 17:52:11,432 [app.kafka_producer] INFO: Sent to comment-events: {'broadcast': True, 'type': 'new_comment_broadcast', 'comment': {'id': 144, 'content': 'a', 'thread_id': 11, 'author': {'id': 11, 'username': 'karen', 'avatar': '/uploads/avatars/11_1fbd0120e4de4459bd82142c5567e92a.webp'}, 'parent_comment_id': 57, 'created_at': '2026-04-06 17:52:11.357362', 'updated_at': '2026-04-06 17:52:11.357362', 'like_count': 0, 'liked_by_me': False, 'reply_count': 0, 'replies': []}}
2026-04-06 17:52:15,565 [httpx] INFO: HTTP Request: GET http://thread_service:8003/threads/11 "HTTP/1.1 200 OK"
2026-04-06 17:52:15,567 [app.kafka_producer] INFO: Sent to comment-events: {'broadcast': True, 'type': 'new_comment_broadcast', 'comment': {'id': 145, 'content': 'b', 'thread_id': 11, 'author': {'id': 11, 'username': 'karen', 'avatar': '/uploads/avatars/11_1fbd0120e4de4459bd82142c5567e92a.webp'}, 'parent_comment_id': 144, 'created_at': '2026-04-06 17:52:15.533015', 'updated_at': '2026-04-06 17:52:15.533015', 'like_count': 0, 'liked_by_me': False, 'reply_count': 0, 'replies': []}}
2026-04-06 17:53:16,061 [app.kafka_producer] INFO: Sent to comment-events: {'event': 'comment_deleted_broadcast', 'broadcast': True, 'type': 'comment_deleted', 'comment_id': 57, 'thread_id': 11, 'deleted_count': 3}
2026-04-06 17:56:36,172 [app.kafka_producer] INFO: Sent to comment-events: {'event': 'comment_reply', 'user_id': 5, 'type': 'comment_reply', 'message': 'karen replied to your comment', 'reference_id': 146}
2026-04-06 17:56:36,202 [httpx] INFO: HTTP Request: GET http://thread_service:8003/threads/11 "HTTP/1.1 200 OK"
2026-04-06 17:56:36,204 [app.kafka_producer] INFO: Sent to comment-events: {'broadcast': True, 'type': 'new_comment_broadcast', 'comment': {'id': 146, 'content': 'h', 'thread_id': 11, 'author': {'id': 11, 'username': 'karen', 'avatar': '/uploads/avatars/11_1fbd0120e4de4459bd82142c5567e92a.webp'}, 'parent_comment_id': 58, 'created_at': '2026-04-06 17:56:36.162165', 'updated_at': '2026-04-06 17:56:36.162165', 'like_count': 0, 'liked_by_me': False, 'reply_count': 0, 'replies': []}}
2026-04-06 17:56:40,899 [httpx] INFO: HTTP Request: GET http://thread_service:8003/threads/11 "HTTP/1.1 200 OK"
2026-04-06 17:56:40,901 [app.kafka_producer] INFO: Sent to comment-events: {'broadcast': True, 'type': 'new_comment_broadcast', 'comment': {'id': 147, 'content': 'j', 'thread_id': 11, 'author': {'id': 11, 'username': 'karen', 'avatar': '/uploads/avatars/11_1fbd0120e4de4459bd82142c5567e92a.webp'}, 'parent_comment_id': 146, 'created_at': '2026-04-06 17:56:40.867307', 'updated_at': '2026-04-06 17:56:40.867307', 'like_count': 0, 'liked_by_me': False, 'reply_count': 0, 'replies': []}}
2026-04-06 17:57:00,317 [app.kafka_producer] INFO: Sent to comment-events: {'event': 'comment_deleted', 'user_id': 5, 'type': 'comment_deleted', 'message': 'Your comment was removed by a moderator', 'reference_id': 58}
2026-04-06 17:57:00,319 [app.kafka_producer] INFO: Sent to comment-events: {'event': 'comment_deleted_broadcast', 'broadcast': True, 'type': 'comment_deleted', 'comment_id': 58, 'thread_id': 11, 'deleted_count': 3}
2026-04-06 18:00:22,806 [app.kafka_producer] INFO: Sent to comment-events: {'event': 'comment_reply', 'user_id': 5, 'type': 'comment_reply', 'message': 'alice replied to your comment', 'reference_id': 148}
2026-04-06 18:00:22,833 [httpx] INFO: HTTP Request: GET http://thread_service:8003/threads/20 "HTTP/1.1 200 OK"
2026-04-06 18:00:22,835 [app.kafka_producer] INFO: Sent to comment-events: {'event': 'new_comment', 'user_id': 20, 'type': 'new_comment', 'message': 'alice commented on your thread', 'reference_id': 148}
2026-04-06 18:00:22,837 [app.kafka_producer] INFO: Sent to comment-events: {'broadcast': True, 'type': 'new_comment_broadcast', 'comment': {'id': 148, 'content': 'hello', 'thread_id': 20, 'author': {'id': 1, 'username': 'alice', 'avatar': '/uploads/avatars/1_0f6f5b5d4ee44e33bd357c64ce07a280.jpg'}, 'parent_comment_id': 110, 'created_at': '2026-04-06 18:00:22.794075', 'updated_at': '2026-04-06 18:00:22.794075', 'like_count': 0, 'liked_by_me': False, 'reply_count': 0, 'replies': []}}
2026-04-06 18:00:41,597 [app.kafka_producer] INFO: Sent to comment-events: {'event': 'comment_deleted', 'user_id': 5, 'type': 'comment_deleted', 'message': 'Your comment was removed by a moderator', 'reference_id': 110}
2026-04-06 18:00:41,599 [app.kafka_producer] INFO: Sent to comment-events: {'event': 'comment_deleted_broadcast', 'broadcast': True, 'type': 'comment_deleted', 'comment_id': 110, 'thread_id': 20, 'deleted_count': 2}
2026-04-06 18:05:41,387 [app.kafka_producer] INFO: Sent to comment-events: {'event': 'comment_reply', 'user_id': 16, 'type': 'comment_reply', 'message': 'karen replied to your comment', 'reference_id': 149}
2026-04-06 18:05:41,430 [httpx] INFO: HTTP Request: GET http://thread_service:8003/threads/20 "HTTP/1.1 200 OK"
2026-04-06 18:05:41,432 [app.kafka_producer] INFO: Sent to comment-events: {'event': 'new_comment', 'user_id': 20, 'type': 'new_comment', 'message': 'karen commented on your thread', 'reference_id': 149}
2026-04-06 18:05:41,434 [app.kafka_producer] INFO: Sent to comment-events: {'broadcast': True, 'type': 'new_comment_broadcast', 'comment': {'id': 149, 'content': '1', 'thread_id': 20, 'author': {'id': 11, 'username': 'karen', 'avatar': '/uploads/avatars/11_1fbd0120e4de4459bd82142c5567e92a.webp'}, 'parent_comment_id': 109, 'created_at': '2026-04-06 18:05:41.376653', 'updated_at': '2026-04-06 18:05:41.376653', 'like_count': 0, 'liked_by_me': False, 'reply_count': 0, 'replies': []}}
2026-04-06 18:05:45,206 [httpx] INFO: HTTP Request: GET http://thread_service:8003/threads/20 "HTTP/1.1 200 OK"
2026-04-06 18:05:45,207 [app.kafka_producer] INFO: Sent to comment-events: {'event': 'new_comment', 'user_id': 20, 'type': 'new_comment', 'message': 'karen commented on your thread', 'reference_id': 150}
2026-04-06 18:05:45,209 [app.kafka_producer] INFO: Sent to comment-events: {'broadcast': True, 'type': 'new_comment_broadcast', 'comment': {'id': 150, 'content': '2', 'thread_id': 20, 'author': {'id': 11, 'username': 'karen', 'avatar': '/uploads/avatars/11_1fbd0120e4de4459bd82142c5567e92a.webp'}, 'parent_comment_id': 149, 'created_at': '2026-04-06 18:05:45.167633', 'updated_at': '2026-04-06 18:05:45.167633', 'like_count': 0, 'liked_by_me': False, 'reply_count': 0, 'replies': []}}
2026-04-06 18:05:49,162 [httpx] INFO: HTTP Request: GET http://thread_service:8003/threads/20 "HTTP/1.1 200 OK"
2026-04-06 18:05:49,167 [app.kafka_producer] INFO: Sent to comment-events: {'event': 'new_comment', 'user_id': 20, 'type': 'new_comment', 'message': 'karen commented on your thread', 'reference_id': 151}
2026-04-06 18:05:49,169 [app.kafka_producer] INFO: Sent to comment-events: {'broadcast': True, 'type': 'new_comment_broadcast', 'comment': {'id': 151, 'content': '3', 'thread_id': 20, 'author': {'id': 11, 'username': 'karen', 'avatar': '/uploads/avatars/11_1fbd0120e4de4459bd82142c5567e92a.webp'}, 'parent_comment_id': 150, 'created_at': '2026-04-06 18:05:49.135010', 'updated_at': '2026-04-06 18:05:49.135010', 'like_count': 0, 'liked_by_me': False, 'reply_count': 0, 'replies': []}}
2026-04-06 18:05:53,524 [httpx] INFO: HTTP Request: GET http://thread_service:8003/threads/20 "HTTP/1.1 200 OK"
2026-04-06 18:05:53,527 [app.kafka_producer] INFO: Sent to comment-events: {'event': 'new_comment', 'user_id': 20, 'type': 'new_comment', 'message': 'karen commented on your thread', 'reference_id': 152}
2026-04-06 18:05:53,530 [app.kafka_producer] INFO: Sent to comment-events: {'broadcast': True, 'type': 'new_comment_broadcast', 'comment': {'id': 152, 'content': '4', 'thread_id': 20, 'author': {'id': 11, 'username': 'karen', 'avatar': '/uploads/avatars/11_1fbd0120e4de4459bd82142c5567e92a.webp'}, 'parent_comment_id': 151, 'created_at': '2026-04-06 18:05:53.496902', 'updated_at': '2026-04-06 18:05:53.496902', 'like_count': 0, 'liked_by_me': False, 'reply_count': 0, 'replies': []}}
2026-04-06 18:05:57,002 [httpx] INFO: HTTP Request: GET http://thread_service:8003/threads/20 "HTTP/1.1 200 OK"
2026-04-06 18:05:57,006 [app.kafka_producer] INFO: Sent to comment-events: {'event': 'new_comment', 'user_id': 20, 'type': 'new_comment', 'message': 'karen commented on your thread', 'reference_id': 153}
2026-04-06 18:05:57,008 [app.kafka_producer] INFO: Sent to comment-events: {'broadcast': True, 'type': 'new_comment_broadcast', 'comment': {'id': 153, 'content': '5', 'thread_id': 20, 'author': {'id': 11, 'username': 'karen', 'avatar': '/uploads/avatars/11_1fbd0120e4de4459bd82142c5567e92a.webp'}, 'parent_comment_id': 152, 'created_at': '2026-04-06 18:05:56.976068', 'updated_at': '2026-04-06 18:05:56.976068', 'like_count': 0, 'liked_by_me': False, 'reply_count': 0, 'replies': []}}
2026-04-06 18:06:04,747 [app.kafka_producer] INFO: Sent to comment-events: {'event': 'comment_deleted', 'user_id': 16, 'type': 'comment_deleted', 'message': 'Your comment was removed by a moderator', 'reference_id': 109}
2026-04-06 18:06:04,750 [app.kafka_producer] INFO: Sent to comment-events: {'event': 'comment_deleted_broadcast', 'broadcast': True, 'type': 'comment_deleted', 'comment_id': 109, 'thread_id': 20, 'deleted_count': 6}
2026-04-06 18:09:49,169 [app.kafka_producer] INFO: Sent to comment-events: {'event': 'comment_deleted', 'user_id': 16, 'type': 'comment_deleted', 'message': 'Your comment was removed by a moderator', 'reference_id': 109}
2026-04-06 18:09:49,170 [app.kafka_producer] INFO: Sent to comment-events: {'event': 'comment_deleted_broadcast', 'broadcast': True, 'type': 'comment_deleted', 'comment_id': 109, 'thread_id': 20, 'deleted_count': 1}
2026-04-06 18:20:39,615 [app.kafka_producer] INFO: Sent to comment-events: {'event': 'comment_reply', 'user_id': 5, 'type': 'comment_reply', 'message': 'alice replied to your comment', 'reference_id': 154}
2026-04-06 18:20:39,644 [httpx] INFO: HTTP Request: GET http://thread_service:8003/threads/20 "HTTP/1.1 200 OK"
2026-04-06 18:20:39,646 [app.kafka_producer] INFO: Sent to comment-events: {'event': 'new_comment', 'user_id': 20, 'type': 'new_comment', 'message': 'alice commented on your thread', 'reference_id': 154}
2026-04-06 18:20:39,648 [app.kafka_producer] INFO: Sent to comment-events: {'broadcast': True, 'type': 'new_comment_broadcast', 'comment': {'id': 154, 'content': 'k', 'thread_id': 20, 'author': {'id': 1, 'username': 'alice', 'avatar': '/uploads/avatars/1_0f6f5b5d4ee44e33bd357c64ce07a280.jpg'}, 'parent_comment_id': 110, 'created_at': '2026-04-06 18:20:39.602398', 'updated_at': '2026-04-06 18:20:39.602398', 'like_count': 0, 'liked_by_me': False, 'reply_count': 0, 'replies': []}}
2026-04-06 18:20:45,837 [httpx] INFO: HTTP Request: GET http://thread_service:8003/threads/20 "HTTP/1.1 200 OK"
2026-04-06 18:20:45,839 [app.kafka_producer] INFO: Sent to comment-events: {'event': 'new_comment', 'user_id': 20, 'type': 'new_comment', 'message': 'alice commented on your thread', 'reference_id': 155}
2026-04-06 18:20:45,841 [app.kafka_producer] INFO: Sent to comment-events: {'broadcast': True, 'type': 'new_comment_broadcast', 'comment': {'id': 155, 'content': 'j', 'thread_id': 20, 'author': {'id': 1, 'username': 'alice', 'avatar': '/uploads/avatars/1_0f6f5b5d4ee44e33bd357c64ce07a280.jpg'}, 'parent_comment_id': 154, 'created_at': '2026-04-06 18:20:45.809197', 'updated_at': '2026-04-06 18:20:45.809197', 'like_count': 0, 'liked_by_me': False, 'reply_count': 0, 'replies': []}}
2026-04-06 18:20:59,295 [app.kafka_producer] INFO: Sent to comment-events: {'event': 'comment_deleted', 'user_id': 5, 'type': 'comment_deleted', 'message': 'Your comment was removed by a moderator', 'reference_id': 110}
2026-04-06 18:20:59,297 [app.kafka_producer] INFO: Sent to comment-events: {'event': 'comment_deleted_broadcast', 'broadcast': True, 'type': 'comment_deleted', 'comment_id': 110, 'thread_id': 20, 'deleted_count': 3}
2026-04-06 18:30:07,836 [app.kafka_producer] INFO: Sent to comment-events: {'event': 'comment_reply', 'user_id': 8, 'type': 'comment_reply', 'message': 'alice replied to your comment', 'reference_id': 156}
2026-04-06 18:30:07,868 [httpx] INFO: HTTP Request: GET http://thread_service:8003/threads/20 "HTTP/1.1 200 OK"
2026-04-06 18:30:07,871 [app.kafka_producer] INFO: Sent to comment-events: {'event': 'new_comment', 'user_id': 20, 'type': 'new_comment', 'message': 'alice commented on your thread', 'reference_id': 156}
2026-04-06 18:30:07,874 [app.kafka_producer] INFO: Sent to comment-events: {'broadcast': True, 'type': 'new_comment_broadcast', 'comment': {'id': 156, 'content': 'dione', 'thread_id': 20, 'author': {'id': 1, 'username': 'alice', 'avatar': '/uploads/avatars/1_0f6f5b5d4ee44e33bd357c64ce07a280.jpg'}, 'parent_comment_id': 111, 'created_at': '2026-04-06 18:30:07.822456', 'updated_at': '2026-04-06 18:30:07.822456', 'like_count': 0, 'liked_by_me': False, 'reply_count': 0, 'replies': []}}
2026-04-06 18:30:19,212 [app.kafka_producer] INFO: Sent to comment-events: {'event': 'comment_deleted', 'user_id': 8, 'type': 'comment_deleted', 'message': 'Your comment was removed by a moderator', 'reference_id': 111}
2026-04-06 18:30:19,213 [app.kafka_producer] INFO: Sent to comment-events: {'event': 'comment_deleted_broadcast', 'broadcast': True, 'type': 'comment_deleted', 'comment_id': 111, 'thread_id': 20, 'deleted_count': 2}
2026-04-06 18:33:57,445 [comment_service.consumer] INFO: Synced user 1 from Kafka event
2026-04-06 18:33:59,410 [comment_service.consumer] INFO: Synced user 1 from Kafka event
