2026-04-04 17:43:26,842 [app.core.cache] INFO: Redis connected at redis://redis:6379
2026-04-04 17:43:27,028 [httpx] INFO: HTTP Request: GET http://user_service:8002/auth/me "HTTP/1.1 401 Unauthorized"
2026-04-04 17:43:27,044 [httpx] INFO: HTTP Request: GET http://user_service:8002/auth/me "HTTP/1.1 401 Unauthorized"
2026-04-04 17:56:47,925 [httpx] INFO: HTTP Request: GET http://user_service:8002/auth/me "HTTP/1.1 401 Unauthorized"
2026-04-04 17:56:47,936 [httpx] INFO: HTTP Request: GET http://user_service:8002/auth/me "HTTP/1.1 401 Unauthorized"
2026-04-04 17:56:57,958 [httpx] INFO: HTTP Request: GET http://user_service:8002/auth/me "HTTP/1.1 401 Unauthorized"
2026-04-04 17:56:57,968 [httpx] INFO: HTTP Request: GET http://user_service:8002/auth/me "HTTP/1.1 401 Unauthorized"
2026-04-04 17:57:12,411 [httpx] INFO: HTTP Request: GET http://user_service:8002/auth/me "HTTP/1.1 401 Unauthorized"
2026-04-04 17:57:12,426 [httpx] INFO: HTTP Request: GET http://user_service:8002/auth/me "HTTP/1.1 401 Unauthorized"
2026-04-04 17:57:24,462 [httpx] INFO: HTTP Request: GET http://user_service:8002/auth/me "HTTP/1.1 401 Unauthorized"
2026-04-04 17:57:24,487 [httpx] INFO: HTTP Request: GET http://user_service:8002/auth/me "HTTP/1.1 401 Unauthorized"
2026-04-04 17:58:37,225 [httpx] INFO: HTTP Request: GET http://user_service:8002/auth/me "HTTP/1.1 401 Unauthorized"
2026-04-04 17:58:37,235 [httpx] INFO: HTTP Request: GET http://user_service:8002/auth/me "HTTP/1.1 401 Unauthorized"
2026-04-04 17:58:47,059 [httpx] INFO: HTTP Request: GET http://user_service:8002/auth/me "HTTP/1.1 401 Unauthorized"
2026-04-04 17:58:47,071 [httpx] INFO: HTTP Request: GET http://user_service:8002/auth/me "HTTP/1.1 401 Unauthorized"
2026-04-04 17:59:00,674 [httpx] INFO: HTTP Request: GET http://user_service:8002/auth/me "HTTP/1.1 401 Unauthorized"
2026-04-04 17:59:00,688 [httpx] INFO: HTTP Request: GET http://user_service:8002/auth/me "HTTP/1.1 401 Unauthorized"
2026-04-04 17:59:04,150 [httpx] INFO: HTTP Request: GET http://user_service:8002/auth/me "HTTP/1.1 401 Unauthorized"
2026-04-04 17:59:04,186 [httpx] INFO: HTTP Request: GET http://user_service:8002/auth/me "HTTP/1.1 401 Unauthorized"
2026-04-04 17:59:39,965 [httpx] INFO: HTTP Request: GET http://user_service:8002/auth/me "HTTP/1.1 401 Unauthorized"
2026-04-04 17:59:39,976 [httpx] INFO: HTTP Request: GET http://user_service:8002/auth/me "HTTP/1.1 401 Unauthorized"
2026-04-04 17:59:48,912 [httpx] INFO: HTTP Request: GET http://user_service:8002/auth/me "HTTP/1.1 401 Unauthorized"
2026-04-04 17:59:48,926 [httpx] INFO: HTTP Request: GET http://user_service:8002/auth/me "HTTP/1.1 401 Unauthorized"
2026-04-04 17:59:52,002 [httpx] INFO: HTTP Request: GET http://user_service:8002/auth/me "HTTP/1.1 401 Unauthorized"
2026-04-04 17:59:52,015 [httpx] INFO: HTTP Request: GET http://user_service:8002/auth/me "HTTP/1.1 401 Unauthorized"
2026-04-04 17:59:58,316 [httpx] INFO: HTTP Request: GET http://user_service:8002/auth/me "HTTP/1.1 401 Unauthorized"
2026-04-04 17:59:58,332 [httpx] INFO: HTTP Request: GET http://user_service:8002/auth/me "HTTP/1.1 401 Unauthorized"
2026-04-04 18:03:46,434 [httpx] INFO: HTTP Request: GET http://user_service:8002/auth/me "HTTP/1.1 401 Unauthorized"
2026-04-04 18:14:26,790 [httpx] INFO: HTTP Request: GET http://user_service:8002/auth/me "HTTP/1.1 401 Unauthorized"
2026-04-04 18:14:26,802 [httpx] INFO: HTTP Request: GET http://user_service:8002/auth/me "HTTP/1.1 401 Unauthorized"
2026-04-04 18:14:33,259 [httpx] INFO: HTTP Request: GET http://user_service:8002/auth/me "HTTP/1.1 401 Unauthorized"
2026-04-04 18:14:33,271 [httpx] INFO: HTTP Request: GET http://user_service:8002/auth/me "HTTP/1.1 401 Unauthorized"
2026-04-04 18:16:36,093 [httpx] INFO: HTTP Request: GET http://user_service:8002/auth/me "HTTP/1.1 401 Unauthorized"
2026-04-04 18:16:36,106 [httpx] INFO: HTTP Request: GET http://user_service:8002/auth/me "HTTP/1.1 401 Unauthorized"
2026-04-04 18:16:54,340 [httpx] INFO: HTTP Request: GET http://user_service:8002/auth/me "HTTP/1.1 401 Unauthorized"
2026-04-04 18:16:54,353 [httpx] INFO: HTTP Request: GET http://user_service:8002/auth/me "HTTP/1.1 401 Unauthorized"
2026-04-04 18:18:04,574 [httpx] INFO: HTTP Request: GET http://user_service:8002/auth/me "HTTP/1.1 401 Unauthorized"
2026-04-04 18:18:04,585 [httpx] INFO: HTTP Request: GET http://user_service:8002/auth/me "HTTP/1.1 401 Unauthorized"
2026-04-04 18:18:05,797 [httpx] INFO: HTTP Request: GET http://user_service:8002/auth/me "HTTP/1.1 401 Unauthorized"
2026-04-04 18:18:05,809 [httpx] INFO: HTTP Request: GET http://user_service:8002/auth/me "HTTP/1.1 401 Unauthorized"
2026-04-04 18:23:15,824 [httpx] INFO: HTTP Request: GET http://user_service:8002/auth/me "HTTP/1.1 401 Unauthorized"
2026-04-04 18:23:15,837 [httpx] INFO: HTTP Request: GET http://user_service:8002/auth/me "HTTP/1.1 401 Unauthorized"
2026-04-04 18:23:25,713 [httpx] INFO: HTTP Request: GET http://user_service:8002/auth/me "HTTP/1.1 401 Unauthorized"
2026-04-04 18:23:25,725 [httpx] INFO: HTTP Request: GET http://user_service:8002/auth/me "HTTP/1.1 401 Unauthorized"
2026-04-04 18:23:36,740 [httpx] INFO: HTTP Request: GET http://user_service:8002/auth/me "HTTP/1.1 401 Unauthorized"
2026-04-04 18:23:36,752 [httpx] INFO: HTTP Request: GET http://user_service:8002/auth/me "HTTP/1.1 401 Unauthorized"
2026-04-04 18:23:42,139 [httpx] INFO: HTTP Request: GET http://user_service:8002/auth/me "HTTP/1.1 401 Unauthorized"
2026-04-04 18:23:42,153 [httpx] INFO: HTTP Request: GET http://user_service:8002/auth/me "HTTP/1.1 401 Unauthorized"
2026-04-04 18:23:43,248 [httpx] INFO: HTTP Request: GET http://user_service:8002/auth/me "HTTP/1.1 401 Unauthorized"
2026-04-04 18:23:43,257 [httpx] INFO: HTTP Request: GET http://user_service:8002/auth/me "HTTP/1.1 401 Unauthorized"
2026-04-04 18:23:46,373 [httpx] INFO: HTTP Request: GET http://user_service:8002/auth/me "HTTP/1.1 401 Unauthorized"
2026-04-04 18:23:46,385 [httpx] INFO: HTTP Request: GET http://user_service:8002/auth/me "HTTP/1.1 401 Unauthorized"
2026-04-04 18:24:03,432 [httpx] INFO: HTTP Request: GET http://user_service:8002/auth/me "HTTP/1.1 401 Unauthorized"
2026-04-04 18:24:03,443 [httpx] INFO: HTTP Request: GET http://user_service:8002/auth/me "HTTP/1.1 401 Unauthorized"
2026-04-04 18:24:07,005 [httpx] INFO: HTTP Request: GET http://user_service:8002/auth/me "HTTP/1.1 401 Unauthorized"
2026-04-04 18:24:07,021 [httpx] INFO: HTTP Request: GET http://user_service:8002/auth/me "HTTP/1.1 401 Unauthorized"
2026-04-04 18:25:00,429 [httpx] INFO: HTTP Request: GET http://user_service:8002/auth/me "HTTP/1.1 401 Unauthorized"
2026-04-04 18:25:00,438 [httpx] INFO: HTTP Request: GET http://user_service:8002/auth/me "HTTP/1.1 401 Unauthorized"
2026-04-04 18:25:28,372 [httpx] INFO: HTTP Request: GET http://user_service:8002/auth/me "HTTP/1.1 401 Unauthorized"
2026-04-04 18:25:28,380 [httpx] INFO: HTTP Request: GET http://user_service:8002/auth/me "HTTP/1.1 401 Unauthorized"
2026-04-04 18:25:34,333 [httpx] INFO: HTTP Request: GET http://user_service:8002/auth/me "HTTP/1.1 401 Unauthorized"
2026-04-04 18:25:34,347 [httpx] INFO: HTTP Request: GET http://user_service:8002/auth/me "HTTP/1.1 401 Unauthorized"
2026-04-04 18:25:37,881 [httpx] INFO: HTTP Request: GET http://user_service:8002/auth/me "HTTP/1.1 401 Unauthorized"
2026-04-04 18:25:37,891 [httpx] INFO: HTTP Request: GET http://user_service:8002/auth/me "HTTP/1.1 401 Unauthorized"
2026-04-04 18:25:43,831 [httpx] INFO: HTTP Request: GET http://user_service:8002/auth/me "HTTP/1.1 401 Unauthorized"
2026-04-04 18:25:43,842 [httpx] INFO: HTTP Request: GET http://user_service:8002/auth/me "HTTP/1.1 401 Unauthorized"
2026-04-04 18:25:46,071 [httpx] INFO: HTTP Request: GET http://user_service:8002/auth/me "HTTP/1.1 401 Unauthorized"
2026-04-04 18:25:46,081 [httpx] INFO: HTTP Request: GET http://user_service:8002/auth/me "HTTP/1.1 401 Unauthorized"
2026-04-04 18:26:38,522 [httpx] INFO: HTTP Request: GET http://user_service:8002/auth/me "HTTP/1.1 401 Unauthorized"
2026-04-04 18:26:38,533 [httpx] INFO: HTTP Request: GET http://user_service:8002/auth/me "HTTP/1.1 401 Unauthorized"
2026-04-04 18:26:39,127 [httpx] INFO: HTTP Request: GET http://user_service:8002/auth/me "HTTP/1.1 401 Unauthorized"
2026-04-04 18:26:39,137 [httpx] INFO: HTTP Request: GET http://user_service:8002/auth/me "HTTP/1.1 401 Unauthorized"
2026-04-04 18:27:04,921 [httpx] INFO: HTTP Request: GET http://user_service:8002/auth/me "HTTP/1.1 401 Unauthorized"
2026-04-04 18:27:04,958 [httpx] INFO: HTTP Request: GET http://user_service:8002/auth/me "HTTP/1.1 401 Unauthorized"
2026-04-04 18:28:31,593 [httpx] INFO: HTTP Request: GET http://user_service:8002/auth/me "HTTP/1.1 401 Unauthorized"
2026-04-04 18:28:31,603 [httpx] INFO: HTTP Request: GET http://user_service:8002/auth/me "HTTP/1.1 401 Unauthorized"
2026-04-04 18:28:46,272 [httpx] INFO: HTTP Request: GET http://user_service:8002/auth/me "HTTP/1.1 401 Unauthorized"
2026-04-04 18:28:46,283 [httpx] INFO: HTTP Request: GET http://user_service:8002/auth/me "HTTP/1.1 401 Unauthorized"
2026-04-04 18:28:47,734 [httpx] INFO: HTTP Request: GET http://user_service:8002/auth/me "HTTP/1.1 401 Unauthorized"
2026-04-04 18:28:47,744 [httpx] INFO: HTTP Request: GET http://user_service:8002/auth/me "HTTP/1.1 401 Unauthorized"
2026-04-04 18:29:05,833 [httpx] INFO: HTTP Request: GET http://user_service:8002/auth/me "HTTP/1.1 401 Unauthorized"
2026-04-04 18:29:05,843 [httpx] INFO: HTTP Request: GET http://user_service:8002/auth/me "HTTP/1.1 401 Unauthorized"
2026-04-04 18:29:14,166 [httpx] INFO: HTTP Request: GET http://user_service:8002/auth/me "HTTP/1.1 401 Unauthorized"
2026-04-04 18:29:14,175 [httpx] INFO: HTTP Request: GET http://user_service:8002/auth/me "HTTP/1.1 401 Unauthorized"
2026-04-04 18:29:33,686 [httpx] INFO: HTTP Request: GET http://user_service:8002/auth/me "HTTP/1.1 401 Unauthorized"
2026-04-04 18:29:33,700 [httpx] INFO: HTTP Request: GET http://user_service:8002/auth/me "HTTP/1.1 401 Unauthorized"
2026-04-04 18:29:37,887 [httpx] INFO: HTTP Request: GET http://user_service:8002/auth/me "HTTP/1.1 401 Unauthorized"
2026-04-04 18:29:37,900 [httpx] INFO: HTTP Request: GET http://user_service:8002/auth/me "HTTP/1.1 401 Unauthorized"
2026-04-04 18:30:39,627 [httpx] INFO: HTTP Request: POST http://user_service:8002/auth/login "HTTP/1.1 200 OK"
2026-04-04 18:30:53,374 [httpx] INFO: HTTP Request: POST http://user_service:8002/auth/login "HTTP/1.1 401 Unauthorized"
2026-04-04 18:30:58,978 [httpx] INFO: HTTP Request: POST http://user_service:8002/auth/login "HTTP/1.1 200 OK"
2026-04-04 18:31:14,568 [httpx] INFO: HTTP Request: POST http://user_service:8002/auth/forgot-password "HTTP/1.1 200 OK"
2026-04-04 18:31:27,723 [httpx] INFO: HTTP Request: GET http://user_service:8002/auth/me "HTTP/1.1 200 OK"
2026-04-04 18:31:27,738 [httpx] INFO: HTTP Request: GET http://user_service:8002/auth/me "HTTP/1.1 200 OK"
2026-04-04 18:31:27,866 [httpx] INFO: HTTP Request: GET http://user_service:8002/uploads/avatars/1_510b7acdfb4c45fd86108b79354e8e49.jpg "HTTP/1.1 404 Not Found"
2026-04-04 18:31:28,114 [httpx] INFO: HTTP Request: GET http://notification_service:8007/notifications/unread-count "HTTP/1.1 200 OK"
2026-04-04 18:31:28,312 [httpx] INFO: HTTP Request: GET http://thread_service:8003/threads?sort_by=newest&skip=0&limit=10 "HTTP/1.1 200 OK"
2026-04-04 18:31:28,314 [app.core.cache] INFO: Cache SET: gw:/threads?sort_by=newest&skip=0&limit=10 (TTL=60s)
2026-04-04 18:31:28,317 [app.core.cache] INFO: Cache HIT: gw:/threads?sort_by=newest&skip=0&limit=10
2026-04-04 18:31:28,378 [httpx] INFO: HTTP Request: GET http://user_service:8002/uploads/avatars/1_510b7acdfb4c45fd86108b79354e8e49.jpg "HTTP/1.1 404 Not Found"
2026-04-04 18:31:28,380 [httpx] INFO: HTTP Request: GET http://user_service:8002/uploads/avatars/2_104d5a00ea9d4ee99eb520965a7e622d.jpg "HTTP/1.1 404 Not Found"
2026-04-04 18:31:31,664 [httpx] INFO: HTTP Request: GET http://user_service:8002/uploads/avatars/1_510b7acdfb4c45fd86108b79354e8e49.jpg "HTTP/1.1 404 Not Found"
2026-04-04 18:31:34,414 [app.core.token_blacklist] INFO: Token blacklisted (TTL=5363s)
2026-04-04 18:31:34,464 [app.core.cache] INFO: Cache HIT: gw:/threads?sort_by=newest&skip=0&limit=10
2026-04-04 18:31:34,469 [app.core.cache] INFO: Cache HIT: gw:/threads?sort_by=newest&skip=0&limit=10
2026-04-04 18:31:43,782 [httpx] INFO: HTTP Request: POST http://user_service:8002/auth/login "HTTP/1.1 200 OK"
2026-04-04 18:31:49,199 [httpx] INFO: HTTP Request: GET http://user_service:8002/auth/me "HTTP/1.1 200 OK"
2026-04-04 18:31:49,212 [httpx] INFO: HTTP Request: GET http://user_service:8002/auth/me "HTTP/1.1 200 OK"
2026-04-04 18:31:49,262 [httpx] INFO: HTTP Request: GET http://notification_service:8007/notifications/unread-count "HTTP/1.1 200 OK"
2026-04-04 18:31:49,268 [app.core.cache] INFO: Cache HIT: gw:/threads?sort_by=newest&skip=0&limit=10
2026-04-04 18:31:49,277 [app.core.cache] INFO: Cache HIT: gw:/threads?sort_by=newest&skip=0&limit=10
2026-04-04 18:31:49,281 [httpx] INFO: HTTP Request: GET http://user_service:8002/uploads/avatars/1_510b7acdfb4c45fd86108b79354e8e49.jpg "HTTP/1.1 404 Not Found"
2026-04-04 18:31:49,361 [httpx] INFO: HTTP Request: GET http://user_service:8002/uploads/avatars/1_510b7acdfb4c45fd86108b79354e8e49.jpg "HTTP/1.1 404 Not Found"
2026-04-04 18:31:49,364 [httpx] INFO: HTTP Request: GET http://user_service:8002/uploads/avatars/2_104d5a00ea9d4ee99eb520965a7e622d.jpg "HTTP/1.1 404 Not Found"
2026-04-04 18:31:53,775 [httpx] INFO: HTTP Request: GET http://user_service:8002/uploads/avatars/1_510b7acdfb4c45fd86108b79354e8e49.jpg "HTTP/1.1 404 Not Found"
2026-04-04 18:31:57,053 [app.core.token_blacklist] INFO: Token blacklisted (TTL=5385s)
2026-04-04 18:31:57,088 [app.core.cache] INFO: Cache HIT: gw:/threads?sort_by=newest&skip=0&limit=10
2026-04-04 18:31:57,093 [app.core.cache] INFO: Cache HIT: gw:/threads?sort_by=newest&skip=0&limit=10
2026-04-04 18:32:03,359 [httpx] INFO: HTTP Request: GET http://user_service:8002/auth/me "HTTP/1.1 401 Unauthorized"
2026-04-04 18:32:03,371 [httpx] INFO: HTTP Request: GET http://user_service:8002/auth/me "HTTP/1.1 401 Unauthorized"
2026-04-04 18:32:15,106 [httpx] INFO: HTTP Request: POST http://user_service:8002/auth/reset-password "HTTP/1.1 200 OK"
2026-04-04 18:32:24,364 [httpx] INFO: HTTP Request: POST http://user_service:8002/auth/login "HTTP/1.1 200 OK"
2026-04-04 18:32:26,408 [httpx] INFO: HTTP Request: POST http://user_service:8002/auth/login "HTTP/1.1 200 OK"
2026-04-04 18:32:30,854 [httpx] INFO: HTTP Request: GET http://user_service:8002/auth/me "HTTP/1.1 200 OK"
2026-04-04 18:32:30,868 [httpx] INFO: HTTP Request: GET http://user_service:8002/auth/me "HTTP/1.1 200 OK"
2026-04-04 18:32:30,940 [httpx] INFO: HTTP Request: GET http://user_service:8002/uploads/avatars/1_510b7acdfb4c45fd86108b79354e8e49.jpg "HTTP/1.1 404 Not Found"
2026-04-04 18:32:30,950 [httpx] INFO: HTTP Request: GET http://notification_service:8007/notifications/unread-count "HTTP/1.1 200 OK"
2026-04-04 18:32:31,009 [httpx] INFO: HTTP Request: GET http://thread_service:8003/threads?sort_by=newest&skip=0&limit=10 "HTTP/1.1 200 OK"
2026-04-04 18:32:31,010 [app.core.cache] INFO: Cache SET: gw:/threads?sort_by=newest&skip=0&limit=10 (TTL=60s)
2026-04-04 18:32:31,013 [app.core.cache] INFO: Cache HIT: gw:/threads?sort_by=newest&skip=0&limit=10
2026-04-04 18:32:31,065 [httpx] INFO: HTTP Request: GET http://user_service:8002/uploads/avatars/1_510b7acdfb4c45fd86108b79354e8e49.jpg "HTTP/1.1 404 Not Found"
2026-04-04 18:32:31,067 [httpx] INFO: HTTP Request: GET http://user_service:8002/uploads/avatars/2_104d5a00ea9d4ee99eb520965a7e622d.jpg "HTTP/1.1 404 Not Found"
2026-04-04 18:32:32,760 [httpx] INFO: HTTP Request: GET http://notification_service:8007/notifications?skip=0&limit=15 "HTTP/1.1 200 OK"
2026-04-04 18:32:32,785 [httpx] INFO: HTTP Request: GET http://notification_service:8007/notifications?skip=0&limit=15 "HTTP/1.1 200 OK"
2026-04-04 18:32:34,650 [httpx] INFO: HTTP Request: PUT http://notification_service:8007/notifications/read-all "HTTP/1.1 200 OK"
2026-04-04 18:32:34,717 [httpx] INFO: HTTP Request: GET http://notification_service:8007/notifications?skip=0&limit=15 "HTTP/1.1 200 OK"
2026-04-04 18:32:34,730 [httpx] INFO: HTTP Request: GET http://notification_service:8007/notifications/unread-count "HTTP/1.1 200 OK"
2026-04-04 18:32:35,673 [httpx] INFO: HTTP Request: GET http://user_service:8002/uploads/avatars/1_510b7acdfb4c45fd86108b79354e8e49.jpg "HTTP/1.1 404 Not Found"
2026-04-04 18:32:36,947 [app.core.token_blacklist] INFO: Token blacklisted (TTL=5389s)
2026-04-04 18:32:37,007 [app.core.cache] INFO: Cache HIT: gw:/threads?sort_by=newest&skip=0&limit=10
2026-04-04 18:32:37,014 [app.core.cache] INFO: Cache HIT: gw:/threads?sort_by=newest&skip=0&limit=10
2026-04-04 18:32:48,703 [httpx] INFO: HTTP Request: POST http://user_service:8002/auth/login "HTTP/1.1 200 OK"
2026-04-04 18:33:02,913 [httpx] INFO: HTTP Request: POST http://user_service:8002/auth/login "HTTP/1.1 200 OK"
2026-04-04 18:33:20,506 [httpx] INFO: HTTP Request: POST http://user_service:8002/auth/forgot-password "HTTP/1.1 200 OK"
2026-04-04 18:33:25,422 [httpx] INFO: HTTP Request: GET http://user_service:8002/auth/me "HTTP/1.1 200 OK"
2026-04-04 18:33:25,434 [httpx] INFO: HTTP Request: GET http://user_service:8002/auth/me "HTTP/1.1 200 OK"
2026-04-04 18:33:25,492 [app.core.cache] INFO: Cache HIT: gw:/threads?sort_by=newest&skip=0&limit=10
2026-04-04 18:33:25,499 [httpx] INFO: HTTP Request: GET http://notification_service:8007/notifications/unread-count "HTTP/1.1 200 OK"
2026-04-04 18:33:25,502 [app.core.cache] INFO: Cache HIT: gw:/threads?sort_by=newest&skip=0&limit=10
2026-04-04 18:33:25,504 [httpx] INFO: HTTP Request: GET http://user_service:8002/uploads/avatars/1_510b7acdfb4c45fd86108b79354e8e49.jpg "HTTP/1.1 404 Not Found"
2026-04-04 18:33:25,572 [httpx] INFO: HTTP Request: GET http://user_service:8002/uploads/avatars/1_510b7acdfb4c45fd86108b79354e8e49.jpg "HTTP/1.1 404 Not Found"
2026-04-04 18:33:25,574 [httpx] INFO: HTTP Request: GET http://user_service:8002/uploads/avatars/2_104d5a00ea9d4ee99eb520965a7e622d.jpg "HTTP/1.1 404 Not Found"
2026-04-04 18:33:29,121 [httpx] INFO: HTTP Request: GET http://user_service:8002/uploads/avatars/1_510b7acdfb4c45fd86108b79354e8e49.jpg "HTTP/1.1 404 Not Found"
2026-04-04 18:33:30,631 [httpx] INFO: HTTP Request: GET http://user_service:8002/users/me/dashboard "HTTP/1.1 200 OK"
2026-04-04 18:33:30,644 [httpx] INFO: HTTP Request: GET http://user_service:8002/users/me/dashboard "HTTP/1.1 200 OK"
2026-04-04 18:33:30,660 [httpx] INFO: HTTP Request: GET http://user_service:8002/uploads/avatars/1_510b7acdfb4c45fd86108b79354e8e49.jpg "HTTP/1.1 404 Not Found"
2026-04-04 18:33:32,662 [httpx] INFO: HTTP Request: GET http://user_service:8002/users/admin/users "HTTP/1.1 200 OK"
2026-04-04 18:33:32,684 [httpx] INFO: HTTP Request: GET http://thread_service:8003/threads?limit=20 "HTTP/1.1 200 OK"
2026-04-04 18:33:32,686 [app.core.cache] INFO: Cache SET: gw:/threads?limit=20 (TTL=60s)
2026-04-04 18:33:32,691 [httpx] INFO: HTTP Request: GET http://user_service:8002/users/admin/stats "HTTP/1.1 200 OK"
2026-04-04 18:33:32,812 [httpx] INFO: HTTP Request: GET http://user_service:8002/uploads/avatars/2_104d5a00ea9d4ee99eb520965a7e622d.jpg "HTTP/1.1 404 Not Found"
2026-04-04 18:33:32,815 [httpx] INFO: HTTP Request: GET http://user_service:8002/uploads/avatars/1_510b7acdfb4c45fd86108b79354e8e49.jpg "HTTP/1.1 404 Not Found"
2026-04-04 18:33:32,816 [httpx] INFO: HTTP Request: GET http://user_service:8002/uploads/avatars/12_2b7419975050422da9bdc1dfa78fec1d.jpg "HTTP/1.1 404 Not Found"
2026-04-04 18:33:40,443 [httpx] INFO: HTTP Request: GET http://notification_service:8007/notifications/unread-count "HTTP/1.1 200 OK"
2026-04-04 18:33:55,506 [httpx] INFO: HTTP Request: GET http://notification_service:8007/notifications/unread-count "HTTP/1.1 200 OK"
2026-04-04 18:33:58,439 [httpx] INFO: HTTP Request: GET http://user_service:8002/auth/me "HTTP/1.1 401 Unauthorized"
2026-04-04 18:33:58,441 [httpx] INFO: HTTP Request: GET http://user_service:8002/auth/me "HTTP/1.1 401 Unauthorized"
2026-04-04 18:34:05,643 [httpx] INFO: HTTP Request: POST http://user_service:8002/auth/login "HTTP/1.1 200 OK"
2026-04-04 18:34:10,449 [httpx] INFO: HTTP Request: GET http://notification_service:8007/notifications/unread-count "HTTP/1.1 200 OK"
2026-04-04 18:34:13,285 [httpx] INFO: HTTP Request: POST http://user_service:8002/auth/login "HTTP/1.1 200 OK"
2026-04-04 18:34:25,497 [httpx] INFO: HTTP Request: GET http://notification_service:8007/notifications/unread-count "HTTP/1.1 200 OK"
2026-04-04 18:34:25,581 [httpx] INFO: HTTP Request: POST http://user_service:8002/auth/forgot-password "HTTP/1.1 200 OK"
2026-04-04 18:34:37,914 [httpx] INFO: HTTP Request: GET http://user_service:8002/auth/me "HTTP/1.1 200 OK"
2026-04-04 18:34:37,916 [httpx] INFO: HTTP Request: GET http://user_service:8002/auth/me "HTTP/1.1 200 OK"
2026-04-04 18:34:37,976 [httpx] INFO: HTTP Request: GET http://notification_service:8007/notifications/unread-count "HTTP/1.1 200 OK"
2026-04-04 18:34:38,010 [httpx] INFO: HTTP Request: GET http://user_service:8002/uploads/avatars/12_2b7419975050422da9bdc1dfa78fec1d.jpg "HTTP/1.1 404 Not Found"
2026-04-04 18:34:38,076 [httpx] INFO: HTTP Request: GET http://thread_service:8003/threads?sort_by=newest&skip=0&limit=10 "HTTP/1.1 200 OK"
2026-04-04 18:34:38,077 [app.core.cache] INFO: Cache SET: gw:/threads?sort_by=newest&skip=0&limit=10 (TTL=60s)
2026-04-04 18:34:38,092 [httpx] INFO: HTTP Request: GET http://thread_service:8003/threads?sort_by=newest&skip=0&limit=10 "HTTP/1.1 200 OK"
2026-04-04 18:34:38,093 [app.core.cache] INFO: Cache SET: gw:/threads?sort_by=newest&skip=0&limit=10 (TTL=60s)
2026-04-04 18:34:38,140 [httpx] INFO: HTTP Request: GET http://user_service:8002/uploads/avatars/2_104d5a00ea9d4ee99eb520965a7e622d.jpg "HTTP/1.1 404 Not Found"
2026-04-04 18:34:38,141 [httpx] INFO: HTTP Request: GET http://user_service:8002/uploads/avatars/1_510b7acdfb4c45fd86108b79354e8e49.jpg "HTTP/1.1 404 Not Found"
2026-04-04 18:34:40,266 [httpx] INFO: HTTP Request: GET http://user_service:8002/uploads/avatars/12_2b7419975050422da9bdc1dfa78fec1d.jpg "HTTP/1.1 404 Not Found"
2026-04-04 18:34:40,464 [httpx] INFO: HTTP Request: GET http://notification_service:8007/notifications/unread-count "HTTP/1.1 200 OK"
2026-04-04 18:34:52,127 [httpx] INFO: HTTP Request: POST http://user_service:8002/users/admin/users/12/status?is_active=false "HTTP/1.1 200 OK"
2026-04-04 18:34:52,159 [httpx] INFO: HTTP Request: GET http://user_service:8002/users/admin/users "HTTP/1.1 200 OK"
2026-04-04 18:34:52,993 [httpx] INFO: HTTP Request: GET http://notification_service:8007/notifications/unread-count "HTTP/1.1 200 OK"
2026-04-04 18:34:55,486 [httpx] INFO: HTTP Request: GET http://notification_service:8007/notifications/unread-count "HTTP/1.1 200 OK"
2026-04-04 18:35:03,110 [httpx] INFO: HTTP Request: POST http://user_service:8002/auth/login "HTTP/1.1 200 OK"
2026-04-04 18:35:10,440 [httpx] INFO: HTTP Request: GET http://notification_service:8007/notifications/unread-count "HTTP/1.1 200 OK"
2026-04-04 18:35:18,843 [httpx] INFO: HTTP Request: POST http://user_service:8002/auth/forgot-password "HTTP/1.1 200 OK"
2026-04-04 18:35:25,494 [httpx] INFO: HTTP Request: GET http://notification_service:8007/notifications/unread-count "HTTP/1.1 200 OK"
2026-04-04 18:35:25,807 [httpx] INFO: HTTP Request: GET http://user_service:8002/auth/me "HTTP/1.1 401 Unauthorized"
2026-04-04 18:35:25,808 [httpx] INFO: HTTP Request: GET http://user_service:8002/auth/me "HTTP/1.1 401 Unauthorized"
2026-04-04 18:35:36,550 [httpx] INFO: HTTP Request: POST http://user_service:8002/auth/reset-password "HTTP/1.1 200 OK"
2026-04-04 18:35:40,440 [httpx] INFO: HTTP Request: GET http://notification_service:8007/notifications/unread-count "HTTP/1.1 200 OK"
2026-04-04 18:35:47,825 [httpx] INFO: HTTP Request: POST http://user_service:8002/auth/login "HTTP/1.1 200 OK"
2026-04-04 18:35:55,506 [httpx] INFO: HTTP Request: GET http://notification_service:8007/notifications/unread-count "HTTP/1.1 200 OK"
2026-04-04 18:36:10,438 [httpx] INFO: HTTP Request: GET http://notification_service:8007/notifications/unread-count "HTTP/1.1 200 OK"
2026-04-04 18:36:25,486 [httpx] INFO: HTTP Request: GET http://notification_service:8007/notifications/unread-count "HTTP/1.1 200 OK"
2026-04-04 18:36:40,443 [httpx] INFO: HTTP Request: GET http://notification_service:8007/notifications/unread-count "HTTP/1.1 200 OK"
2026-04-04 18:36:55,509 [httpx] INFO: HTTP Request: GET http://notification_service:8007/notifications/unread-count "HTTP/1.1 200 OK"
2026-04-04 18:37:10,456 [httpx] INFO: HTTP Request: GET http://notification_service:8007/notifications/unread-count "HTTP/1.1 200 OK"
2026-04-04 18:37:25,529 [httpx] INFO: HTTP Request: GET http://notification_service:8007/notifications/unread-count "HTTP/1.1 200 OK"
2026-04-04 18:37:40,477 [httpx] INFO: HTTP Request: GET http://notification_service:8007/notifications/unread-count "HTTP/1.1 200 OK"
2026-04-04 18:37:55,531 [httpx] INFO: HTTP Request: GET http://notification_service:8007/notifications/unread-count "HTTP/1.1 200 OK"
2026-04-04 18:38:10,458 [httpx] INFO: HTTP Request: GET http://notification_service:8007/notifications/unread-count "HTTP/1.1 200 OK"
2026-04-04 18:38:25,525 [httpx] INFO: HTTP Request: GET http://notification_service:8007/notifications/unread-count "HTTP/1.1 200 OK"
2026-04-04 18:38:40,454 [httpx] INFO: HTTP Request: GET http://notification_service:8007/notifications/unread-count "HTTP/1.1 200 OK"
2026-04-05 00:42:59,316 [httpx] INFO: HTTP Request: POST http://user_service:8002/users/register "HTTP/1.1 409 Conflict"
2026-04-05 00:42:59,320 [app.core.cache] INFO: Redis connected at redis://redis:6379
2026-04-05 00:42:59,599 [httpx] INFO: HTTP Request: POST http://user_service:8002/users/register "HTTP/1.1 200 OK"
2026-04-05 00:42:59,851 [httpx] INFO: HTTP Request: POST http://user_service:8002/users/register "HTTP/1.1 200 OK"
2026-04-05 00:43:00,077 [httpx] INFO: HTTP Request: POST http://user_service:8002/users/register "HTTP/1.1 200 OK"
2026-04-05 00:43:00,332 [httpx] INFO: HTTP Request: POST http://user_service:8002/users/register "HTTP/1.1 200 OK"
2026-04-05 00:43:00,583 [httpx] INFO: HTTP Request: POST http://user_service:8002/users/register "HTTP/1.1 200 OK"
2026-04-05 00:43:00,859 [httpx] INFO: HTTP Request: POST http://user_service:8002/users/register "HTTP/1.1 200 OK"
2026-04-05 00:43:01,122 [httpx] INFO: HTTP Request: POST http://user_service:8002/users/register "HTTP/1.1 200 OK"
2026-04-05 00:43:01,384 [httpx] INFO: HTTP Request: POST http://user_service:8002/users/register "HTTP/1.1 200 OK"
2026-04-05 00:43:01,706 [httpx] INFO: HTTP Request: POST http://user_service:8002/users/register "HTTP/1.1 200 OK"
2026-04-05 00:43:01,948 [httpx] INFO: HTTP Request: POST http://user_service:8002/users/register "HTTP/1.1 200 OK"
2026-04-05 00:43:02,216 [httpx] INFO: HTTP Request: POST http://user_service:8002/users/register "HTTP/1.1 200 OK"
2026-04-05 00:43:02,471 [httpx] INFO: HTTP Request: POST http://user_service:8002/users/register "HTTP/1.1 200 OK"
2026-04-05 00:43:02,735 [httpx] INFO: HTTP Request: POST http://user_service:8002/users/register "HTTP/1.1 200 OK"
2026-04-05 00:43:02,999 [httpx] INFO: HTTP Request: POST http://user_service:8002/users/register "HTTP/1.1 200 OK"
2026-04-05 00:43:03,270 [httpx] INFO: HTTP Request: POST http://user_service:8002/users/register "HTTP/1.1 200 OK"
2026-04-05 00:43:03,542 [httpx] INFO: HTTP Request: POST http://user_service:8002/users/register "HTTP/1.1 200 OK"
2026-04-05 00:43:03,837 [httpx] INFO: HTTP Request: POST http://user_service:8002/users/register "HTTP/1.1 200 OK"
2026-04-05 00:43:04,107 [httpx] INFO: HTTP Request: POST http://user_service:8002/users/register "HTTP/1.1 200 OK"
2026-04-05 00:43:04,371 [httpx] INFO: HTTP Request: POST http://user_service:8002/users/register "HTTP/1.1 200 OK"
2026-04-05 00:43:04,602 [httpx] INFO: HTTP Request: POST http://user_service:8002/auth/login "HTTP/1.1 200 OK"
2026-04-05 00:43:05,882 [httpx] INFO: HTTP Request: POST http://user_service:8002/auth/login "HTTP/1.1 200 OK"
2026-04-05 00:43:07,136 [httpx] INFO: HTTP Request: POST http://user_service:8002/auth/login "HTTP/1.1 200 OK"
2026-04-05 00:43:08,376 [httpx] INFO: HTTP Request: POST http://user_service:8002/auth/login "HTTP/1.1 200 OK"
2026-04-05 00:43:09,699 [httpx] INFO: HTTP Request: POST http://user_service:8002/auth/login "HTTP/1.1 200 OK"
2026-04-05 00:43:11,070 [httpx] INFO: HTTP Request: POST http://user_service:8002/auth/login "HTTP/1.1 200 OK"
2026-04-05 00:43:12,379 [httpx] INFO: HTTP Request: POST http://user_service:8002/auth/login "HTTP/1.1 200 OK"
2026-04-05 00:43:13,709 [httpx] INFO: HTTP Request: POST http://user_service:8002/auth/login "HTTP/1.1 200 OK"
2026-04-05 00:43:15,003 [httpx] INFO: HTTP Request: POST http://user_service:8002/auth/login "HTTP/1.1 200 OK"
2026-04-05 00:43:16,329 [httpx] INFO: HTTP Request: POST http://user_service:8002/auth/login "HTTP/1.1 200 OK"
2026-04-05 00:43:17,685 [httpx] INFO: HTTP Request: POST http://user_service:8002/auth/login "HTTP/1.1 200 OK"
2026-04-05 00:43:19,013 [httpx] INFO: HTTP Request: POST http://user_service:8002/auth/login "HTTP/1.1 200 OK"
2026-04-05 00:43:20,398 [httpx] INFO: HTTP Request: POST http://user_service:8002/auth/login "HTTP/1.1 200 OK"
2026-04-05 00:43:21,775 [httpx] INFO: HTTP Request: POST http://user_service:8002/auth/login "HTTP/1.1 200 OK"
2026-04-05 00:43:23,113 [httpx] INFO: HTTP Request: POST http://user_service:8002/auth/login "HTTP/1.1 200 OK"
2026-04-05 00:43:24,408 [httpx] INFO: HTTP Request: POST http://user_service:8002/auth/login "HTTP/1.1 200 OK"
2026-04-05 00:43:25,603 [httpx] INFO: HTTP Request: POST http://user_service:8002/auth/login "HTTP/1.1 200 OK"
2026-04-05 00:43:26,918 [httpx] INFO: HTTP Request: POST http://user_service:8002/auth/login "HTTP/1.1 200 OK"
2026-04-05 00:43:28,208 [httpx] INFO: HTTP Request: POST http://user_service:8002/auth/login "HTTP/1.1 200 OK"
2026-04-05 00:43:29,532 [httpx] INFO: HTTP Request: POST http://user_service:8002/auth/login "HTTP/1.1 200 OK"
2026-04-05 00:44:31,047 [httpx] INFO: HTTP Request: POST http://user_service:8002/auth/login "HTTP/1.1 200 OK"
2026-04-05 00:47:06,132 [httpx] INFO: HTTP Request: POST http://user_service:8002/users/register "HTTP/1.1 409 Conflict"
2026-04-05 00:47:06,141 [app.core.cache] INFO: Redis connected at redis://redis:6379
2026-04-05 00:47:06,805 [httpx] INFO: HTTP Request: POST http://user_service:8002/users/register "HTTP/1.1 200 OK"
2026-04-05 00:47:07,404 [httpx] INFO: HTTP Request: POST http://user_service:8002/users/register "HTTP/1.1 200 OK"
2026-04-05 00:47:08,039 [httpx] INFO: HTTP Request: POST http://user_service:8002/users/register "HTTP/1.1 200 OK"
2026-04-05 00:47:08,650 [httpx] INFO: HTTP Request: POST http://user_service:8002/users/register "HTTP/1.1 200 OK"
2026-04-05 00:47:09,273 [httpx] INFO: HTTP Request: POST http://user_service:8002/users/register "HTTP/1.1 200 OK"
2026-04-05 00:47:09,893 [httpx] INFO: HTTP Request: POST http://user_service:8002/users/register "HTTP/1.1 200 OK"
2026-04-05 00:47:10,464 [httpx] INFO: HTTP Request: POST http://user_service:8002/users/register "HTTP/1.1 200 OK"
2026-04-05 00:47:11,038 [httpx] INFO: HTTP Request: POST http://user_service:8002/users/register "HTTP/1.1 200 OK"
2026-04-05 00:47:11,662 [httpx] INFO: HTTP Request: POST http://user_service:8002/users/register "HTTP/1.1 200 OK"
2026-04-05 00:47:12,263 [httpx] INFO: HTTP Request: POST http://user_service:8002/users/register "HTTP/1.1 200 OK"
2026-04-05 00:47:12,926 [httpx] INFO: HTTP Request: POST http://user_service:8002/users/register "HTTP/1.1 200 OK"
2026-04-05 00:47:13,541 [httpx] INFO: HTTP Request: POST http://user_service:8002/users/register "HTTP/1.1 200 OK"
2026-04-05 00:47:14,175 [httpx] INFO: HTTP Request: POST http://user_service:8002/users/register "HTTP/1.1 200 OK"
2026-04-05 00:47:14,834 [httpx] INFO: HTTP Request: POST http://user_service:8002/users/register "HTTP/1.1 200 OK"
2026-04-05 00:47:15,514 [httpx] INFO: HTTP Request: POST http://user_service:8002/users/register "HTTP/1.1 200 OK"
2026-04-05 00:47:16,157 [httpx] INFO: HTTP Request: POST http://user_service:8002/users/register "HTTP/1.1 200 OK"
2026-04-05 00:47:16,783 [httpx] INFO: HTTP Request: POST http://user_service:8002/users/register "HTTP/1.1 200 OK"
2026-04-05 00:47:17,410 [httpx] INFO: HTTP Request: POST http://user_service:8002/users/register "HTTP/1.1 200 OK"
2026-04-05 00:47:18,032 [httpx] INFO: HTTP Request: POST http://user_service:8002/users/register "HTTP/1.1 200 OK"
2026-04-05 00:47:23,565 [httpx] INFO: HTTP Request: POST http://user_service:8002/auth/login "HTTP/1.1 200 OK"
2026-04-05 00:47:24,852 [httpx] INFO: HTTP Request: POST http://user_service:8002/auth/login "HTTP/1.1 200 OK"
2026-04-05 00:47:26,129 [httpx] INFO: HTTP Request: POST http://user_service:8002/auth/login "HTTP/1.1 200 OK"
2026-04-05 00:47:27,432 [httpx] INFO: HTTP Request: POST http://user_service:8002/auth/login "HTTP/1.1 200 OK"
2026-04-05 00:47:28,757 [httpx] INFO: HTTP Request: POST http://user_service:8002/auth/login "HTTP/1.1 200 OK"
2026-04-05 00:47:30,552 [httpx] INFO: HTTP Request: POST http://user_service:8002/auth/login "HTTP/1.1 200 OK"
2026-04-05 00:47:31,867 [httpx] INFO: HTTP Request: POST http://user_service:8002/auth/login "HTTP/1.1 200 OK"
2026-04-05 00:47:33,176 [httpx] INFO: HTTP Request: POST http://user_service:8002/auth/login "HTTP/1.1 200 OK"
2026-04-05 00:47:34,435 [httpx] INFO: HTTP Request: POST http://user_service:8002/auth/login "HTTP/1.1 200 OK"
2026-04-05 00:47:35,755 [httpx] INFO: HTTP Request: POST http://user_service:8002/auth/login "HTTP/1.1 200 OK"
2026-04-05 00:47:37,570 [httpx] INFO: HTTP Request: POST http://user_service:8002/auth/login "HTTP/1.1 200 OK"
2026-04-05 00:47:38,924 [httpx] INFO: HTTP Request: POST http://user_service:8002/auth/login "HTTP/1.1 200 OK"
2026-04-05 00:47:40,316 [httpx] INFO: HTTP Request: POST http://user_service:8002/auth/login "HTTP/1.1 200 OK"
2026-04-05 00:47:41,621 [httpx] INFO: HTTP Request: POST http://user_service:8002/auth/login "HTTP/1.1 200 OK"
2026-04-05 00:47:42,933 [httpx] INFO: HTTP Request: POST http://user_service:8002/auth/login "HTTP/1.1 200 OK"
2026-04-05 00:47:44,728 [httpx] INFO: HTTP Request: POST http://user_service:8002/auth/login "HTTP/1.1 200 OK"
2026-04-05 00:47:45,997 [httpx] INFO: HTTP Request: POST http://user_service:8002/auth/login "HTTP/1.1 200 OK"
2026-04-05 00:47:47,336 [httpx] INFO: HTTP Request: POST http://user_service:8002/auth/login "HTTP/1.1 200 OK"
2026-04-05 00:47:48,635 [httpx] INFO: HTTP Request: POST http://user_service:8002/auth/login "HTTP/1.1 200 OK"
2026-04-05 00:47:49,935 [httpx] INFO: HTTP Request: POST http://user_service:8002/auth/login "HTTP/1.1 200 OK"
2026-04-05 00:48:50,436 [httpx] INFO: HTTP Request: POST http://user_service:8002/auth/login "HTTP/1.1 200 OK"
2026-04-05 00:48:52,257 [httpx] INFO: HTTP Request: POST http://user_service:8002/auth/login "HTTP/1.1 200 OK"
2026-04-05 00:51:00,259 [httpx] INFO: HTTP Request: POST http://user_service:8002/users/register "HTTP/1.1 409 Conflict"
2026-04-05 00:51:00,265 [app.core.cache] INFO: Redis connected at redis://redis:6379
2026-04-05 00:51:00,843 [httpx] INFO: HTTP Request: POST http://user_service:8002/users/register "HTTP/1.1 200 OK"
2026-04-05 00:51:01,459 [httpx] INFO: HTTP Request: POST http://user_service:8002/users/register "HTTP/1.1 200 OK"
2026-04-05 00:51:02,054 [httpx] INFO: HTTP Request: POST http://user_service:8002/users/register "HTTP/1.1 200 OK"
2026-04-05 00:51:02,651 [httpx] INFO: HTTP Request: POST http://user_service:8002/users/register "HTTP/1.1 200 OK"
2026-04-05 00:51:03,265 [httpx] INFO: HTTP Request: POST http://user_service:8002/users/register "HTTP/1.1 200 OK"
2026-04-05 00:51:03,882 [httpx] INFO: HTTP Request: POST http://user_service:8002/users/register "HTTP/1.1 200 OK"
2026-04-05 00:51:04,499 [httpx] INFO: HTTP Request: POST http://user_service:8002/users/register "HTTP/1.1 200 OK"
2026-04-05 00:51:05,158 [httpx] INFO: HTTP Request: POST http://user_service:8002/users/register "HTTP/1.1 200 OK"
2026-04-05 00:51:05,726 [httpx] INFO: HTTP Request: POST http://user_service:8002/users/register "HTTP/1.1 200 OK"
2026-04-05 00:51:06,327 [httpx] INFO: HTTP Request: POST http://user_service:8002/users/register "HTTP/1.1 200 OK"
2026-04-05 00:51:06,870 [httpx] INFO: HTTP Request: POST http://user_service:8002/users/register "HTTP/1.1 200 OK"
2026-04-05 00:51:07,436 [httpx] INFO: HTTP Request: POST http://user_service:8002/users/register "HTTP/1.1 200 OK"
2026-04-05 00:51:08,002 [httpx] INFO: HTTP Request: POST http://user_service:8002/users/register "HTTP/1.1 200 OK"
2026-04-05 00:51:08,577 [httpx] INFO: HTTP Request: POST http://user_service:8002/users/register "HTTP/1.1 200 OK"
2026-04-05 00:51:09,143 [httpx] INFO: HTTP Request: POST http://user_service:8002/users/register "HTTP/1.1 200 OK"
2026-04-05 00:51:09,679 [httpx] INFO: HTTP Request: POST http://user_service:8002/users/register "HTTP/1.1 200 OK"
2026-04-05 00:51:10,224 [httpx] INFO: HTTP Request: POST http://user_service:8002/users/register "HTTP/1.1 200 OK"
2026-04-05 00:51:10,790 [httpx] INFO: HTTP Request: POST http://user_service:8002/users/register "HTTP/1.1 200 OK"
2026-04-05 00:51:11,384 [httpx] INFO: HTTP Request: POST http://user_service:8002/users/register "HTTP/1.1 200 OK"
2026-04-05 00:51:17,024 [httpx] INFO: HTTP Request: POST http://user_service:8002/auth/login "HTTP/1.1 200 OK"
2026-04-05 00:52:35,908 [httpx] INFO: HTTP Request: POST http://user_service:8002/users/register "HTTP/1.1 409 Conflict"
2026-04-05 00:52:36,269 [httpx] INFO: HTTP Request: POST http://user_service:8002/users/register "HTTP/1.1 409 Conflict"
2026-04-05 00:52:36,635 [httpx] INFO: HTTP Request: POST http://user_service:8002/users/register "HTTP/1.1 409 Conflict"
2026-04-05 00:52:37,008 [httpx] INFO: HTTP Request: POST http://user_service:8002/users/register "HTTP/1.1 409 Conflict"
2026-04-05 00:52:37,394 [httpx] INFO: HTTP Request: POST http://user_service:8002/users/register "HTTP/1.1 409 Conflict"
2026-04-05 00:52:37,775 [httpx] INFO: HTTP Request: POST http://user_service:8002/users/register "HTTP/1.1 409 Conflict"
2026-04-05 00:52:38,156 [httpx] INFO: HTTP Request: POST http://user_service:8002/users/register "HTTP/1.1 409 Conflict"
2026-04-05 00:52:38,535 [httpx] INFO: HTTP Request: POST http://user_service:8002/users/register "HTTP/1.1 409 Conflict"
2026-04-05 00:52:38,908 [httpx] INFO: HTTP Request: POST http://user_service:8002/users/register "HTTP/1.1 409 Conflict"
2026-04-05 00:52:39,301 [httpx] INFO: HTTP Request: POST http://user_service:8002/users/register "HTTP/1.1 409 Conflict"
2026-04-05 00:52:39,663 [httpx] INFO: HTTP Request: POST http://user_service:8002/users/register "HTTP/1.1 409 Conflict"
2026-04-05 00:52:40,002 [httpx] INFO: HTTP Request: POST http://user_service:8002/users/register "HTTP/1.1 409 Conflict"
2026-04-05 00:52:40,411 [httpx] INFO: HTTP Request: POST http://user_service:8002/users/register "HTTP/1.1 409 Conflict"
2026-04-05 00:52:40,770 [httpx] INFO: HTTP Request: POST http://user_service:8002/users/register "HTTP/1.1 409 Conflict"
2026-04-05 00:52:41,098 [httpx] INFO: HTTP Request: POST http://user_service:8002/users/register "HTTP/1.1 409 Conflict"
2026-04-05 00:52:41,462 [httpx] INFO: HTTP Request: POST http://user_service:8002/users/register "HTTP/1.1 409 Conflict"
2026-04-05 00:52:41,828 [httpx] INFO: HTTP Request: POST http://user_service:8002/users/register "HTTP/1.1 409 Conflict"
2026-04-05 00:52:42,218 [httpx] INFO: HTTP Request: POST http://user_service:8002/users/register "HTTP/1.1 409 Conflict"
2026-04-05 00:52:42,588 [httpx] INFO: HTTP Request: POST http://user_service:8002/users/register "HTTP/1.1 409 Conflict"
2026-04-05 00:52:42,916 [httpx] INFO: HTTP Request: POST http://user_service:8002/users/register "HTTP/1.1 409 Conflict"
2026-04-05 00:52:48,673 [httpx] INFO: HTTP Request: POST http://user_service:8002/auth/login "HTTP/1.1 200 OK"
2026-04-05 00:52:49,480 [httpx] INFO: HTTP Request: POST http://user_service:8002/auth/login "HTTP/1.1 200 OK"
2026-04-05 00:52:50,269 [httpx] INFO: HTTP Request: POST http://user_service:8002/auth/login "HTTP/1.1 200 OK"
2026-04-05 00:52:51,094 [httpx] INFO: HTTP Request: POST http://user_service:8002/auth/login "HTTP/1.1 200 OK"
2026-04-05 00:52:51,774 [httpx] INFO: HTTP Request: POST http://user_service:8002/auth/login "HTTP/1.1 200 OK"
2026-04-05 00:52:52,522 [httpx] INFO: HTTP Request: POST http://user_service:8002/auth/login "HTTP/1.1 200 OK"
2026-04-05 00:52:53,358 [httpx] INFO: HTTP Request: POST http://user_service:8002/auth/login "HTTP/1.1 200 OK"
2026-04-05 00:52:54,203 [httpx] INFO: HTTP Request: POST http://user_service:8002/auth/login "HTTP/1.1 200 OK"
2026-04-05 00:52:54,992 [httpx] INFO: HTTP Request: POST http://user_service:8002/auth/login "HTTP/1.1 200 OK"
2026-04-05 00:52:55,805 [httpx] INFO: HTTP Request: POST http://user_service:8002/auth/login "HTTP/1.1 200 OK"
2026-04-05 00:52:56,587 [httpx] INFO: HTTP Request: POST http://user_service:8002/auth/login "HTTP/1.1 200 OK"
2026-04-05 00:52:57,317 [httpx] INFO: HTTP Request: POST http://user_service:8002/auth/login "HTTP/1.1 200 OK"
2026-04-05 00:52:58,044 [httpx] INFO: HTTP Request: POST http://user_service:8002/auth/login "HTTP/1.1 200 OK"
2026-04-05 00:52:58,767 [httpx] INFO: HTTP Request: POST http://user_service:8002/auth/login "HTTP/1.1 200 OK"
2026-04-05 00:52:59,496 [httpx] INFO: HTTP Request: POST http://user_service:8002/auth/login "HTTP/1.1 200 OK"
2026-04-05 00:53:00,245 [httpx] INFO: HTTP Request: POST http://user_service:8002/auth/login "HTTP/1.1 200 OK"
2026-04-05 00:53:00,991 [httpx] INFO: HTTP Request: POST http://user_service:8002/auth/login "HTTP/1.1 200 OK"
2026-04-05 00:53:01,724 [httpx] INFO: HTTP Request: POST http://user_service:8002/auth/login "HTTP/1.1 200 OK"
2026-04-05 00:53:02,514 [httpx] INFO: HTTP Request: POST http://user_service:8002/auth/login "HTTP/1.1 200 OK"
2026-04-05 00:53:03,264 [httpx] INFO: HTTP Request: POST http://user_service:8002/auth/login "HTTP/1.1 200 OK"
2026-04-05 00:53:03,787 [httpx] INFO: HTTP Request: GET http://user_service:8002/users/admin/users "HTTP/1.1 200 OK"
2026-04-05 00:53:03,830 [httpx] INFO: HTTP Request: GET http://user_service:8002/users/admin/users "HTTP/1.1 200 OK"
2026-04-05 00:53:03,843 [httpx] INFO: HTTP Request: GET http://user_service:8002/auth/me "HTTP/1.1 200 OK"
2026-04-05 00:53:04,095 [httpx] INFO: HTTP Request: PUT http://user_service:8002/users/2 "HTTP/1.1 200 OK"
2026-04-05 00:57:04,464 [httpx] INFO: HTTP Request: POST http://user_service:8002/users/register "HTTP/1.1 409 Conflict"
2026-04-05 00:57:04,469 [app.core.cache] INFO: Redis connected at redis://redis:6379
2026-04-05 00:57:05,061 [httpx] INFO: HTTP Request: POST http://user_service:8002/users/register "HTTP/1.1 200 OK"
2026-04-05 00:57:05,688 [httpx] INFO: HTTP Request: POST http://user_service:8002/users/register "HTTP/1.1 200 OK"
2026-04-05 00:57:06,261 [httpx] INFO: HTTP Request: POST http://user_service:8002/users/register "HTTP/1.1 200 OK"
2026-04-05 00:57:06,815 [httpx] INFO: HTTP Request: POST http://user_service:8002/users/register "HTTP/1.1 200 OK"
2026-04-05 00:57:07,387 [httpx] INFO: HTTP Request: POST http://user_service:8002/users/register "HTTP/1.1 200 OK"
2026-04-05 00:57:07,949 [httpx] INFO: HTTP Request: POST http://user_service:8002/users/register "HTTP/1.1 200 OK"
2026-04-05 00:57:08,529 [httpx] INFO: HTTP Request: POST http://user_service:8002/users/register "HTTP/1.1 200 OK"
2026-04-05 00:57:09,097 [httpx] INFO: HTTP Request: POST http://user_service:8002/users/register "HTTP/1.1 200 OK"
2026-04-05 00:57:09,658 [httpx] INFO: HTTP Request: POST http://user_service:8002/users/register "HTTP/1.1 200 OK"
2026-04-05 00:57:10,213 [httpx] INFO: HTTP Request: POST http://user_service:8002/users/register "HTTP/1.1 200 OK"
2026-04-05 00:57:10,780 [httpx] INFO: HTTP Request: POST http://user_service:8002/users/register "HTTP/1.1 200 OK"
2026-04-05 00:57:11,346 [httpx] INFO: HTTP Request: POST http://user_service:8002/users/register "HTTP/1.1 200 OK"
2026-04-05 00:57:11,898 [httpx] INFO: HTTP Request: POST http://user_service:8002/users/register "HTTP/1.1 200 OK"
2026-04-05 00:57:12,466 [httpx] INFO: HTTP Request: POST http://user_service:8002/users/register "HTTP/1.1 200 OK"
2026-04-05 00:57:13,026 [httpx] INFO: HTTP Request: POST http://user_service:8002/users/register "HTTP/1.1 200 OK"
2026-04-05 00:57:13,583 [httpx] INFO: HTTP Request: POST http://user_service:8002/users/register "HTTP/1.1 200 OK"
2026-04-05 00:57:14,167 [httpx] INFO: HTTP Request: POST http://user_service:8002/users/register "HTTP/1.1 200 OK"
2026-04-05 00:57:14,732 [httpx] INFO: HTTP Request: POST http://user_service:8002/users/register "HTTP/1.1 200 OK"
2026-04-05 00:57:15,318 [httpx] INFO: HTTP Request: POST http://user_service:8002/users/register "HTTP/1.1 200 OK"
2026-04-05 00:57:20,769 [httpx] INFO: HTTP Request: POST http://user_service:8002/auth/login "HTTP/1.1 200 OK"
2026-04-05 00:57:21,483 [httpx] INFO: HTTP Request: POST http://user_service:8002/auth/login "HTTP/1.1 200 OK"
2026-04-05 00:57:22,199 [httpx] INFO: HTTP Request: POST http://user_service:8002/auth/login "HTTP/1.1 200 OK"
2026-04-05 00:57:22,900 [httpx] INFO: HTTP Request: POST http://user_service:8002/auth/login "HTTP/1.1 200 OK"
2026-04-05 00:57:23,624 [httpx] INFO: HTTP Request: POST http://user_service:8002/auth/login "HTTP/1.1 200 OK"
2026-04-05 00:57:24,346 [httpx] INFO: HTTP Request: POST http://user_service:8002/auth/login "HTTP/1.1 200 OK"
2026-04-05 00:57:25,065 [httpx] INFO: HTTP Request: POST http://user_service:8002/auth/login "HTTP/1.1 200 OK"
2026-04-05 00:57:25,852 [httpx] INFO: HTTP Request: POST http://user_service:8002/auth/login "HTTP/1.1 200 OK"
2026-04-05 00:57:26,569 [httpx] INFO: HTTP Request: POST http://user_service:8002/auth/login "HTTP/1.1 200 OK"
2026-04-05 00:57:27,314 [httpx] INFO: HTTP Request: POST http://user_service:8002/auth/login "HTTP/1.1 200 OK"
2026-04-05 00:57:28,045 [httpx] INFO: HTTP Request: POST http://user_service:8002/auth/login "HTTP/1.1 200 OK"
2026-04-05 00:57:28,777 [httpx] INFO: HTTP Request: POST http://user_service:8002/auth/login "HTTP/1.1 200 OK"
2026-04-05 00:57:29,502 [httpx] INFO: HTTP Request: POST http://user_service:8002/auth/login "HTTP/1.1 200 OK"
2026-04-05 00:57:30,253 [httpx] INFO: HTTP Request: POST http://user_service:8002/auth/login "HTTP/1.1 200 OK"
2026-04-05 00:57:30,986 [httpx] INFO: HTTP Request: POST http://user_service:8002/auth/login "HTTP/1.1 200 OK"
2026-04-05 00:57:31,716 [httpx] INFO: HTTP Request: POST http://user_service:8002/auth/login "HTTP/1.1 200 OK"
2026-04-05 00:57:32,457 [httpx] INFO: HTTP Request: POST http://user_service:8002/auth/login "HTTP/1.1 200 OK"
2026-04-05 00:57:33,197 [httpx] INFO: HTTP Request: POST http://user_service:8002/auth/login "HTTP/1.1 200 OK"
2026-04-05 00:57:33,924 [httpx] INFO: HTTP Request: POST http://user_service:8002/auth/login "HTTP/1.1 200 OK"
2026-04-05 00:57:34,648 [httpx] INFO: HTTP Request: POST http://user_service:8002/auth/login "HTTP/1.1 200 OK"
2026-04-05 00:57:35,179 [httpx] INFO: HTTP Request: GET http://user_service:8002/users/admin/users "HTTP/1.1 200 OK"
2026-04-05 00:57:35,194 [httpx] INFO: HTTP Request: GET http://user_service:8002/users/admin/users "HTTP/1.1 200 OK"
2026-04-05 00:57:35,214 [httpx] INFO: HTTP Request: GET http://user_service:8002/auth/me "HTTP/1.1 200 OK"
2026-04-05 00:57:35,415 [httpx] INFO: HTTP Request: PUT http://user_service:8002/users/2 "HTTP/1.1 200 OK"
2026-04-05 00:57:35,582 [httpx] INFO: HTTP Request: POST http://community_service:8006/communities "HTTP/1.1 200 OK"
2026-04-05 00:57:35,644 [httpx] INFO: HTTP Request: POST http://community_service:8006/communities "HTTP/1.1 200 OK"
2026-04-05 00:57:35,696 [httpx] INFO: HTTP Request: POST http://community_service:8006/communities "HTTP/1.1 200 OK"
2026-04-05 00:57:35,738 [httpx] INFO: HTTP Request: POST http://community_service:8006/communities "HTTP/1.1 200 OK"
2026-04-05 00:57:35,779 [httpx] INFO: HTTP Request: POST http://community_service:8006/communities "HTTP/1.1 200 OK"
2026-04-05 00:57:35,818 [httpx] INFO: HTTP Request: POST http://community_service:8006/communities "HTTP/1.1 200 OK"
2026-04-05 00:57:35,855 [httpx] INFO: HTTP Request: POST http://community_service:8006/communities "HTTP/1.1 200 OK"
2026-04-05 00:57:35,926 [httpx] INFO: HTTP Request: POST http://community_service:8006/communities "HTTP/1.1 200 OK"
2026-04-05 00:57:35,965 [httpx] INFO: HTTP Request: POST http://community_service:8006/communities/1/join "HTTP/1.1 200 OK"
2026-04-05 00:57:36,002 [httpx] INFO: HTTP Request: POST http://community_service:8006/communities/1/join "HTTP/1.1 200 OK"
2026-04-05 00:57:36,025 [httpx] INFO: HTTP Request: POST http://community_service:8006/communities/1/join "HTTP/1.1 200 OK"
2026-04-05 00:57:36,049 [httpx] INFO: HTTP Request: POST http://community_service:8006/communities/1/join "HTTP/1.1 200 OK"
2026-04-05 00:57:36,068 [httpx] INFO: HTTP Request: POST http://community_service:8006/communities/1/join "HTTP/1.1 200 OK"
2026-04-05 00:57:36,118 [httpx] INFO: HTTP Request: POST http://community_service:8006/communities/1/join "HTTP/1.1 200 OK"
2026-04-05 00:57:36,141 [httpx] INFO: HTTP Request: POST http://community_service:8006/communities/1/join "HTTP/1.1 200 OK"
2026-04-05 00:57:36,165 [httpx] INFO: HTTP Request: POST http://community_service:8006/communities/1/join "HTTP/1.1 200 OK"
2026-04-05 00:57:36,179 [httpx] INFO: HTTP Request: POST http://community_service:8006/communities/1/join "HTTP/1.1 400 Bad Request"
2026-04-05 00:57:36,219 [httpx] INFO: HTTP Request: POST http://community_service:8006/communities/1/join "HTTP/1.1 200 OK"
2026-04-05 00:57:36,264 [httpx] INFO: HTTP Request: POST http://community_service:8006/communities/1/join "HTTP/1.1 200 OK"
2026-04-05 00:57:36,299 [httpx] INFO: HTTP Request: POST http://community_service:8006/communities/1/join "HTTP/1.1 200 OK"
2026-04-05 00:57:36,332 [httpx] INFO: HTTP Request: POST http://community_service:8006/communities/1/join "HTTP/1.1 200 OK"
2026-04-05 00:57:36,353 [httpx] INFO: HTTP Request: POST http://community_service:8006/communities/2/join "HTTP/1.1 200 OK"
2026-04-05 00:57:36,386 [httpx] INFO: HTTP Request: POST http://community_service:8006/communities/2/join "HTTP/1.1 200 OK"
2026-04-05 00:57:36,408 [httpx] INFO: HTTP Request: POST http://community_service:8006/communities/2/join "HTTP/1.1 200 OK"
2026-04-05 00:57:36,429 [httpx] INFO: HTTP Request: POST http://community_service:8006/communities/2/join "HTTP/1.1 200 OK"
2026-04-05 00:57:36,463 [httpx] INFO: HTTP Request: POST http://community_service:8006/communities/2/join "HTTP/1.1 200 OK"
2026-04-05 00:57:36,497 [httpx] INFO: HTTP Request: POST http://community_service:8006/communities/2/join "HTTP/1.1 200 OK"
2026-04-05 00:57:36,517 [httpx] INFO: HTTP Request: POST http://community_service:8006/communities/2/join "HTTP/1.1 200 OK"
2026-04-05 00:57:36,555 [httpx] INFO: HTTP Request: POST http://community_service:8006/communities/2/join "HTTP/1.1 200 OK"
2026-04-05 00:57:36,576 [httpx] INFO: HTTP Request: POST http://community_service:8006/communities/2/join "HTTP/1.1 200 OK"
2026-04-05 00:57:36,597 [httpx] INFO: HTTP Request: POST http://community_service:8006/communities/2/join "HTTP/1.1 200 OK"
2026-04-05 00:57:36,622 [httpx] INFO: HTTP Request: POST http://community_service:8006/communities/3/join "HTTP/1.1 200 OK"
2026-04-05 00:57:36,638 [httpx] INFO: HTTP Request: POST http://community_service:8006/communities/3/join "HTTP/1.1 400 Bad Request"
2026-04-05 00:57:36,657 [httpx] INFO: HTTP Request: POST http://community_service:8006/communities/3/join "HTTP/1.1 200 OK"
2026-04-05 00:57:36,675 [httpx] INFO: HTTP Request: POST http://community_service:8006/communities/3/join "HTTP/1.1 200 OK"
2026-04-05 00:57:36,693 [httpx] INFO: HTTP Request: POST http://community_service:8006/communities/3/join "HTTP/1.1 200 OK"
2026-04-05 00:57:36,712 [httpx] INFO: HTTP Request: POST http://community_service:8006/communities/3/join "HTTP/1.1 200 OK"
2026-04-05 00:57:36,732 [httpx] INFO: HTTP Request: POST http://community_service:8006/communities/3/join "HTTP/1.1 200 OK"
2026-04-05 00:57:36,751 [httpx] INFO: HTTP Request: POST http://community_service:8006/communities/3/join "HTTP/1.1 200 OK"
2026-04-05 00:57:36,771 [httpx] INFO: HTTP Request: POST http://community_service:8006/communities/4/join "HTTP/1.1 200 OK"
2026-04-05 00:57:36,786 [httpx] INFO: HTTP Request: POST http://community_service:8006/communities/4/join "HTTP/1.1 400 Bad Request"
2026-04-05 00:57:36,807 [httpx] INFO: HTTP Request: POST http://community_service:8006/communities/4/join "HTTP/1.1 200 OK"
2026-04-05 00:57:36,827 [httpx] INFO: HTTP Request: POST http://community_service:8006/communities/4/join "HTTP/1.1 200 OK"
2026-04-05 00:57:36,847 [httpx] INFO: HTTP Request: POST http://community_service:8006/communities/4/join "HTTP/1.1 200 OK"
2026-04-05 00:57:36,866 [httpx] INFO: HTTP Request: POST http://community_service:8006/communities/4/join "HTTP/1.1 200 OK"
2026-04-05 00:57:36,886 [httpx] INFO: HTTP Request: POST http://community_service:8006/communities/4/join "HTTP/1.1 200 OK"
2026-04-05 00:57:36,906 [httpx] INFO: HTTP Request: POST http://community_service:8006/communities/4/join "HTTP/1.1 200 OK"
2026-04-05 00:57:36,953 [httpx] INFO: HTTP Request: POST http://community_service:8006/communities/4/join "HTTP/1.1 200 OK"
2026-04-05 00:57:36,992 [httpx] INFO: HTTP Request: POST http://community_service:8006/communities/4/join "HTTP/1.1 200 OK"
2026-04-05 00:57:37,013 [httpx] INFO: HTTP Request: POST http://community_service:8006/communities/4/join "HTTP/1.1 200 OK"
2026-04-05 00:57:37,034 [httpx] INFO: HTTP Request: POST http://community_service:8006/communities/5/join "HTTP/1.1 200 OK"
2026-04-05 00:57:37,050 [httpx] INFO: HTTP Request: POST http://community_service:8006/communities/5/join "HTTP/1.1 400 Bad Request"
2026-04-05 00:57:37,071 [httpx] INFO: HTTP Request: POST http://community_service:8006/communities/5/join "HTTP/1.1 200 OK"
2026-04-05 00:57:37,092 [httpx] INFO: HTTP Request: POST http://community_service:8006/communities/5/join "HTTP/1.1 200 OK"
2026-04-05 00:57:37,113 [httpx] INFO: HTTP Request: POST http://community_service:8006/communities/5/join "HTTP/1.1 200 OK"
2026-04-05 00:57:37,134 [httpx] INFO: HTTP Request: POST http://community_service:8006/communities/5/join "HTTP/1.1 200 OK"
2026-04-05 00:57:37,170 [httpx] INFO: HTTP Request: POST http://community_service:8006/communities/5/join "HTTP/1.1 200 OK"
2026-04-05 00:57:37,192 [httpx] INFO: HTTP Request: POST http://community_service:8006/communities/5/join "HTTP/1.1 200 OK"
2026-04-05 00:57:37,213 [httpx] INFO: HTTP Request: POST http://community_service:8006/communities/5/join "HTTP/1.1 200 OK"
2026-04-05 00:57:37,233 [httpx] INFO: HTTP Request: POST http://community_service:8006/communities/5/join "HTTP/1.1 200 OK"
2026-04-05 00:57:37,252 [httpx] INFO: HTTP Request: POST http://community_service:8006/communities/6/join "HTTP/1.1 200 OK"
2026-04-05 00:57:37,271 [httpx] INFO: HTTP Request: POST http://community_service:8006/communities/6/join "HTTP/1.1 200 OK"
2026-04-05 00:57:37,290 [httpx] INFO: HTTP Request: POST http://community_service:8006/communities/6/join "HTTP/1.1 200 OK"
2026-04-05 00:57:37,309 [httpx] INFO: HTTP Request: POST http://community_service:8006/communities/6/join "HTTP/1.1 200 OK"
2026-04-05 00:57:37,333 [httpx] INFO: HTTP Request: POST http://community_service:8006/communities/6/join "HTTP/1.1 200 OK"
2026-04-05 00:57:37,359 [httpx] INFO: HTTP Request: POST http://community_service:8006/communities/6/join "HTTP/1.1 200 OK"
2026-04-05 00:57:37,383 [httpx] INFO: HTTP Request: POST http://community_service:8006/communities/6/join "HTTP/1.1 200 OK"
2026-04-05 00:57:37,405 [httpx] INFO: HTTP Request: POST http://community_service:8006/communities/6/join "HTTP/1.1 200 OK"
2026-04-05 00:57:37,427 [httpx] INFO: HTTP Request: POST http://community_service:8006/communities/6/join "HTTP/1.1 200 OK"
2026-04-05 00:57:37,448 [httpx] INFO: HTTP Request: POST http://community_service:8006/communities/6/join "HTTP/1.1 200 OK"
2026-04-05 00:57:37,471 [httpx] INFO: HTTP Request: POST http://community_service:8006/communities/6/join "HTTP/1.1 200 OK"
2026-04-05 00:57:37,491 [httpx] INFO: HTTP Request: POST http://community_service:8006/communities/6/join "HTTP/1.1 200 OK"
2026-04-05 00:57:37,509 [httpx] INFO: HTTP Request: POST http://community_service:8006/communities/6/join "HTTP/1.1 200 OK"
2026-04-05 00:57:37,527 [httpx] INFO: HTTP Request: POST http://community_service:8006/communities/7/join "HTTP/1.1 200 OK"
2026-04-05 00:57:37,542 [httpx] INFO: HTTP Request: POST http://community_service:8006/communities/7/join "HTTP/1.1 400 Bad Request"
2026-04-05 00:57:37,560 [httpx] INFO: HTTP Request: POST http://community_service:8006/communities/7/join "HTTP/1.1 200 OK"
2026-04-05 00:57:37,604 [httpx] INFO: HTTP Request: POST http://community_service:8006/communities/7/join "HTTP/1.1 200 OK"
2026-04-05 00:57:37,632 [httpx] INFO: HTTP Request: POST http://community_service:8006/communities/7/join "HTTP/1.1 200 OK"
2026-04-05 00:57:37,665 [httpx] INFO: HTTP Request: POST http://community_service:8006/communities/7/join "HTTP/1.1 200 OK"
2026-04-05 00:57:37,701 [httpx] INFO: HTTP Request: POST http://community_service:8006/communities/7/join "HTTP/1.1 200 OK"
2026-04-05 00:57:37,725 [httpx] INFO: HTTP Request: POST http://community_service:8006/communities/7/join "HTTP/1.1 200 OK"
2026-04-05 00:57:37,740 [httpx] INFO: HTTP Request: POST http://community_service:8006/communities/8/join "HTTP/1.1 400 Bad Request"
2026-04-05 00:57:37,759 [httpx] INFO: HTTP Request: POST http://community_service:8006/communities/8/join "HTTP/1.1 200 OK"
2026-04-05 00:57:37,778 [httpx] INFO: HTTP Request: POST http://community_service:8006/communities/8/join "HTTP/1.1 200 OK"
2026-04-05 00:57:37,797 [httpx] INFO: HTTP Request: POST http://community_service:8006/communities/8/join "HTTP/1.1 200 OK"
2026-04-05 00:57:37,821 [httpx] INFO: HTTP Request: POST http://community_service:8006/communities/8/join "HTTP/1.1 200 OK"
2026-04-05 00:57:37,843 [httpx] INFO: HTTP Request: POST http://community_service:8006/communities/8/join "HTTP/1.1 200 OK"
2026-04-05 00:57:37,866 [httpx] INFO: HTTP Request: POST http://community_service:8006/communities/8/join "HTTP/1.1 200 OK"
2026-04-05 00:57:37,888 [httpx] INFO: HTTP Request: POST http://community_service:8006/communities/8/join "HTTP/1.1 200 OK"
2026-04-05 00:57:38,156 [httpx] INFO: HTTP Request: POST http://thread_service:8003/threads "HTTP/1.1 200 OK"
2026-04-05 00:57:38,314 [httpx] INFO: HTTP Request: POST http://thread_service:8003/threads "HTTP/1.1 200 OK"
2026-04-05 00:57:38,369 [httpx] INFO: HTTP Request: POST http://thread_service:8003/threads "HTTP/1.1 200 OK"
2026-04-05 00:57:38,421 [httpx] INFO: HTTP Request: POST http://thread_service:8003/threads "HTTP/1.1 200 OK"
2026-04-05 00:57:38,477 [httpx] INFO: HTTP Request: POST http://thread_service:8003/threads "HTTP/1.1 200 OK"
2026-04-05 00:57:38,554 [httpx] INFO: HTTP Request: POST http://thread_service:8003/threads "HTTP/1.1 200 OK"
2026-04-05 00:57:38,622 [httpx] INFO: HTTP Request: POST http://thread_service:8003/threads "HTTP/1.1 200 OK"
2026-04-05 00:57:38,686 [httpx] INFO: HTTP Request: POST http://thread_service:8003/threads "HTTP/1.1 200 OK"
2026-04-05 00:57:38,763 [httpx] INFO: HTTP Request: POST http://thread_service:8003/threads "HTTP/1.1 200 OK"
2026-04-05 00:57:38,830 [httpx] INFO: HTTP Request: POST http://thread_service:8003/threads "HTTP/1.1 200 OK"
2026-04-05 00:57:38,908 [httpx] INFO: HTTP Request: POST http://thread_service:8003/threads "HTTP/1.1 200 OK"
2026-04-05 00:57:38,960 [httpx] INFO: HTTP Request: POST http://thread_service:8003/threads "HTTP/1.1 200 OK"
2026-04-05 00:57:39,011 [httpx] INFO: HTTP Request: POST http://thread_service:8003/threads "HTTP/1.1 200 OK"
2026-04-05 00:57:39,064 [httpx] INFO: HTTP Request: POST http://thread_service:8003/threads "HTTP/1.1 200 OK"
2026-04-05 00:57:39,118 [httpx] INFO: HTTP Request: POST http://thread_service:8003/threads "HTTP/1.1 200 OK"
2026-04-05 00:57:39,171 [httpx] INFO: HTTP Request: POST http://thread_service:8003/threads "HTTP/1.1 200 OK"
2026-04-05 00:57:39,242 [httpx] INFO: HTTP Request: POST http://thread_service:8003/threads "HTTP/1.1 200 OK"
2026-04-05 00:57:39,293 [httpx] INFO: HTTP Request: POST http://thread_service:8003/threads "HTTP/1.1 200 OK"
2026-04-05 00:57:39,342 [httpx] INFO: HTTP Request: POST http://thread_service:8003/threads "HTTP/1.1 200 OK"
2026-04-05 00:57:39,388 [httpx] INFO: HTTP Request: POST http://thread_service:8003/threads "HTTP/1.1 200 OK"
2026-04-05 00:57:39,430 [httpx] INFO: HTTP Request: POST http://thread_service:8003/threads/1/like "HTTP/1.1 200 OK"
2026-04-05 00:57:39,451 [httpx] INFO: HTTP Request: POST http://thread_service:8003/threads/1/like "HTTP/1.1 200 OK"
2026-04-05 00:57:39,476 [httpx] INFO: HTTP Request: POST http://thread_service:8003/threads/1/like "HTTP/1.1 200 OK"
2026-04-05 00:57:39,498 [httpx] INFO: HTTP Request: POST http://thread_service:8003/threads/1/like "HTTP/1.1 200 OK"
2026-04-05 00:57:39,522 [httpx] INFO: HTTP Request: POST http://thread_service:8003/threads/1/like "HTTP/1.1 200 OK"
2026-04-05 00:57:39,547 [httpx] INFO: HTTP Request: POST http://thread_service:8003/threads/2/like "HTTP/1.1 200 OK"
2026-04-05 00:57:39,569 [httpx] INFO: HTTP Request: POST http://thread_service:8003/threads/2/like "HTTP/1.1 200 OK"
2026-04-05 00:57:39,594 [httpx] INFO: HTTP Request: POST http://thread_service:8003/threads/2/like "HTTP/1.1 200 OK"
2026-04-05 00:57:39,616 [httpx] INFO: HTTP Request: POST http://thread_service:8003/threads/2/like "HTTP/1.1 200 OK"
2026-04-05 00:57:39,637 [httpx] INFO: HTTP Request: POST http://thread_service:8003/threads/2/like "HTTP/1.1 200 OK"
2026-04-05 00:57:39,663 [httpx] INFO: HTTP Request: POST http://thread_service:8003/threads/2/like "HTTP/1.1 200 OK"
2026-04-05 00:57:39,685 [httpx] INFO: HTTP Request: POST http://thread_service:8003/threads/3/like "HTTP/1.1 200 OK"
2026-04-05 00:57:39,708 [httpx] INFO: HTTP Request: POST http://thread_service:8003/threads/3/like "HTTP/1.1 200 OK"
2026-04-05 00:57:39,731 [httpx] INFO: HTTP Request: POST http://thread_service:8003/threads/3/like "HTTP/1.1 200 OK"
2026-04-05 00:57:39,752 [httpx] INFO: HTTP Request: POST http://thread_service:8003/threads/3/like "HTTP/1.1 200 OK"
2026-04-05 00:57:39,774 [httpx] INFO: HTTP Request: POST http://thread_service:8003/threads/3/like "HTTP/1.1 200 OK"
2026-04-05 00:57:39,795 [httpx] INFO: HTTP Request: POST http://thread_service:8003/threads/3/like "HTTP/1.1 200 OK"
2026-04-05 00:57:39,817 [httpx] INFO: HTTP Request: POST http://thread_service:8003/threads/3/like "HTTP/1.1 200 OK"
2026-04-05 00:57:39,845 [httpx] INFO: HTTP Request: POST http://thread_service:8003/threads/4/like "HTTP/1.1 200 OK"
2026-04-05 00:57:39,876 [httpx] INFO: HTTP Request: POST http://thread_service:8003/threads/4/like "HTTP/1.1 200 OK"
2026-04-05 00:57:39,901 [httpx] INFO: HTTP Request: POST http://thread_service:8003/threads/4/like "HTTP/1.1 200 OK"
2026-04-05 00:57:39,930 [httpx] INFO: HTTP Request: POST http://thread_service:8003/threads/4/like "HTTP/1.1 200 OK"
2026-04-05 00:57:39,954 [httpx] INFO: HTTP Request: POST http://thread_service:8003/threads/4/like "HTTP/1.1 200 OK"
2026-04-05 00:57:39,977 [httpx] INFO: HTTP Request: POST http://thread_service:8003/threads/4/like "HTTP/1.1 200 OK"
2026-04-05 00:57:40,000 [httpx] INFO: HTTP Request: POST http://thread_service:8003/threads/4/like "HTTP/1.1 200 OK"
2026-04-05 00:57:40,047 [httpx] INFO: HTTP Request: POST http://thread_service:8003/threads/4/like "HTTP/1.1 200 OK"
2026-04-05 00:57:40,070 [httpx] INFO: HTTP Request: POST http://thread_service:8003/threads/5/like "HTTP/1.1 200 OK"
2026-04-05 00:57:40,094 [httpx] INFO: HTTP Request: POST http://thread_service:8003/threads/5/like "HTTP/1.1 200 OK"
2026-04-05 00:57:40,120 [httpx] INFO: HTTP Request: POST http://thread_service:8003/threads/5/like "HTTP/1.1 200 OK"
2026-04-05 00:57:40,144 [httpx] INFO: HTTP Request: POST http://thread_service:8003/threads/5/like "HTTP/1.1 200 OK"
2026-04-05 00:57:40,170 [httpx] INFO: HTTP Request: POST http://thread_service:8003/threads/5/like "HTTP/1.1 200 OK"
2026-04-05 00:57:40,194 [httpx] INFO: HTTP Request: POST http://thread_service:8003/threads/5/like "HTTP/1.1 200 OK"
2026-04-05 00:57:40,221 [httpx] INFO: HTTP Request: POST http://thread_service:8003/threads/5/like "HTTP/1.1 200 OK"
2026-04-05 00:57:40,246 [httpx] INFO: HTTP Request: POST http://thread_service:8003/threads/6/like "HTTP/1.1 200 OK"
2026-04-05 00:57:40,271 [httpx] INFO: HTTP Request: POST http://thread_service:8003/threads/6/like "HTTP/1.1 200 OK"
2026-04-05 00:57:40,296 [httpx] INFO: HTTP Request: POST http://thread_service:8003/threads/6/like "HTTP/1.1 200 OK"
2026-04-05 00:57:40,327 [httpx] INFO: HTTP Request: POST http://thread_service:8003/threads/6/like "HTTP/1.1 200 OK"
2026-04-05 00:57:40,351 [httpx] INFO: HTTP Request: POST http://thread_service:8003/threads/6/like "HTTP/1.1 200 OK"
2026-04-05 00:57:40,376 [httpx] INFO: HTTP Request: POST http://thread_service:8003/threads/7/like "HTTP/1.1 200 OK"
2026-04-05 00:57:40,400 [httpx] INFO: HTTP Request: POST http://thread_service:8003/threads/7/like "HTTP/1.1 200 OK"
2026-04-05 00:57:40,423 [httpx] INFO: HTTP Request: POST http://thread_service:8003/threads/7/like "HTTP/1.1 200 OK"
2026-04-05 00:57:40,451 [httpx] INFO: HTTP Request: POST http://thread_service:8003/threads/7/like "HTTP/1.1 200 OK"
2026-04-05 00:57:40,478 [httpx] INFO: HTTP Request: POST http://thread_service:8003/threads/7/like "HTTP/1.1 200 OK"
2026-04-05 00:57:40,502 [httpx] INFO: HTTP Request: POST http://thread_service:8003/threads/7/like "HTTP/1.1 200 OK"
2026-04-05 00:57:40,528 [httpx] INFO: HTTP Request: POST http://thread_service:8003/threads/8/like "HTTP/1.1 200 OK"
2026-04-05 00:57:40,556 [httpx] INFO: HTTP Request: POST http://thread_service:8003/threads/8/like "HTTP/1.1 200 OK"
2026-04-05 00:57:40,581 [httpx] INFO: HTTP Request: POST http://thread_service:8003/threads/8/like "HTTP/1.1 200 OK"
2026-04-05 00:57:40,608 [httpx] INFO: HTTP Request: POST http://thread_service:8003/threads/9/like "HTTP/1.1 200 OK"
2026-04-05 00:57:40,631 [httpx] INFO: HTTP Request: POST http://thread_service:8003/threads/9/like "HTTP/1.1 200 OK"
2026-04-05 00:57:40,659 [httpx] INFO: HTTP Request: POST http://thread_service:8003/threads/9/like "HTTP/1.1 200 OK"
2026-04-05 00:57:40,682 [httpx] INFO: HTTP Request: POST http://thread_service:8003/threads/9/like "HTTP/1.1 200 OK"
2026-04-05 00:57:40,708 [httpx] INFO: HTTP Request: POST http://thread_service:8003/threads/9/like "HTTP/1.1 200 OK"
2026-04-05 00:57:40,733 [httpx] INFO: HTTP Request: POST http://thread_service:8003/threads/9/like "HTTP/1.1 200 OK"
2026-04-05 00:57:40,758 [httpx] INFO: HTTP Request: POST http://thread_service:8003/threads/10/like "HTTP/1.1 200 OK"
2026-04-05 00:57:40,783 [httpx] INFO: HTTP Request: POST http://thread_service:8003/threads/10/like "HTTP/1.1 200 OK"
2026-04-05 00:57:40,839 [httpx] INFO: HTTP Request: POST http://thread_service:8003/threads/10/like "HTTP/1.1 200 OK"
2026-04-05 00:57:40,866 [httpx] INFO: HTTP Request: POST http://thread_service:8003/threads/10/like "HTTP/1.1 200 OK"
2026-04-05 00:57:40,890 [httpx] INFO: HTTP Request: POST http://thread_service:8003/threads/10/like "HTTP/1.1 200 OK"
2026-04-05 00:57:40,915 [httpx] INFO: HTTP Request: POST http://thread_service:8003/threads/10/like "HTTP/1.1 200 OK"
2026-04-05 00:57:40,961 [httpx] INFO: HTTP Request: POST http://thread_service:8003/threads/11/like "HTTP/1.1 200 OK"
2026-04-05 00:57:41,003 [httpx] INFO: HTTP Request: POST http://thread_service:8003/threads/11/like "HTTP/1.1 200 OK"
2026-04-05 00:57:41,039 [httpx] INFO: HTTP Request: POST http://thread_service:8003/threads/11/like "HTTP/1.1 200 OK"
2026-04-05 00:57:41,073 [httpx] INFO: HTTP Request: POST http://thread_service:8003/threads/11/like "HTTP/1.1 200 OK"
2026-04-05 00:57:41,100 [httpx] INFO: HTTP Request: POST http://thread_service:8003/threads/12/like "HTTP/1.1 200 OK"
2026-04-05 00:57:41,123 [httpx] INFO: HTTP Request: POST http://thread_service:8003/threads/12/like "HTTP/1.1 200 OK"
2026-04-05 00:57:41,152 [httpx] INFO: HTTP Request: POST http://thread_service:8003/threads/12/like "HTTP/1.1 200 OK"
2026-04-05 00:57:41,182 [httpx] INFO: HTTP Request: POST http://thread_service:8003/threads/13/like "HTTP/1.1 200 OK"
2026-04-05 00:57:41,213 [httpx] INFO: HTTP Request: POST http://thread_service:8003/threads/13/like "HTTP/1.1 200 OK"
2026-04-05 00:57:41,245 [httpx] INFO: HTTP Request: POST http://thread_service:8003/threads/13/like "HTTP/1.1 200 OK"
2026-04-05 00:57:41,270 [httpx] INFO: HTTP Request: POST http://thread_service:8003/threads/13/like "HTTP/1.1 200 OK"
2026-04-05 00:57:41,299 [httpx] INFO: HTTP Request: POST http://thread_service:8003/threads/13/like "HTTP/1.1 200 OK"
2026-04-05 00:57:41,329 [httpx] INFO: HTTP Request: POST http://thread_service:8003/threads/14/like "HTTP/1.1 200 OK"
2026-04-05 00:57:41,357 [httpx] INFO: HTTP Request: POST http://thread_service:8003/threads/14/like "HTTP/1.1 200 OK"
2026-04-05 00:57:41,384 [httpx] INFO: HTTP Request: POST http://thread_service:8003/threads/14/like "HTTP/1.1 200 OK"
2026-04-05 00:57:41,412 [httpx] INFO: HTTP Request: POST http://thread_service:8003/threads/14/like "HTTP/1.1 200 OK"
2026-04-05 00:57:41,438 [httpx] INFO: HTTP Request: POST http://thread_service:8003/threads/14/like "HTTP/1.1 200 OK"
2026-04-05 00:57:41,464 [httpx] INFO: HTTP Request: POST http://thread_service:8003/threads/14/like "HTTP/1.1 200 OK"
2026-04-05 00:57:41,493 [httpx] INFO: HTTP Request: POST http://thread_service:8003/threads/15/like "HTTP/1.1 200 OK"
2026-04-05 00:57:41,518 [httpx] INFO: HTTP Request: POST http://thread_service:8003/threads/15/like "HTTP/1.1 200 OK"
2026-04-05 00:57:41,544 [httpx] INFO: HTTP Request: POST http://thread_service:8003/threads/15/like "HTTP/1.1 200 OK"
2026-04-05 00:57:41,572 [httpx] INFO: HTTP Request: POST http://thread_service:8003/threads/15/like "HTTP/1.1 200 OK"
2026-04-05 00:57:41,596 [httpx] INFO: HTTP Request: POST http://thread_service:8003/threads/16/like "HTTP/1.1 200 OK"
2026-04-05 00:57:41,623 [httpx] INFO: HTTP Request: POST http://thread_service:8003/threads/16/like "HTTP/1.1 200 OK"
2026-04-05 00:57:41,650 [httpx] INFO: HTTP Request: POST http://thread_service:8003/threads/16/like "HTTP/1.1 200 OK"
2026-04-05 00:57:41,699 [httpx] INFO: HTTP Request: POST http://thread_service:8003/threads/16/like "HTTP/1.1 200 OK"
2026-04-05 00:57:41,725 [httpx] INFO: HTTP Request: POST http://thread_service:8003/threads/16/like "HTTP/1.1 200 OK"
2026-04-05 00:57:41,750 [httpx] INFO: HTTP Request: POST http://thread_service:8003/threads/16/like "HTTP/1.1 200 OK"
2026-04-05 00:57:41,777 [httpx] INFO: HTTP Request: POST http://thread_service:8003/threads/16/like "HTTP/1.1 200 OK"
2026-04-05 00:57:41,800 [httpx] INFO: HTTP Request: POST http://thread_service:8003/threads/16/like "HTTP/1.1 200 OK"
2026-04-05 00:57:41,827 [httpx] INFO: HTTP Request: POST http://thread_service:8003/threads/17/like "HTTP/1.1 200 OK"
2026-04-05 00:57:41,852 [httpx] INFO: HTTP Request: POST http://thread_service:8003/threads/17/like "HTTP/1.1 200 OK"
2026-04-05 00:57:41,879 [httpx] INFO: HTTP Request: POST http://thread_service:8003/threads/17/like "HTTP/1.1 200 OK"
2026-04-05 00:57:41,908 [httpx] INFO: HTTP Request: POST http://thread_service:8003/threads/17/like "HTTP/1.1 200 OK"
2026-04-05 00:57:41,934 [httpx] INFO: HTTP Request: POST http://thread_service:8003/threads/17/like "HTTP/1.1 200 OK"
2026-04-05 00:57:41,963 [httpx] INFO: HTTP Request: POST http://thread_service:8003/threads/18/like "HTTP/1.1 200 OK"
2026-04-05 00:57:41,991 [httpx] INFO: HTTP Request: POST http://thread_service:8003/threads/18/like "HTTP/1.1 200 OK"
2026-04-05 00:57:42,016 [httpx] INFO: HTTP Request: POST http://thread_service:8003/threads/18/like "HTTP/1.1 200 OK"
2026-04-05 00:57:42,039 [httpx] INFO: HTTP Request: POST http://thread_service:8003/threads/18/like "HTTP/1.1 200 OK"
2026-04-05 00:57:42,065 [httpx] INFO: HTTP Request: POST http://thread_service:8003/threads/18/like "HTTP/1.1 200 OK"
2026-04-05 00:57:42,087 [httpx] INFO: HTTP Request: POST http://thread_service:8003/threads/18/like "HTTP/1.1 200 OK"
2026-04-05 00:57:42,116 [httpx] INFO: HTTP Request: POST http://thread_service:8003/threads/18/like "HTTP/1.1 200 OK"
2026-04-05 00:57:42,138 [httpx] INFO: HTTP Request: POST http://thread_service:8003/threads/19/like "HTTP/1.1 200 OK"
2026-04-05 00:57:42,166 [httpx] INFO: HTTP Request: POST http://thread_service:8003/threads/19/like "HTTP/1.1 200 OK"
2026-04-05 00:57:42,193 [httpx] INFO: HTTP Request: POST http://thread_service:8003/threads/19/like "HTTP/1.1 200 OK"
2026-04-05 00:57:42,218 [httpx] INFO: HTTP Request: POST http://thread_service:8003/threads/19/like "HTTP/1.1 200 OK"
2026-04-05 00:57:42,242 [httpx] INFO: HTTP Request: POST http://thread_service:8003/threads/19/like "HTTP/1.1 200 OK"
2026-04-05 00:57:42,268 [httpx] INFO: HTTP Request: POST http://thread_service:8003/threads/19/like "HTTP/1.1 200 OK"
2026-04-05 00:57:42,296 [httpx] INFO: HTTP Request: POST http://thread_service:8003/threads/19/like "HTTP/1.1 200 OK"
2026-04-05 00:57:42,320 [httpx] INFO: HTTP Request: POST http://thread_service:8003/threads/20/like "HTTP/1.1 200 OK"
2026-04-05 00:57:42,343 [httpx] INFO: HTTP Request: POST http://thread_service:8003/threads/20/like "HTTP/1.1 200 OK"
2026-04-05 00:57:42,368 [httpx] INFO: HTTP Request: POST http://thread_service:8003/threads/20/like "HTTP/1.1 200 OK"
2026-04-05 00:57:42,391 [httpx] INFO: HTTP Request: POST http://thread_service:8003/threads/20/like "HTTP/1.1 200 OK"
2026-04-05 00:57:42,659 [httpx] INFO: HTTP Request: POST http://comment_service:8005/comments "HTTP/1.1 200 OK"
2026-04-05 00:57:42,751 [httpx] INFO: HTTP Request: POST http://comment_service:8005/comments "HTTP/1.1 200 OK"
2026-04-05 00:57:42,822 [httpx] INFO: HTTP Request: POST http://comment_service:8005/comments "HTTP/1.1 200 OK"
2026-04-05 00:57:42,889 [httpx] INFO: HTTP Request: POST http://comment_service:8005/comments "HTTP/1.1 200 OK"
2026-04-05 00:57:42,941 [httpx] INFO: HTTP Request: POST http://comment_service:8005/comments "HTTP/1.1 200 OK"
2026-04-05 00:57:43,026 [httpx] INFO: HTTP Request: POST http://comment_service:8005/comments "HTTP/1.1 200 OK"
2026-04-05 00:57:43,137 [httpx] INFO: HTTP Request: POST http://comment_service:8005/comments "HTTP/1.1 200 OK"
2026-04-05 00:57:43,194 [httpx] INFO: HTTP Request: POST http://comment_service:8005/comments "HTTP/1.1 200 OK"
2026-04-05 00:57:43,250 [httpx] INFO: HTTP Request: POST http://comment_service:8005/comments "HTTP/1.1 200 OK"
2026-04-05 00:57:43,334 [httpx] INFO: HTTP Request: POST http://comment_service:8005/comments "HTTP/1.1 200 OK"
2026-04-05 00:57:43,404 [httpx] INFO: HTTP Request: POST http://comment_service:8005/comments "HTTP/1.1 200 OK"
2026-04-05 00:57:43,467 [httpx] INFO: HTTP Request: POST http://comment_service:8005/comments "HTTP/1.1 200 OK"
2026-04-05 00:57:43,525 [httpx] INFO: HTTP Request: POST http://comment_service:8005/comments "HTTP/1.1 200 OK"
2026-04-05 00:57:43,576 [httpx] INFO: HTTP Request: POST http://comment_service:8005/comments "HTTP/1.1 200 OK"
2026-04-05 00:57:43,639 [httpx] INFO: HTTP Request: POST http://comment_service:8005/comments "HTTP/1.1 200 OK"
2026-04-05 00:57:43,702 [httpx] INFO: HTTP Request: POST http://comment_service:8005/comments "HTTP/1.1 200 OK"
2026-04-05 00:57:43,749 [httpx] INFO: HTTP Request: POST http://comment_service:8005/comments "HTTP/1.1 200 OK"
2026-04-05 00:57:43,813 [httpx] INFO: HTTP Request: POST http://comment_service:8005/comments "HTTP/1.1 200 OK"
2026-04-05 00:57:43,876 [httpx] INFO: HTTP Request: POST http://comment_service:8005/comments "HTTP/1.1 200 OK"
2026-04-05 00:57:43,938 [httpx] INFO: HTTP Request: POST http://comment_service:8005/comments "HTTP/1.1 200 OK"
2026-04-05 00:57:43,998 [httpx] INFO: HTTP Request: POST http://comment_service:8005/comments "HTTP/1.1 200 OK"
2026-04-05 00:57:44,061 [httpx] INFO: HTTP Request: POST http://comment_service:8005/comments "HTTP/1.1 200 OK"
2026-04-05 00:57:44,101 [httpx] INFO: HTTP Request: POST http://comment_service:8005/comments "HTTP/1.1 200 OK"
2026-04-05 00:57:44,159 [httpx] INFO: HTTP Request: POST http://comment_service:8005/comments "HTTP/1.1 200 OK"
2026-04-05 00:57:44,211 [httpx] INFO: HTTP Request: POST http://comment_service:8005/comments "HTTP/1.1 200 OK"
2026-04-05 00:57:44,252 [httpx] INFO: HTTP Request: POST http://comment_service:8005/comments "HTTP/1.1 200 OK"
2026-04-05 00:57:44,299 [httpx] INFO: HTTP Request: POST http://comment_service:8005/comments "HTTP/1.1 200 OK"
2026-04-05 00:57:44,370 [httpx] INFO: HTTP Request: POST http://comment_service:8005/comments "HTTP/1.1 200 OK"
2026-04-05 00:57:44,416 [httpx] INFO: HTTP Request: POST http://comment_service:8005/comments "HTTP/1.1 200 OK"
2026-04-05 00:57:44,457 [httpx] INFO: HTTP Request: POST http://comment_service:8005/comments "HTTP/1.1 200 OK"
2026-04-05 00:57:44,563 [httpx] INFO: HTTP Request: POST http://comment_service:8005/comments "HTTP/1.1 200 OK"
2026-04-05 00:57:44,636 [httpx] INFO: HTTP Request: POST http://comment_service:8005/comments "HTTP/1.1 200 OK"
2026-04-05 00:57:44,685 [httpx] INFO: HTTP Request: POST http://comment_service:8005/comments "HTTP/1.1 200 OK"
2026-04-05 00:57:44,730 [httpx] INFO: HTTP Request: POST http://comment_service:8005/comments "HTTP/1.1 200 OK"
2026-04-05 00:57:44,775 [httpx] INFO: HTTP Request: POST http://comment_service:8005/comments "HTTP/1.1 200 OK"
2026-04-05 00:57:44,818 [httpx] INFO: HTTP Request: POST http://comment_service:8005/comments "HTTP/1.1 200 OK"
2026-04-05 00:57:44,861 [httpx] INFO: HTTP Request: POST http://comment_service:8005/comments "HTTP/1.1 200 OK"
2026-04-05 00:57:44,962 [httpx] INFO: HTTP Request: POST http://comment_service:8005/comments "HTTP/1.1 200 OK"
2026-04-05 00:57:45,005 [httpx] INFO: HTTP Request: POST http://comment_service:8005/comments "HTTP/1.1 200 OK"
2026-04-05 00:57:45,046 [httpx] INFO: HTTP Request: POST http://comment_service:8005/comments "HTTP/1.1 200 OK"
2026-04-05 00:57:45,096 [httpx] INFO: HTTP Request: POST http://comment_service:8005/comments "HTTP/1.1 200 OK"
2026-04-05 00:57:45,141 [httpx] INFO: HTTP Request: POST http://comment_service:8005/comments "HTTP/1.1 200 OK"
2026-04-05 00:57:45,185 [httpx] INFO: HTTP Request: POST http://comment_service:8005/comments "HTTP/1.1 200 OK"
2026-04-05 00:57:45,228 [httpx] INFO: HTTP Request: POST http://comment_service:8005/comments "HTTP/1.1 200 OK"
2026-04-05 00:57:45,279 [httpx] INFO: HTTP Request: POST http://comment_service:8005/comments "HTTP/1.1 200 OK"
2026-04-05 00:57:45,325 [httpx] INFO: HTTP Request: POST http://comment_service:8005/comments "HTTP/1.1 200 OK"
2026-04-05 00:57:45,383 [httpx] INFO: HTTP Request: POST http://comment_service:8005/comments "HTTP/1.1 200 OK"
2026-04-05 00:57:45,431 [httpx] INFO: HTTP Request: POST http://comment_service:8005/comments "HTTP/1.1 200 OK"
2026-04-05 00:57:45,476 [httpx] INFO: HTTP Request: POST http://comment_service:8005/comments "HTTP/1.1 200 OK"
2026-04-05 00:57:45,522 [httpx] INFO: HTTP Request: POST http://comment_service:8005/comments "HTTP/1.1 200 OK"
2026-04-05 00:57:45,574 [httpx] INFO: HTTP Request: POST http://comment_service:8005/comments "HTTP/1.1 200 OK"
2026-04-05 00:57:45,637 [httpx] INFO: HTTP Request: POST http://comment_service:8005/comments "HTTP/1.1 200 OK"
2026-04-05 00:57:45,710 [httpx] INFO: HTTP Request: POST http://comment_service:8005/comments "HTTP/1.1 200 OK"
2026-04-05 00:57:45,794 [httpx] INFO: HTTP Request: POST http://comment_service:8005/comments "HTTP/1.1 200 OK"
2026-04-05 00:57:45,886 [httpx] INFO: HTTP Request: POST http://comment_service:8005/comments "HTTP/1.1 200 OK"
2026-04-05 00:57:45,936 [httpx] INFO: HTTP Request: POST http://comment_service:8005/comments "HTTP/1.1 200 OK"
2026-04-05 00:57:45,983 [httpx] INFO: HTTP Request: POST http://comment_service:8005/comments "HTTP/1.1 200 OK"
2026-04-05 00:57:46,027 [httpx] INFO: HTTP Request: POST http://comment_service:8005/comments "HTTP/1.1 200 OK"
2026-04-05 00:57:46,071 [httpx] INFO: HTTP Request: POST http://comment_service:8005/comments "HTTP/1.1 200 OK"
2026-04-05 00:57:46,127 [httpx] INFO: HTTP Request: POST http://comment_service:8005/comments "HTTP/1.1 200 OK"
2026-04-05 00:57:46,169 [httpx] INFO: HTTP Request: POST http://comment_service:8005/comments "HTTP/1.1 200 OK"
2026-04-05 00:57:46,232 [httpx] INFO: HTTP Request: POST http://comment_service:8005/comments "HTTP/1.1 200 OK"
2026-04-05 00:57:46,276 [httpx] INFO: HTTP Request: POST http://comment_service:8005/comments "HTTP/1.1 200 OK"
2026-04-05 00:57:46,317 [httpx] INFO: HTTP Request: POST http://comment_service:8005/comments "HTTP/1.1 200 OK"
2026-04-05 00:57:46,361 [httpx] INFO: HTTP Request: POST http://comment_service:8005/comments "HTTP/1.1 200 OK"
2026-04-05 00:57:46,407 [httpx] INFO: HTTP Request: POST http://comment_service:8005/comments "HTTP/1.1 200 OK"
2026-04-05 00:57:46,464 [httpx] INFO: HTTP Request: POST http://comment_service:8005/comments "HTTP/1.1 200 OK"
2026-04-05 00:57:46,508 [httpx] INFO: HTTP Request: POST http://comment_service:8005/comments "HTTP/1.1 200 OK"
2026-04-05 00:57:46,553 [httpx] INFO: HTTP Request: POST http://comment_service:8005/comments "HTTP/1.1 200 OK"
2026-04-05 00:57:46,594 [httpx] INFO: HTTP Request: POST http://comment_service:8005/comments "HTTP/1.1 200 OK"
2026-04-05 00:57:46,636 [httpx] INFO: HTTP Request: POST http://comment_service:8005/comments "HTTP/1.1 200 OK"
2026-04-05 00:57:46,678 [httpx] INFO: HTTP Request: POST http://comment_service:8005/comments "HTTP/1.1 200 OK"
2026-04-05 00:57:46,725 [httpx] INFO: HTTP Request: POST http://comment_service:8005/comments "HTTP/1.1 200 OK"
2026-04-05 00:57:46,778 [httpx] INFO: HTTP Request: POST http://comment_service:8005/comments "HTTP/1.1 200 OK"
2026-04-05 00:57:46,838 [httpx] INFO: HTTP Request: POST http://comment_service:8005/comments "HTTP/1.1 200 OK"
2026-04-05 00:57:46,888 [httpx] INFO: HTTP Request: POST http://comment_service:8005/comments "HTTP/1.1 200 OK"
2026-04-05 00:57:46,932 [httpx] INFO: HTTP Request: POST http://comment_service:8005/comments "HTTP/1.1 200 OK"
2026-04-05 00:57:46,978 [httpx] INFO: HTTP Request: POST http://comment_service:8005/comments "HTTP/1.1 200 OK"
2026-04-05 00:57:47,027 [httpx] INFO: HTTP Request: POST http://comment_service:8005/comments "HTTP/1.1 200 OK"
2026-04-05 00:57:47,073 [httpx] INFO: HTTP Request: POST http://comment_service:8005/comments "HTTP/1.1 200 OK"
2026-04-05 00:57:47,119 [httpx] INFO: HTTP Request: POST http://comment_service:8005/comments "HTTP/1.1 200 OK"
2026-04-05 00:57:47,165 [httpx] INFO: HTTP Request: POST http://comment_service:8005/comments "HTTP/1.1 200 OK"
2026-04-05 00:57:47,216 [httpx] INFO: HTTP Request: POST http://comment_service:8005/comments "HTTP/1.1 200 OK"
2026-04-05 00:57:47,274 [httpx] INFO: HTTP Request: POST http://comment_service:8005/comments "HTTP/1.1 200 OK"
2026-04-05 00:57:47,323 [httpx] INFO: HTTP Request: POST http://comment_service:8005/comments "HTTP/1.1 200 OK"
2026-04-05 00:57:47,367 [httpx] INFO: HTTP Request: POST http://comment_service:8005/comments "HTTP/1.1 200 OK"
2026-04-05 00:57:47,432 [httpx] INFO: HTTP Request: POST http://comment_service:8005/comments "HTTP/1.1 200 OK"
2026-04-05 00:57:47,481 [httpx] INFO: HTTP Request: POST http://comment_service:8005/comments "HTTP/1.1 200 OK"
2026-04-05 00:57:47,528 [httpx] INFO: HTTP Request: POST http://comment_service:8005/comments "HTTP/1.1 200 OK"
2026-04-05 00:57:47,580 [httpx] INFO: HTTP Request: POST http://comment_service:8005/comments "HTTP/1.1 200 OK"
2026-04-05 00:57:47,625 [httpx] INFO: HTTP Request: POST http://comment_service:8005/comments "HTTP/1.1 200 OK"
2026-04-05 00:57:47,694 [httpx] INFO: HTTP Request: POST http://comment_service:8005/comments "HTTP/1.1 200 OK"
2026-04-05 00:57:47,744 [httpx] INFO: HTTP Request: POST http://comment_service:8005/comments "HTTP/1.1 200 OK"
2026-04-05 00:57:47,792 [httpx] INFO: HTTP Request: POST http://comment_service:8005/comments "HTTP/1.1 200 OK"
2026-04-05 00:57:47,875 [httpx] INFO: HTTP Request: POST http://comment_service:8005/comments "HTTP/1.1 200 OK"
2026-04-05 00:57:47,932 [httpx] INFO: HTTP Request: POST http://comment_service:8005/comments "HTTP/1.1 200 OK"
2026-04-05 00:57:47,988 [httpx] INFO: HTTP Request: POST http://comment_service:8005/comments "HTTP/1.1 200 OK"
2026-04-05 00:57:48,041 [httpx] INFO: HTTP Request: POST http://comment_service:8005/comments "HTTP/1.1 200 OK"
2026-04-05 00:57:48,089 [httpx] INFO: HTTP Request: POST http://comment_service:8005/comments "HTTP/1.1 200 OK"
2026-04-05 00:57:48,134 [httpx] INFO: HTTP Request: POST http://comment_service:8005/comments "HTTP/1.1 200 OK"
2026-04-05 00:57:48,178 [httpx] INFO: HTTP Request: POST http://comment_service:8005/comments "HTTP/1.1 200 OK"
2026-04-05 00:57:48,223 [httpx] INFO: HTTP Request: POST http://comment_service:8005/comments "HTTP/1.1 200 OK"
2026-04-05 00:57:48,268 [httpx] INFO: HTTP Request: POST http://comment_service:8005/comments "HTTP/1.1 200 OK"
2026-04-05 00:57:48,312 [httpx] INFO: HTTP Request: POST http://comment_service:8005/comments "HTTP/1.1 200 OK"
2026-04-05 00:57:48,385 [httpx] INFO: HTTP Request: POST http://comment_service:8005/comments "HTTP/1.1 200 OK"
2026-04-05 00:57:48,430 [httpx] INFO: HTTP Request: POST http://comment_service:8005/comments "HTTP/1.1 200 OK"
2026-04-05 00:57:48,486 [httpx] INFO: HTTP Request: POST http://comment_service:8005/comments "HTTP/1.1 200 OK"
2026-04-05 00:57:48,528 [httpx] INFO: HTTP Request: POST http://comment_service:8005/comments "HTTP/1.1 200 OK"
2026-04-05 00:57:48,567 [httpx] INFO: HTTP Request: POST http://comment_service:8005/comments "HTTP/1.1 200 OK"
2026-04-05 00:57:48,616 [httpx] INFO: HTTP Request: POST http://comment_service:8005/comments "HTTP/1.1 200 OK"
2026-04-05 00:57:48,666 [httpx] INFO: HTTP Request: POST http://comment_service:8005/comments "HTTP/1.1 200 OK"
2026-04-05 00:57:48,719 [httpx] INFO: HTTP Request: POST http://comment_service:8005/comments "HTTP/1.1 200 OK"
2026-04-05 00:57:48,763 [httpx] INFO: HTTP Request: POST http://comment_service:8005/comments "HTTP/1.1 200 OK"
2026-04-05 00:57:48,804 [httpx] INFO: HTTP Request: POST http://comment_service:8005/comments "HTTP/1.1 200 OK"
2026-04-05 00:57:48,852 [httpx] INFO: HTTP Request: POST http://comment_service:8005/comments "HTTP/1.1 200 OK"
2026-04-05 00:57:48,894 [httpx] INFO: HTTP Request: POST http://comment_service:8005/comments "HTTP/1.1 200 OK"
2026-04-05 00:57:48,935 [httpx] INFO: HTTP Request: POST http://comment_service:8005/comments "HTTP/1.1 200 OK"
2026-04-05 00:57:48,974 [httpx] INFO: HTTP Request: POST http://comment_service:8005/comments "HTTP/1.1 200 OK"
2026-04-05 00:57:49,019 [httpx] INFO: HTTP Request: POST http://comment_service:8005/comments "HTTP/1.1 200 OK"
2026-04-05 00:57:49,069 [httpx] INFO: HTTP Request: POST http://comment_service:8005/comments "HTTP/1.1 200 OK"
2026-04-05 00:57:49,112 [httpx] INFO: HTTP Request: POST http://comment_service:8005/comments "HTTP/1.1 200 OK"
2026-04-05 00:57:49,181 [httpx] INFO: HTTP Request: POST http://comment_service:8005/comments "HTTP/1.1 200 OK"
2026-04-05 00:57:49,227 [httpx] INFO: HTTP Request: POST http://comment_service:8005/comments "HTTP/1.1 200 OK"
2026-04-05 00:57:49,275 [httpx] INFO: HTTP Request: POST http://comment_service:8005/comments "HTTP/1.1 200 OK"
2026-04-05 00:57:49,321 [httpx] INFO: HTTP Request: POST http://comment_service:8005/comments "HTTP/1.1 200 OK"
2026-04-05 00:57:49,365 [httpx] INFO: HTTP Request: POST http://comment_service:8005/comments "HTTP/1.1 200 OK"
2026-04-05 00:57:49,421 [httpx] INFO: HTTP Request: POST http://comment_service:8005/comments "HTTP/1.1 200 OK"
2026-04-05 00:57:49,484 [httpx] INFO: HTTP Request: POST http://comment_service:8005/comments "HTTP/1.1 200 OK"
2026-04-05 00:57:49,533 [httpx] INFO: HTTP Request: POST http://comment_service:8005/comments "HTTP/1.1 200 OK"
2026-04-05 00:57:49,589 [httpx] INFO: HTTP Request: POST http://comment_service:8005/comments "HTTP/1.1 200 OK"
2026-04-05 00:57:49,635 [httpx] INFO: HTTP Request: POST http://comment_service:8005/comments "HTTP/1.1 200 OK"
2026-04-05 00:57:49,707 [httpx] INFO: HTTP Request: POST http://comment_service:8005/comments "HTTP/1.1 200 OK"
2026-04-05 00:57:49,752 [httpx] INFO: HTTP Request: POST http://comment_service:8005/comments "HTTP/1.1 200 OK"
2026-04-05 00:57:49,804 [httpx] INFO: HTTP Request: POST http://comment_service:8005/comments "HTTP/1.1 200 OK"
2026-04-05 00:57:49,860 [httpx] INFO: HTTP Request: POST http://comment_service:8005/comments "HTTP/1.1 200 OK"
2026-04-05 00:57:49,762 [httpx] INFO: HTTP Request: POST http://comment_service:8005/comments "HTTP/1.1 200 OK"
2026-04-05 00:57:49,819 [httpx] INFO: HTTP Request: POST http://comment_service:8005/comments "HTTP/1.1 200 OK"
2026-04-05 00:57:49,871 [httpx] INFO: HTTP Request: POST http://comment_service:8005/comments "HTTP/1.1 200 OK"
2026-04-05 00:57:49,924 [httpx] INFO: HTTP Request: POST http://comment_service:8005/comments "HTTP/1.1 200 OK"
2026-04-05 00:57:49,982 [httpx] INFO: HTTP Request: POST http://comment_service:8005/comments "HTTP/1.1 200 OK"
2026-04-05 00:57:50,032 [httpx] INFO: HTTP Request: POST http://comment_service:8005/comments "HTTP/1.1 200 OK"
2026-04-05 00:57:50,082 [httpx] INFO: HTTP Request: POST http://comment_service:8005/comments "HTTP/1.1 200 OK"
2026-04-05 00:57:50,132 [httpx] INFO: HTTP Request: POST http://comment_service:8005/comments "HTTP/1.1 200 OK"
2026-04-05 00:57:50,193 [httpx] INFO: HTTP Request: POST http://comment_service:8005/comments "HTTP/1.1 200 OK"
2026-04-05 00:57:50,246 [httpx] INFO: HTTP Request: POST http://comment_service:8005/comments "HTTP/1.1 200 OK"
2026-04-05 00:57:50,293 [httpx] INFO: HTTP Request: POST http://comment_service:8005/comments "HTTP/1.1 200 OK"
2026-04-05 00:57:50,349 [httpx] INFO: HTTP Request: POST http://comment_service:8005/comments/95/like "HTTP/1.1 200 OK"
2026-04-05 00:57:50,393 [httpx] INFO: HTTP Request: POST http://comment_service:8005/comments/77/like "HTTP/1.1 200 OK"
2026-04-05 00:57:50,436 [httpx] INFO: HTTP Request: POST http://comment_service:8005/comments/82/like "HTTP/1.1 200 OK"
2026-04-05 00:57:50,482 [httpx] INFO: HTTP Request: POST http://comment_service:8005/comments/63/like "HTTP/1.1 200 OK"
2026-04-05 00:57:50,543 [httpx] INFO: HTTP Request: POST http://comment_service:8005/comments/62/like "HTTP/1.1 200 OK"
2026-04-05 00:57:50,604 [httpx] INFO: HTTP Request: POST http://comment_service:8005/comments/10/like "HTTP/1.1 200 OK"
2026-04-05 00:57:50,655 [httpx] INFO: HTTP Request: POST http://comment_service:8005/comments/96/like "HTTP/1.1 200 OK"
2026-04-05 00:57:50,696 [httpx] INFO: HTTP Request: POST http://comment_service:8005/comments/70/like "HTTP/1.1 200 OK"
2026-04-05 00:57:50,735 [httpx] INFO: HTTP Request: POST http://comment_service:8005/comments/107/like "HTTP/1.1 200 OK"
2026-04-05 00:57:50,779 [httpx] INFO: HTTP Request: POST http://comment_service:8005/comments/98/like "HTTP/1.1 200 OK"
2026-04-05 00:57:50,825 [httpx] INFO: HTTP Request: POST http://comment_service:8005/comments/115/like "HTTP/1.1 200 OK"
2026-04-05 00:57:50,865 [httpx] INFO: HTTP Request: POST http://comment_service:8005/comments/26/like "HTTP/1.1 200 OK"
2026-04-05 00:57:50,920 [httpx] INFO: HTTP Request: POST http://comment_service:8005/comments/80/like "HTTP/1.1 200 OK"
2026-04-05 00:57:50,964 [httpx] INFO: HTTP Request: POST http://comment_service:8005/comments/45/like "HTTP/1.1 200 OK"
2026-04-05 00:57:51,011 [httpx] INFO: HTTP Request: POST http://comment_service:8005/comments/44/like "HTTP/1.1 200 OK"
2026-04-05 00:57:51,063 [httpx] INFO: HTTP Request: POST http://comment_service:8005/comments/118/like "HTTP/1.1 200 OK"
2026-04-05 00:57:51,106 [httpx] INFO: HTTP Request: POST http://comment_service:8005/comments/34/like "HTTP/1.1 200 OK"
2026-04-05 00:57:51,149 [httpx] INFO: HTTP Request: POST http://comment_service:8005/comments/105/like "HTTP/1.1 200 OK"
2026-04-05 00:57:51,191 [httpx] INFO: HTTP Request: POST http://comment_service:8005/comments/39/like "HTTP/1.1 200 OK"
2026-04-05 00:57:51,235 [httpx] INFO: HTTP Request: POST http://comment_service:8005/comments/12/like "HTTP/1.1 200 OK"
2026-04-05 00:57:51,277 [httpx] INFO: HTTP Request: POST http://comment_service:8005/comments/126/like "HTTP/1.1 200 OK"
2026-04-05 00:57:51,319 [httpx] INFO: HTTP Request: POST http://comment_service:8005/comments/46/like "HTTP/1.1 200 OK"
2026-04-05 00:57:51,366 [httpx] INFO: HTTP Request: POST http://comment_service:8005/comments/11/like "HTTP/1.1 200 OK"
2026-04-05 00:57:51,409 [httpx] INFO: HTTP Request: POST http://comment_service:8005/comments/1/like "HTTP/1.1 200 OK"
2026-04-05 00:57:51,452 [httpx] INFO: HTTP Request: POST http://comment_service:8005/comments/42/like "HTTP/1.1 200 OK"
2026-04-05 00:57:51,473 [httpx] INFO: HTTP Request: DELETE http://community_service:8006/communities/1/leave "HTTP/1.1 200 OK"
2026-04-05 00:57:51,495 [httpx] INFO: HTTP Request: DELETE http://community_service:8006/communities/1/leave "HTTP/1.1 200 OK"
2026-04-05 00:59:11,994 [httpx] INFO: HTTP Request: GET http://user_service:8002/auth/me "HTTP/1.1 401 Unauthorized"
2026-04-05 00:59:12,009 [httpx] INFO: HTTP Request: GET http://user_service:8002/auth/me "HTTP/1.1 401 Unauthorized"
2026-04-05 00:59:22,539 [httpx] INFO: HTTP Request: POST http://user_service:8002/auth/login "HTTP/1.1 200 OK"
2026-04-05 00:59:30,329 [httpx] INFO: HTTP Request: POST http://user_service:8002/auth/login "HTTP/1.1 200 OK"
2026-04-05 01:00:59,100 [httpx] INFO: HTTP Request: GET http://user_service:8002/auth/me "HTTP/1.1 200 OK"
2026-04-05 01:00:59,117 [httpx] INFO: HTTP Request: GET http://user_service:8002/auth/me "HTTP/1.1 200 OK"
2026-04-05 01:02:15,115 [httpx] INFO: HTTP Request: GET http://user_service:8002/auth/me "HTTP/1.1 200 OK"
2026-04-05 01:02:15,133 [httpx] INFO: HTTP Request: GET http://user_service:8002/auth/me "HTTP/1.1 200 OK"
2026-04-05 01:02:15,245 [httpx] INFO: HTTP Request: GET http://thread_service:8003/threads?sort_by=newest&skip=0&limit=10 "HTTP/1.1 200 OK"
2026-04-05 01:02:15,248 [app.core.cache] INFO: Cache SET: gw:/threads?sort_by=newest&skip=0&limit=10 (TTL=60s)
2026-04-05 01:02:15,256 [app.core.cache] INFO: Cache HIT: gw:/threads?sort_by=newest&skip=0&limit=10
2026-04-05 01:02:15,340 [httpx] INFO: HTTP Request: GET http://notification_service:8007/notifications/unread-count "HTTP/1.1 200 OK"
2026-04-05 01:02:22,587 [app.core.token_blacklist] INFO: Token blacklisted (TTL=5227s)
2026-04-05 01:02:22,642 [app.core.cache] INFO: Cache HIT: gw:/threads?sort_by=newest&skip=0&limit=10
2026-04-05 01:02:22,646 [app.core.cache] INFO: Cache HIT: gw:/threads?sort_by=newest&skip=0&limit=10
2026-04-05 01:02:33,368 [httpx] INFO: HTTP Request: POST http://user_service:8002/auth/login "HTTP/1.1 200 OK"
2026-04-05 01:02:33,387 [httpx] INFO: HTTP Request: GET http://notification_service:8007/notifications/unread-count "HTTP/1.1 200 OK"
2026-04-05 01:02:33,416 [httpx] INFO: HTTP Request: GET http://notification_service:8007/notifications/unread-count "HTTP/1.1 200 OK"
2026-04-05 01:02:33,427 [app.core.cache] INFO: Cache HIT: gw:/threads?sort_by=newest&skip=0&limit=10
2026-04-05 01:02:33,431 [app.core.cache] INFO: Cache HIT: gw:/threads?sort_by=newest&skip=0&limit=10
2026-04-05 01:02:35,430 [httpx] INFO: HTTP Request: GET http://notification_service:8007/notifications?skip=0&limit=15 "HTTP/1.1 200 OK"
2026-04-05 01:02:35,445 [httpx] INFO: HTTP Request: GET http://notification_service:8007/notifications?skip=0&limit=15 "HTTP/1.1 200 OK"
2026-04-05 01:02:36,500 [app.core.cache] INFO: Cache HIT: gw:/threads?sort_by=newest&skip=0&limit=10
2026-04-05 01:02:36,512 [app.core.cache] INFO: Cache HIT: gw:/threads?sort_by=newest&skip=0&limit=10
2026-04-05 01:02:38,157 [httpx] INFO: HTTP Request: GET http://notification_service:8007/notifications?skip=0&limit=15 "HTTP/1.1 200 OK"
2026-04-05 01:02:38,177 [httpx] INFO: HTTP Request: GET http://notification_service:8007/notifications?skip=0&limit=15 "HTTP/1.1 200 OK"
2026-04-05 01:02:39,422 [httpx] INFO: HTTP Request: PUT http://notification_service:8007/notifications/read-all "HTTP/1.1 200 OK"
2026-04-05 01:02:39,449 [httpx] INFO: HTTP Request: GET http://notification_service:8007/notifications?skip=0&limit=15 "HTTP/1.1 200 OK"
2026-04-05 01:02:39,471 [httpx] INFO: HTTP Request: GET http://notification_service:8007/notifications/unread-count "HTTP/1.1 200 OK"
2026-04-05 01:02:41,414 [app.core.cache] INFO: Cache HIT: gw:/threads?sort_by=newest&skip=0&limit=10
2026-04-05 01:02:41,423 [app.core.cache] INFO: Cache HIT: gw:/threads?sort_by=newest&skip=0&limit=10
2026-04-05 01:02:48,507 [httpx] INFO: HTTP Request: GET http://notification_service:8007/notifications/unread-count "HTTP/1.1 200 OK"
2026-04-05 01:02:58,711 [httpx] INFO: HTTP Request: GET http://user_service:8002/users/me/dashboard "HTTP/1.1 200 OK"
2026-04-05 01:02:58,726 [httpx] INFO: HTTP Request: GET http://user_service:8002/users/me/dashboard "HTTP/1.1 200 OK"
2026-04-05 01:03:02,129 [httpx] INFO: HTTP Request: GET http://user_service:8002/users/me/dashboard "HTTP/1.1 200 OK"
2026-04-05 01:03:02,149 [httpx] INFO: HTTP Request: GET http://user_service:8002/users/me/dashboard "HTTP/1.1 200 OK"
2026-04-05 01:03:03,443 [httpx] INFO: HTTP Request: GET http://notification_service:8007/notifications/unread-count "HTTP/1.1 200 OK"
2026-04-05 01:03:06,633 [httpx] INFO: HTTP Request: GET http://user_service:8002/users/me/dashboard "HTTP/1.1 200 OK"
2026-04-05 01:03:06,655 [httpx] INFO: HTTP Request: GET http://user_service:8002/users/me/dashboard "HTTP/1.1 200 OK"
2026-04-05 01:03:17,764 [httpx] INFO: HTTP Request: GET http://thread_service:8003/threads?sort_by=newest&skip=0&limit=10 "HTTP/1.1 200 OK"
2026-04-05 01:03:17,771 [app.core.cache] INFO: Cache SET: gw:/threads?sort_by=newest&skip=0&limit=10 (TTL=60s)
2026-04-05 01:03:17,777 [app.core.cache] INFO: Cache HIT: gw:/threads?sort_by=newest&skip=0&limit=10
2026-04-05 01:03:18,505 [httpx] INFO: HTTP Request: GET http://notification_service:8007/notifications/unread-count "HTTP/1.1 200 OK"
2026-04-05 01:03:23,248 [httpx] INFO: HTTP Request: GET http://community_service:8006/communities?skip=0&limit=12 "HTTP/1.1 200 OK"
2026-04-05 01:03:23,250 [app.core.cache] INFO: Cache SET: gw:/communities?skip=0&limit=12 (TTL=60s)
2026-04-05 01:03:23,258 [app.core.cache] INFO: Cache HIT: gw:/communities?skip=0&limit=12
2026-04-05 01:03:26,224 [httpx] INFO: HTTP Request: GET http://community_service:8006/communities/cloud-architecture "HTTP/1.1 200 OK"
2026-04-05 01:03:26,227 [app.core.cache] INFO: Cache SET: gw:/communities/cloud-architecture (TTL=60s)
2026-04-05 01:03:26,237 [app.core.cache] INFO: Cache HIT: gw:/communities/cloud-architecture
2026-04-05 01:03:26,263 [httpx] INFO: HTTP Request: GET http://community_service:8006/communities/cloud-architecture/members "HTTP/1.1 200 OK"
2026-04-05 01:03:26,267 [app.core.cache] INFO: Cache SET: gw:/communities/cloud-architecture/members (TTL=60s)
2026-04-05 01:03:26,274 [app.core.cache] INFO: Cache HIT: gw:/communities/cloud-architecture/members
2026-04-05 01:03:26,306 [httpx] INFO: HTTP Request: GET http://thread_service:8003/threads?community_id=7 "HTTP/1.1 200 OK"
2026-04-05 01:03:26,309 [app.core.cache] INFO: Cache SET: gw:/threads?community_id=7 (TTL=60s)
2026-04-05 01:03:32,389 [httpx] INFO: HTTP Request: GET http://user_service:8002/users/me/dashboard "HTTP/1.1 200 OK"
2026-04-05 01:03:32,406 [httpx] INFO: HTTP Request: GET http://user_service:8002/users/me/dashboard "HTTP/1.1 200 OK"
2026-04-05 01:03:33,426 [httpx] INFO: HTTP Request: GET http://notification_service:8007/notifications/unread-count "HTTP/1.1 200 OK"
2026-04-05 01:03:36,158 [httpx] INFO: HTTP Request: GET http://community_service:8006/communities/my "HTTP/1.1 200 OK"
2026-04-05 01:03:37,945 [httpx] INFO: HTTP Request: GET http://thread_service:8003/threads?limit=50 "HTTP/1.1 200 OK"
2026-04-05 01:03:37,948 [app.core.cache] INFO: Cache SET: gw:/threads?limit=50 (TTL=60s)
2026-04-05 01:03:40,561 [httpx] INFO: HTTP Request: GET http://community_service:8006/communities/my "HTTP/1.1 200 OK"
2026-04-05 01:03:44,414 [httpx] INFO: HTTP Request: GET http://user_service:8002/users/me/dashboard "HTTP/1.1 200 OK"
2026-04-05 01:03:46,619 [app.core.cache] INFO: Cache HIT: gw:/communities?skip=0&limit=12
2026-04-05 01:03:46,628 [app.core.cache] INFO: Cache HIT: gw:/communities?skip=0&limit=12
2026-04-05 01:03:48,030 [app.core.cache] INFO: Cache HIT: gw:/threads?sort_by=newest&skip=0&limit=10
2026-04-05 01:03:48,037 [app.core.cache] INFO: Cache HIT: gw:/threads?sort_by=newest&skip=0&limit=10
2026-04-05 01:03:48,506 [httpx] INFO: HTTP Request: GET http://notification_service:8007/notifications/unread-count "HTTP/1.1 200 OK"
2026-04-05 01:03:48,933 [app.core.cache] INFO: Cache HIT: gw:/communities?skip=0&limit=12
2026-04-05 01:03:48,938 [app.core.cache] INFO: Cache HIT: gw:/communities?skip=0&limit=12
2026-04-05 01:03:53,309 [httpx] INFO: HTTP Request: GET http://user_service:8002/users/me/dashboard "HTTP/1.1 200 OK"
2026-04-05 01:03:53,332 [httpx] INFO: HTTP Request: GET http://user_service:8002/users/me/dashboard "HTTP/1.1 200 OK"
2026-04-05 01:04:03,702 [httpx] INFO: HTTP Request: GET http://notification_service:8007/notifications/unread-count "HTTP/1.1 200 OK"
2026-04-05 01:04:18,756 [httpx] INFO: HTTP Request: GET http://notification_service:8007/notifications/unread-count "HTTP/1.1 200 OK"
2026-04-05 01:04:33,692 [httpx] INFO: HTTP Request: GET http://notification_service:8007/notifications/unread-count "HTTP/1.1 200 OK"
2026-04-05 01:04:48,730 [httpx] INFO: HTTP Request: GET http://notification_service:8007/notifications/unread-count "HTTP/1.1 200 OK"
2026-04-05 01:05:49,719 [httpx] INFO: HTTP Request: GET http://notification_service:8007/notifications/unread-count "HTTP/1.1 200 OK"
2026-04-05 01:06:50,685 [httpx] INFO: HTTP Request: GET http://notification_service:8007/notifications/unread-count "HTTP/1.1 200 OK"
2026-04-05 01:07:51,674 [httpx] INFO: HTTP Request: GET http://notification_service:8007/notifications/unread-count "HTTP/1.1 200 OK"
2026-04-05 01:08:20,003 [httpx] INFO: HTTP Request: POST http://user_service:8002/auth/login "HTTP/1.1 200 OK"
2026-04-05 01:08:32,300 [httpx] INFO: HTTP Request: GET http://user_service:8002/auth/me "HTTP/1.1 200 OK"
2026-04-05 01:08:52,675 [httpx] INFO: HTTP Request: GET http://notification_service:8007/notifications/unread-count "HTTP/1.1 200 OK"
2026-04-05 01:09:02,620 [httpx] INFO: HTTP Request: GET http://user_service:8002/auth/me "HTTP/1.1 200 OK"
2026-04-05 01:09:02,638 [httpx] INFO: HTTP Request: GET http://user_service:8002/auth/me "HTTP/1.1 200 OK"
2026-04-05 01:09:02,858 [httpx] INFO: HTTP Request: GET http://user_service:8002/users/me/dashboard "HTTP/1.1 200 OK"
2026-04-05 01:09:02,861 [httpx] INFO: HTTP Request: GET http://notification_service:8007/notifications/unread-count "HTTP/1.1 200 OK"
2026-04-05 01:09:02,876 [httpx] INFO: HTTP Request: GET http://user_service:8002/users/me/dashboard "HTTP/1.1 200 OK"
2026-04-05 01:09:18,708 [httpx] INFO: HTTP Request: GET http://notification_service:8007/notifications/unread-count "HTTP/1.1 200 OK"
2026-04-05 01:09:33,684 [httpx] INFO: HTTP Request: GET http://notification_service:8007/notifications/unread-count "HTTP/1.1 200 OK"
2026-04-05 01:09:48,439 [httpx] INFO: HTTP Request: GET http://notification_service:8007/notifications/unread-count "HTTP/1.1 200 OK"
2026-04-05 01:10:03,685 [httpx] INFO: HTTP Request: GET http://notification_service:8007/notifications/unread-count "HTTP/1.1 200 OK"
2026-04-05 01:10:18,710 [httpx] INFO: HTTP Request: GET http://notification_service:8007/notifications/unread-count "HTTP/1.1 200 OK"
2026-04-05 01:10:33,737 [httpx] INFO: HTTP Request: GET http://notification_service:8007/notifications/unread-count "HTTP/1.1 200 OK"
2026-04-05 01:10:48,686 [httpx] INFO: HTTP Request: GET http://notification_service:8007/notifications/unread-count "HTTP/1.1 200 OK"
2026-04-05 01:11:49,692 [httpx] INFO: HTTP Request: GET http://notification_service:8007/notifications/unread-count "HTTP/1.1 200 OK"
2026-04-05 01:12:09,177 [httpx] INFO: HTTP Request: GET http://user_service:8002/auth/me "HTTP/1.1 200 OK"
2026-04-05 01:12:50,637 [httpx] INFO: HTTP Request: GET http://notification_service:8007/notifications/unread-count "HTTP/1.1 200 OK"
2026-04-05 01:13:12,162 [httpx] INFO: HTTP Request: GET http://thread_service:8003/threads?limit=3 "HTTP/1.1 200 OK"
2026-04-05 01:13:12,165 [app.core.cache] INFO: Cache SET: gw:/threads?limit=3 (TTL=60s)
2026-04-05 01:13:19,614 [httpx] INFO: HTTP Request: GET http://thread_service:8003/threads?limit=2 "HTTP/1.1 200 OK"
2026-04-05 01:13:19,616 [app.core.cache] INFO: Cache SET: gw:/threads?limit=2 (TTL=60s)
2026-04-05 01:13:26,319 [httpx] INFO: HTTP Request: GET http://community_service:8006/communities?limit=2 "HTTP/1.1 200 OK"
2026-04-05 01:13:26,321 [app.core.cache] INFO: Cache SET: gw:/communities?limit=2 (TTL=60s)
2026-04-05 01:13:33,783 [httpx] INFO: HTTP Request: GET http://user_service:8002/users/me/dashboard "HTTP/1.1 200 OK"
2026-04-05 01:13:42,306 [httpx] INFO: HTTP Request: GET http://user_service:8002/users/me/dashboard "HTTP/1.1 200 OK"
2026-04-05 01:13:51,661 [httpx] INFO: HTTP Request: GET http://notification_service:8007/notifications/unread-count "HTTP/1.1 200 OK"
2026-04-05 01:14:05,670 [httpx] INFO: HTTP Request: GET http://user_service:8002/users/admin/users "HTTP/1.1 200 OK"
2026-04-05 01:14:21,067 [httpx] INFO: HTTP Request: GET http://user_service:8002/users/admin/users "HTTP/1.1 200 OK"
2026-04-05 01:14:27,595 [httpx] INFO: HTTP Request: GET http://thread_service:8003/reports?limit=5 "HTTP/1.1 200 OK"
2026-04-05 01:14:40,879 [httpx] INFO: HTTP Request: GET http://thread_service:8003/reports?limit=5&status=pending "HTTP/1.1 200 OK"
2026-04-05 01:14:52,659 [httpx] INFO: HTTP Request: GET http://notification_service:8007/notifications/unread-count "HTTP/1.1 200 OK"
2026-04-05 01:15:53,638 [app.core.cache] INFO: Redis connected at redis://redis:6379
2026-04-05 01:15:53,846 [httpx] INFO: HTTP Request: GET http://notification_service:8007/notifications/unread-count "HTTP/1.1 200 OK"
2026-04-05 01:16:12,986 [httpx] INFO: HTTP Request: POST http://user_service:8002/users/register "HTTP/1.1 409 Conflict"
2026-04-05 01:16:13,630 [httpx] INFO: HTTP Request: POST http://user_service:8002/users/register "HTTP/1.1 200 OK"
2026-04-05 01:16:14,060 [httpx] INFO: HTTP Request: POST http://user_service:8002/users/register "HTTP/1.1 200 OK"
2026-04-05 01:16:14,645 [httpx] INFO: HTTP Request: POST http://user_service:8002/users/register "HTTP/1.1 200 OK"
2026-04-05 01:16:15,241 [httpx] INFO: HTTP Request: POST http://user_service:8002/users/register "HTTP/1.1 200 OK"
2026-04-05 01:16:15,836 [httpx] INFO: HTTP Request: POST http://user_service:8002/users/register "HTTP/1.1 200 OK"
2026-04-05 01:16:16,447 [httpx] INFO: HTTP Request: POST http://user_service:8002/users/register "HTTP/1.1 200 OK"
2026-04-05 01:16:17,086 [httpx] INFO: HTTP Request: POST http://user_service:8002/users/register "HTTP/1.1 200 OK"
2026-04-05 01:16:17,702 [httpx] INFO: HTTP Request: POST http://user_service:8002/users/register "HTTP/1.1 200 OK"
2026-04-05 01:16:18,357 [httpx] INFO: HTTP Request: POST http://user_service:8002/users/register "HTTP/1.1 200 OK"
2026-04-05 01:16:19,004 [httpx] INFO: HTTP Request: POST http://user_service:8002/users/register "HTTP/1.1 200 OK"
2026-04-05 01:16:19,598 [httpx] INFO: HTTP Request: POST http://user_service:8002/users/register "HTTP/1.1 200 OK"
2026-04-05 01:16:20,264 [httpx] INFO: HTTP Request: POST http://user_service:8002/users/register "HTTP/1.1 200 OK"
2026-04-05 01:16:20,896 [httpx] INFO: HTTP Request: POST http://user_service:8002/users/register "HTTP/1.1 200 OK"
2026-04-05 01:16:21,538 [httpx] INFO: HTTP Request: POST http://user_service:8002/users/register "HTTP/1.1 200 OK"
2026-04-05 01:16:22,147 [httpx] INFO: HTTP Request: POST http://user_service:8002/users/register "HTTP/1.1 200 OK"
2026-04-05 01:16:22,768 [httpx] INFO: HTTP Request: POST http://user_service:8002/users/register "HTTP/1.1 200 OK"
2026-04-05 01:16:23,327 [httpx] INFO: HTTP Request: POST http://user_service:8002/users/register "HTTP/1.1 200 OK"
2026-04-05 01:16:23,922 [httpx] INFO: HTTP Request: POST http://user_service:8002/users/register "HTTP/1.1 200 OK"
2026-04-05 01:16:24,472 [httpx] INFO: HTTP Request: POST http://user_service:8002/users/register "HTTP/1.1 200 OK"
2026-04-05 01:16:30,090 [httpx] INFO: HTTP Request: POST http://user_service:8002/auth/login "HTTP/1.1 200 OK"
2026-04-05 01:16:30,847 [httpx] INFO: HTTP Request: POST http://user_service:8002/auth/login "HTTP/1.1 200 OK"
2026-04-05 01:16:31,604 [httpx] INFO: HTTP Request: POST http://user_service:8002/auth/login "HTTP/1.1 200 OK"
2026-04-05 01:16:32,392 [httpx] INFO: HTTP Request: POST http://user_service:8002/auth/login "HTTP/1.1 200 OK"
2026-04-05 01:16:33,133 [httpx] INFO: HTTP Request: POST http://user_service:8002/auth/login "HTTP/1.1 200 OK"
2026-04-05 01:16:33,885 [httpx] INFO: HTTP Request: POST http://user_service:8002/auth/login "HTTP/1.1 200 OK"
2026-04-05 01:16:34,617 [httpx] INFO: HTTP Request: POST http://user_service:8002/auth/login "HTTP/1.1 200 OK"
2026-04-05 01:16:35,362 [httpx] INFO: HTTP Request: POST http://user_service:8002/auth/login "HTTP/1.1 200 OK"
2026-04-05 01:16:36,114 [httpx] INFO: HTTP Request: POST http://user_service:8002/auth/login "HTTP/1.1 200 OK"
2026-04-05 01:16:36,874 [httpx] INFO: HTTP Request: POST http://user_service:8002/auth/login "HTTP/1.1 200 OK"
2026-04-05 01:16:37,636 [httpx] INFO: HTTP Request: POST http://user_service:8002/auth/login "HTTP/1.1 200 OK"
2026-04-05 01:16:38,403 [httpx] INFO: HTTP Request: POST http://user_service:8002/auth/login "HTTP/1.1 200 OK"
2026-04-05 01:16:39,164 [httpx] INFO: HTTP Request: POST http://user_service:8002/auth/login "HTTP/1.1 200 OK"
2026-04-05 01:16:39,913 [httpx] INFO: HTTP Request: POST http://user_service:8002/auth/login "HTTP/1.1 200 OK"
2026-04-05 01:16:40,654 [httpx] INFO: HTTP Request: POST http://user_service:8002/auth/login "HTTP/1.1 200 OK"
2026-04-05 01:16:41,394 [httpx] INFO: HTTP Request: POST http://user_service:8002/auth/login "HTTP/1.1 200 OK"
2026-04-05 01:16:42,136 [httpx] INFO: HTTP Request: POST http://user_service:8002/auth/login "HTTP/1.1 200 OK"
2026-04-05 01:16:42,917 [httpx] INFO: HTTP Request: POST http://user_service:8002/auth/login "HTTP/1.1 200 OK"
2026-04-05 01:16:43,571 [httpx] INFO: HTTP Request: POST http://user_service:8002/auth/login "HTTP/1.1 200 OK"
2026-04-05 01:16:44,372 [httpx] INFO: HTTP Request: POST http://user_service:8002/auth/login "HTTP/1.1 200 OK"
2026-04-05 01:16:44,887 [httpx] INFO: HTTP Request: GET http://user_service:8002/users/admin/users "HTTP/1.1 200 OK"
2026-04-05 01:16:44,906 [httpx] INFO: HTTP Request: GET http://user_service:8002/users/admin/users "HTTP/1.1 200 OK"
2026-04-05 01:16:44,925 [httpx] INFO: HTTP Request: GET http://user_service:8002/auth/me "HTTP/1.1 200 OK"
2026-04-05 01:16:45,139 [httpx] INFO: HTTP Request: PUT http://user_service:8002/users/2 "HTTP/1.1 200 OK"
2026-04-05 01:16:45,276 [httpx] INFO: HTTP Request: POST http://community_service:8006/communities "HTTP/1.1 200 OK"
2026-04-05 01:16:45,322 [httpx] INFO: HTTP Request: POST http://community_service:8006/communities "HTTP/1.1 200 OK"
2026-04-05 01:16:45,389 [httpx] INFO: HTTP Request: POST http://community_service:8006/communities "HTTP/1.1 200 OK"
2026-04-05 01:16:45,429 [httpx] INFO: HTTP Request: POST http://community_service:8006/communities "HTTP/1.1 200 OK"
2026-04-05 01:16:45,469 [httpx] INFO: HTTP Request: POST http://community_service:8006/communities "HTTP/1.1 200 OK"
2026-04-05 01:16:45,518 [httpx] INFO: HTTP Request: POST http://community_service:8006/communities "HTTP/1.1 200 OK"
2026-04-05 01:16:45,565 [httpx] INFO: HTTP Request: POST http://community_service:8006/communities "HTTP/1.1 200 OK"
2026-04-05 01:16:45,601 [httpx] INFO: HTTP Request: POST http://community_service:8006/communities "HTTP/1.1 200 OK"
2026-04-05 01:16:45,645 [httpx] INFO: HTTP Request: POST http://community_service:8006/communities/1/join "HTTP/1.1 200 OK"
2026-04-05 01:16:45,672 [httpx] INFO: HTTP Request: POST http://community_service:8006/communities/1/join "HTTP/1.1 200 OK"
2026-04-05 01:16:45,702 [httpx] INFO: HTTP Request: GET http://notification_service:8007/notifications/unread-count "HTTP/1.1 200 OK"
2026-04-05 01:16:45,725 [httpx] INFO: HTTP Request: POST http://community_service:8006/communities/1/join "HTTP/1.1 200 OK"
2026-04-05 01:16:45,763 [httpx] INFO: HTTP Request: POST http://community_service:8006/communities/1/join "HTTP/1.1 200 OK"
2026-04-05 01:16:45,787 [httpx] INFO: HTTP Request: POST http://community_service:8006/communities/1/join "HTTP/1.1 200 OK"
2026-04-05 01:16:45,827 [httpx] INFO: HTTP Request: POST http://community_service:8006/communities/1/join "HTTP/1.1 200 OK"
2026-04-05 01:16:45,850 [httpx] INFO: HTTP Request: GET http://notification_service:8007/notifications/unread-count "HTTP/1.1 200 OK"
2026-04-05 01:16:45,858 [httpx] INFO: HTTP Request: POST http://community_service:8006/communities/1/join "HTTP/1.1 200 OK"
2026-04-05 01:16:45,878 [httpx] INFO: HTTP Request: POST http://community_service:8006/communities/1/join "HTTP/1.1 200 OK"
2026-04-05 01:16:45,916 [httpx] INFO: HTTP Request: POST http://community_service:8006/communities/1/join "HTTP/1.1 200 OK"
2026-04-05 01:16:45,956 [httpx] INFO: HTTP Request: POST http://community_service:8006/communities/1/join "HTTP/1.1 200 OK"
2026-04-05 01:16:45,985 [httpx] INFO: HTTP Request: GET http://notification_service:8007/notifications/unread-count "HTTP/1.1 200 OK"
2026-04-05 01:16:45,996 [httpx] INFO: HTTP Request: POST http://community_service:8006/communities/1/join "HTTP/1.1 200 OK"
2026-04-05 01:16:46,007 [httpx] INFO: HTTP Request: GET http://notification_service:8007/notifications/unread-count "HTTP/1.1 200 OK"
2026-04-05 01:16:46,018 [httpx] INFO: HTTP Request: POST http://community_service:8006/communities/1/join "HTTP/1.1 400 Bad Request"
2026-04-05 01:16:46,029 [httpx] INFO: HTTP Request: GET http://notification_service:8007/notifications/unread-count "HTTP/1.1 200 OK"
2026-04-05 01:16:46,057 [httpx] INFO: HTTP Request: POST http://community_service:8006/communities/1/join "HTTP/1.1 200 OK"
2026-04-05 01:16:46,069 [httpx] INFO: HTTP Request: GET http://notification_service:8007/notifications/unread-count "HTTP/1.1 200 OK"
2026-04-05 01:16:46,088 [httpx] INFO: HTTP Request: GET http://notification_service:8007/notifications/unread-count "HTTP/1.1 200 OK"
2026-04-05 01:16:46,101 [httpx] INFO: HTTP Request: POST http://community_service:8006/communities/1/join "HTTP/1.1 200 OK"
2026-04-05 01:16:46,106 [httpx] INFO: HTTP Request: GET http://notification_service:8007/notifications/unread-count "HTTP/1.1 200 OK"
2026-04-05 01:16:46,128 [httpx] INFO: HTTP Request: GET http://notification_service:8007/notifications/unread-count "HTTP/1.1 200 OK"
2026-04-05 01:16:46,135 [httpx] INFO: HTTP Request: POST http://community_service:8006/communities/2/join "HTTP/1.1 200 OK"
2026-04-05 01:16:46,155 [httpx] INFO: HTTP Request: GET http://notification_service:8007/notifications/unread-count "HTTP/1.1 200 OK"
2026-04-05 01:16:46,167 [httpx] INFO: HTTP Request: POST http://community_service:8006/communities/2/join "HTTP/1.1 200 OK"
2026-04-05 01:16:46,180 [httpx] INFO: HTTP Request: GET http://notification_service:8007/notifications/unread-count "HTTP/1.1 200 OK"
2026-04-05 01:16:46,193 [httpx] INFO: HTTP Request: POST http://community_service:8006/communities/2/join "HTTP/1.1 200 OK"
2026-04-05 01:16:46,198 [httpx] INFO: HTTP Request: GET http://notification_service:8007/notifications/unread-count "HTTP/1.1 200 OK"
2026-04-05 01:16:46,231 [httpx] INFO: HTTP Request: GET http://notification_service:8007/notifications/unread-count "HTTP/1.1 200 OK"
2026-04-05 01:16:46,235 [httpx] INFO: HTTP Request: POST http://community_service:8006/communities/2/join "HTTP/1.1 200 OK"
2026-04-05 01:16:46,259 [httpx] INFO: HTTP Request: POST http://community_service:8006/communities/2/join "HTTP/1.1 200 OK"
2026-04-05 01:16:46,283 [httpx] INFO: HTTP Request: POST http://community_service:8006/communities/2/join "HTTP/1.1 200 OK"
2026-04-05 01:16:46,307 [httpx] INFO: HTTP Request: POST http://community_service:8006/communities/2/join "HTTP/1.1 200 OK"
2026-04-05 01:16:46,330 [httpx] INFO: HTTP Request: POST http://community_service:8006/communities/2/join "HTTP/1.1 200 OK"
2026-04-05 01:16:46,353 [httpx] INFO: HTTP Request: POST http://community_service:8006/communities/2/join "HTTP/1.1 200 OK"
2026-04-05 01:16:46,376 [httpx] INFO: HTTP Request: POST http://community_service:8006/communities/2/join "HTTP/1.1 200 OK"
2026-04-05 01:16:46,398 [httpx] INFO: HTTP Request: POST http://community_service:8006/communities/2/join "HTTP/1.1 200 OK"
2026-04-05 01:16:46,420 [httpx] INFO: HTTP Request: POST http://community_service:8006/communities/2/join "HTTP/1.1 200 OK"
2026-04-05 01:16:46,442 [httpx] INFO: HTTP Request: POST http://community_service:8006/communities/3/join "HTTP/1.1 200 OK"
2026-04-05 01:16:46,471 [httpx] INFO: HTTP Request: POST http://community_service:8006/communities/3/join "HTTP/1.1 200 OK"
2026-04-05 01:16:46,498 [httpx] INFO: HTTP Request: POST http://community_service:8006/communities/3/join "HTTP/1.1 200 OK"
2026-04-05 01:16:46,525 [httpx] INFO: HTTP Request: POST http://community_service:8006/communities/3/join "HTTP/1.1 200 OK"
2026-04-05 01:16:46,548 [httpx] INFO: HTTP Request: POST http://community_service:8006/communities/3/join "HTTP/1.1 200 OK"
2026-04-05 01:16:46,570 [httpx] INFO: HTTP Request: POST http://community_service:8006/communities/3/join "HTTP/1.1 200 OK"
2026-04-05 01:16:46,594 [httpx] INFO: HTTP Request: POST http://community_service:8006/communities/3/join "HTTP/1.1 200 OK"
2026-04-05 01:16:46,646 [httpx] INFO: HTTP Request: POST http://community_service:8006/communities/3/join "HTTP/1.1 200 OK"
2026-04-05 01:16:46,677 [httpx] INFO: HTTP Request: POST http://community_service:8006/communities/3/join "HTTP/1.1 200 OK"
2026-04-05 01:16:46,699 [httpx] INFO: HTTP Request: POST http://community_service:8006/communities/3/join "HTTP/1.1 200 OK"
2026-04-05 01:16:46,738 [httpx] INFO: HTTP Request: POST http://community_service:8006/communities/3/join "HTTP/1.1 200 OK"
2026-04-05 01:16:46,759 [httpx] INFO: HTTP Request: POST http://community_service:8006/communities/3/join "HTTP/1.1 200 OK"
2026-04-05 01:16:46,782 [httpx] INFO: HTTP Request: POST http://community_service:8006/communities/4/join "HTTP/1.1 200 OK"
2026-04-05 01:16:46,805 [httpx] INFO: HTTP Request: POST http://community_service:8006/communities/4/join "HTTP/1.1 200 OK"
2026-04-05 01:16:46,825 [httpx] INFO: HTTP Request: POST http://community_service:8006/communities/4/join "HTTP/1.1 200 OK"
2026-04-05 01:16:46,846 [httpx] INFO: HTTP Request: POST http://community_service:8006/communities/4/join "HTTP/1.1 200 OK"
2026-04-05 01:16:46,868 [httpx] INFO: HTTP Request: POST http://community_service:8006/communities/4/join "HTTP/1.1 200 OK"
2026-04-05 01:16:46,890 [httpx] INFO: HTTP Request: POST http://community_service:8006/communities/4/join "HTTP/1.1 200 OK"
2026-04-05 01:16:46,928 [httpx] INFO: HTTP Request: POST http://community_service:8006/communities/4/join "HTTP/1.1 200 OK"
2026-04-05 01:16:46,951 [httpx] INFO: HTTP Request: POST http://community_service:8006/communities/4/join "HTTP/1.1 200 OK"
2026-04-05 01:16:46,973 [httpx] INFO: HTTP Request: POST http://community_service:8006/communities/4/join "HTTP/1.1 200 OK"
2026-04-05 01:16:46,993 [httpx] INFO: HTTP Request: POST http://community_service:8006/communities/4/join "HTTP/1.1 200 OK"
2026-04-05 01:16:47,016 [httpx] INFO: HTTP Request: POST http://community_service:8006/communities/4/join "HTTP/1.1 200 OK"
2026-04-05 01:16:47,039 [httpx] INFO: HTTP Request: POST http://community_service:8006/communities/4/join "HTTP/1.1 200 OK"
2026-04-05 01:16:47,060 [httpx] INFO: HTTP Request: POST http://community_service:8006/communities/4/join "HTTP/1.1 200 OK"
2026-04-05 01:16:47,083 [httpx] INFO: HTTP Request: POST http://community_service:8006/communities/4/join "HTTP/1.1 200 OK"
2026-04-05 01:16:47,104 [httpx] INFO: HTTP Request: POST http://community_service:8006/communities/5/join "HTTP/1.1 200 OK"
2026-04-05 01:16:47,127 [httpx] INFO: HTTP Request: POST http://community_service:8006/communities/5/join "HTTP/1.1 200 OK"
2026-04-05 01:16:47,149 [httpx] INFO: HTTP Request: POST http://community_service:8006/communities/5/join "HTTP/1.1 200 OK"
2026-04-05 01:16:47,169 [httpx] INFO: HTTP Request: POST http://community_service:8006/communities/5/join "HTTP/1.1 200 OK"
2026-04-05 01:16:47,193 [httpx] INFO: HTTP Request: POST http://community_service:8006/communities/5/join "HTTP/1.1 200 OK"
2026-04-05 01:16:47,218 [httpx] INFO: HTTP Request: POST http://community_service:8006/communities/5/join "HTTP/1.1 200 OK"
2026-04-05 01:16:47,243 [httpx] INFO: HTTP Request: POST http://community_service:8006/communities/5/join "HTTP/1.1 200 OK"
2026-04-05 01:16:47,260 [httpx] INFO: HTTP Request: POST http://community_service:8006/communities/5/join "HTTP/1.1 400 Bad Request"
2026-04-05 01:16:47,281 [httpx] INFO: HTTP Request: POST http://community_service:8006/communities/5/join "HTTP/1.1 200 OK"
2026-04-05 01:16:47,303 [httpx] INFO: HTTP Request: POST http://community_service:8006/communities/5/join "HTTP/1.1 200 OK"
2026-04-05 01:16:47,348 [httpx] INFO: HTTP Request: POST http://community_service:8006/communities/5/join "HTTP/1.1 200 OK"
2026-04-05 01:16:47,386 [httpx] INFO: HTTP Request: POST http://community_service:8006/communities/5/join "HTTP/1.1 200 OK"
2026-04-05 01:16:47,409 [httpx] INFO: HTTP Request: POST http://community_service:8006/communities/6/join "HTTP/1.1 200 OK"
2026-04-05 01:16:47,431 [httpx] INFO: HTTP Request: POST http://community_service:8006/communities/6/join "HTTP/1.1 200 OK"
2026-04-05 01:16:47,452 [httpx] INFO: HTTP Request: POST http://community_service:8006/communities/6/join "HTTP/1.1 200 OK"
2026-04-05 01:16:47,475 [httpx] INFO: HTTP Request: POST http://community_service:8006/communities/6/join "HTTP/1.1 200 OK"
2026-04-05 01:16:47,497 [httpx] INFO: HTTP Request: POST http://community_service:8006/communities/6/join "HTTP/1.1 200 OK"
2026-04-05 01:16:47,518 [httpx] INFO: HTTP Request: POST http://community_service:8006/communities/6/join "HTTP/1.1 200 OK"
2026-04-05 01:16:47,539 [httpx] INFO: HTTP Request: POST http://community_service:8006/communities/6/join "HTTP/1.1 200 OK"
2026-04-05 01:16:47,562 [httpx] INFO: HTTP Request: POST http://community_service:8006/communities/6/join "HTTP/1.1 200 OK"
2026-04-05 01:16:47,582 [httpx] INFO: HTTP Request: POST http://community_service:8006/communities/6/join "HTTP/1.1 200 OK"
2026-04-05 01:16:47,603 [httpx] INFO: HTTP Request: POST http://community_service:8006/communities/6/join "HTTP/1.1 200 OK"
2026-04-05 01:16:47,625 [httpx] INFO: HTTP Request: POST http://community_service:8006/communities/7/join "HTTP/1.1 200 OK"
2026-04-05 01:16:47,646 [httpx] INFO: HTTP Request: POST http://community_service:8006/communities/7/join "HTTP/1.1 200 OK"
2026-04-05 01:16:47,663 [httpx] INFO: HTTP Request: POST http://community_service:8006/communities/7/join "HTTP/1.1 400 Bad Request"
2026-04-05 01:16:47,682 [httpx] INFO: HTTP Request: POST http://community_service:8006/communities/7/join "HTTP/1.1 200 OK"
2026-04-05 01:16:47,706 [httpx] INFO: HTTP Request: POST http://community_service:8006/communities/7/join "HTTP/1.1 200 OK"
2026-04-05 01:16:47,741 [httpx] INFO: HTTP Request: POST http://community_service:8006/communities/7/join "HTTP/1.1 200 OK"
2026-04-05 01:16:47,762 [httpx] INFO: HTTP Request: POST http://community_service:8006/communities/7/join "HTTP/1.1 200 OK"
2026-04-05 01:16:47,782 [httpx] INFO: HTTP Request: POST http://community_service:8006/communities/7/join "HTTP/1.1 200 OK"
2026-04-05 01:16:47,805 [httpx] INFO: HTTP Request: POST http://community_service:8006/communities/7/join "HTTP/1.1 200 OK"
2026-04-05 01:16:47,827 [httpx] INFO: HTTP Request: POST http://community_service:8006/communities/7/join "HTTP/1.1 200 OK"
2026-04-05 01:16:47,846 [httpx] INFO: HTTP Request: POST http://community_service:8006/communities/8/join "HTTP/1.1 200 OK"
2026-04-05 01:16:47,868 [httpx] INFO: HTTP Request: POST http://community_service:8006/communities/8/join "HTTP/1.1 200 OK"
2026-04-05 01:16:47,883 [httpx] INFO: HTTP Request: POST http://community_service:8006/communities/8/join "HTTP/1.1 400 Bad Request"
2026-04-05 01:16:47,907 [httpx] INFO: HTTP Request: POST http://community_service:8006/communities/8/join "HTTP/1.1 200 OK"
2026-04-05 01:16:47,927 [httpx] INFO: HTTP Request: POST http://community_service:8006/communities/8/join "HTTP/1.1 200 OK"
2026-04-05 01:16:47,947 [httpx] INFO: HTTP Request: POST http://community_service:8006/communities/8/join "HTTP/1.1 200 OK"
2026-04-05 01:16:47,969 [httpx] INFO: HTTP Request: POST http://community_service:8006/communities/8/join "HTTP/1.1 200 OK"
2026-04-05 01:16:48,018 [httpx] INFO: HTTP Request: POST http://community_service:8006/communities/8/join "HTTP/1.1 200 OK"
2026-04-05 01:16:48,041 [httpx] INFO: HTTP Request: POST http://community_service:8006/communities/8/join "HTTP/1.1 200 OK"
2026-04-05 01:16:48,290 [httpx] INFO: HTTP Request: POST http://thread_service:8003/threads "HTTP/1.1 200 OK"
2026-04-05 01:16:48,351 [httpx] INFO: HTTP Request: POST http://thread_service:8003/threads "HTTP/1.1 200 OK"
2026-04-05 01:16:48,413 [httpx] INFO: HTTP Request: POST http://thread_service:8003/threads "HTTP/1.1 200 OK"
2026-04-05 01:16:48,473 [httpx] INFO: HTTP Request: POST http://thread_service:8003/threads "HTTP/1.1 200 OK"
2026-04-05 01:16:48,527 [httpx] INFO: HTTP Request: POST http://thread_service:8003/threads "HTTP/1.1 200 OK"
2026-04-05 01:16:48,579 [httpx] INFO: HTTP Request: POST http://thread_service:8003/threads "HTTP/1.1 200 OK"
2026-04-05 01:16:48,631 [httpx] INFO: HTTP Request: POST http://thread_service:8003/threads "HTTP/1.1 200 OK"
2026-04-05 01:16:48,683 [httpx] INFO: HTTP Request: POST http://thread_service:8003/threads "HTTP/1.1 200 OK"
2026-04-05 01:16:48,737 [httpx] INFO: HTTP Request: POST http://thread_service:8003/threads "HTTP/1.1 200 OK"
2026-04-05 01:16:48,800 [httpx] INFO: HTTP Request: POST http://thread_service:8003/threads "HTTP/1.1 200 OK"
2026-04-05 01:16:48,811 [httpx] INFO: HTTP Request: GET http://notification_service:8007/notifications/unread-count "HTTP/1.1 200 OK"
2026-04-05 01:16:48,853 [httpx] INFO: HTTP Request: POST http://thread_service:8003/threads "HTTP/1.1 200 OK"
2026-04-05 01:16:48,920 [httpx] INFO: HTTP Request: POST http://thread_service:8003/threads "HTTP/1.1 200 OK"
2026-04-05 01:16:48,977 [httpx] INFO: HTTP Request: POST http://thread_service:8003/threads "HTTP/1.1 200 OK"
2026-04-05 01:16:49,033 [httpx] INFO: HTTP Request: POST http://thread_service:8003/threads "HTTP/1.1 200 OK"
2026-04-05 01:16:49,090 [httpx] INFO: HTTP Request: POST http://thread_service:8003/threads "HTTP/1.1 200 OK"
2026-04-05 01:16:49,151 [httpx] INFO: HTTP Request: POST http://thread_service:8003/threads "HTTP/1.1 200 OK"
2026-04-05 01:16:49,215 [httpx] INFO: HTTP Request: POST http://thread_service:8003/threads "HTTP/1.1 200 OK"
2026-04-05 01:16:49,273 [httpx] INFO: HTTP Request: GET http://notification_service:8007/notifications/unread-count "HTTP/1.1 200 OK"
2026-04-05 01:16:49,288 [httpx] INFO: HTTP Request: POST http://thread_service:8003/threads "HTTP/1.1 200 OK"
2026-04-05 01:16:49,342 [httpx] INFO: HTTP Request: POST http://thread_service:8003/threads "HTTP/1.1 200 OK"
2026-04-05 01:16:49,391 [httpx] INFO: HTTP Request: POST http://thread_service:8003/threads "HTTP/1.1 200 OK"
2026-04-05 01:16:49,434 [httpx] INFO: HTTP Request: POST http://thread_service:8003/threads/1/like "HTTP/1.1 200 OK"
2026-04-05 01:16:49,462 [httpx] INFO: HTTP Request: POST http://thread_service:8003/threads/1/like "HTTP/1.1 200 OK"
2026-04-05 01:16:49,488 [httpx] INFO: HTTP Request: POST http://thread_service:8003/threads/1/like "HTTP/1.1 200 OK"
2026-04-05 01:16:49,514 [httpx] INFO: HTTP Request: POST http://thread_service:8003/threads/1/like "HTTP/1.1 200 OK"
2026-04-05 01:16:49,543 [httpx] INFO: HTTP Request: POST http://thread_service:8003/threads/1/like "HTTP/1.1 200 OK"
2026-04-05 01:16:49,589 [httpx] INFO: HTTP Request: GET http://notification_service:8007/notifications/unread-count "HTTP/1.1 200 OK"
2026-04-05 01:16:49,601 [httpx] INFO: HTTP Request: POST http://thread_service:8003/threads/1/like "HTTP/1.1 200 OK"
2026-04-05 01:16:49,613 [httpx] INFO: HTTP Request: GET http://notification_service:8007/notifications/unread-count "HTTP/1.1 200 OK"
2026-04-05 01:16:49,628 [httpx] INFO: HTTP Request: POST http://thread_service:8003/threads/1/like "HTTP/1.1 200 OK"
2026-04-05 01:16:49,632 [httpx] INFO: HTTP Request: GET http://notification_service:8007/notifications/unread-count "HTTP/1.1 200 OK"
2026-04-05 01:16:49,652 [httpx] INFO: HTTP Request: GET http://notification_service:8007/notifications/unread-count "HTTP/1.1 200 OK"
2026-04-05 01:16:49,665 [httpx] INFO: HTTP Request: POST http://thread_service:8003/threads/1/like "HTTP/1.1 200 OK"
2026-04-05 01:16:49,677 [httpx] INFO: HTTP Request: GET http://notification_service:8007/notifications/unread-count "HTTP/1.1 200 OK"
2026-04-05 01:16:49,696 [httpx] INFO: HTTP Request: POST http://thread_service:8003/threads/2/like "HTTP/1.1 200 OK"
2026-04-05 01:16:49,697 [httpx] INFO: HTTP Request: GET http://notification_service:8007/notifications/unread-count "HTTP/1.1 200 OK"
2026-04-05 01:16:49,726 [httpx] INFO: HTTP Request: POST http://thread_service:8003/threads/2/like "HTTP/1.1 200 OK"
2026-04-05 01:16:49,753 [httpx] INFO: HTTP Request: POST http://thread_service:8003/threads/2/like "HTTP/1.1 200 OK"
2026-04-05 01:16:49,761 [httpx] INFO: HTTP Request: GET http://notification_service:8007/notifications/unread-count "HTTP/1.1 200 OK"
2026-04-05 01:16:49,779 [httpx] INFO: HTTP Request: GET http://notification_service:8007/notifications/unread-count "HTTP/1.1 200 OK"
2026-04-05 01:16:49,788 [httpx] INFO: HTTP Request: POST http://thread_service:8003/threads/2/like "HTTP/1.1 200 OK"
2026-04-05 01:16:49,814 [httpx] INFO: HTTP Request: POST http://thread_service:8003/threads/2/like "HTTP/1.1 200 OK"
2026-04-05 01:16:49,842 [httpx] INFO: HTTP Request: POST http://thread_service:8003/threads/2/like "HTTP/1.1 200 OK"
2026-04-05 01:16:49,866 [httpx] INFO: HTTP Request: POST http://thread_service:8003/threads/3/like "HTTP/1.1 200 OK"
2026-04-05 01:16:49,893 [httpx] INFO: HTTP Request: POST http://thread_service:8003/threads/3/like "HTTP/1.1 200 OK"
2026-04-05 01:16:49,918 [httpx] INFO: HTTP Request: POST http://thread_service:8003/threads/3/like "HTTP/1.1 200 OK"
2026-04-05 01:16:49,945 [httpx] INFO: HTTP Request: POST http://thread_service:8003/threads/3/like "HTTP/1.1 200 OK"
2026-04-05 01:16:49,969 [httpx] INFO: HTTP Request: POST http://thread_service:8003/threads/4/like "HTTP/1.1 200 OK"
2026-04-05 01:16:49,996 [httpx] INFO: HTTP Request: POST http://thread_service:8003/threads/4/like "HTTP/1.1 200 OK"
2026-04-05 01:16:50,021 [httpx] INFO: HTTP Request: POST http://thread_service:8003/threads/4/like "HTTP/1.1 200 OK"
2026-04-05 01:16:50,048 [httpx] INFO: HTTP Request: POST http://thread_service:8003/threads/4/like "HTTP/1.1 200 OK"
2026-04-05 01:16:50,075 [httpx] INFO: HTTP Request: POST http://thread_service:8003/threads/4/like "HTTP/1.1 200 OK"
2026-04-05 01:16:50,101 [httpx] INFO: HTTP Request: POST http://thread_service:8003/threads/4/like "HTTP/1.1 200 OK"
2026-04-05 01:16:50,127 [httpx] INFO: HTTP Request: POST http://thread_service:8003/threads/4/like "HTTP/1.1 200 OK"
2026-04-05 01:16:50,154 [httpx] INFO: HTTP Request: POST http://thread_service:8003/threads/4/like "HTTP/1.1 200 OK"
2026-04-05 01:16:50,181 [httpx] INFO: HTTP Request: POST http://thread_service:8003/threads/5/like "HTTP/1.1 200 OK"
2026-04-05 01:16:50,210 [httpx] INFO: HTTP Request: POST http://thread_service:8003/threads/5/like "HTTP/1.1 200 OK"
2026-04-05 01:16:50,264 [httpx] INFO: HTTP Request: POST http://thread_service:8003/threads/5/like "HTTP/1.1 200 OK"
2026-04-05 01:16:50,291 [httpx] INFO: HTTP Request: POST http://thread_service:8003/threads/5/like "HTTP/1.1 200 OK"
2026-04-05 01:16:50,323 [httpx] INFO: HTTP Request: POST http://thread_service:8003/threads/5/like "HTTP/1.1 200 OK"
2026-04-05 01:16:50,349 [httpx] INFO: HTTP Request: POST http://thread_service:8003/threads/6/like "HTTP/1.1 200 OK"
2026-04-05 01:16:50,375 [httpx] INFO: HTTP Request: POST http://thread_service:8003/threads/6/like "HTTP/1.1 200 OK"
2026-04-05 01:16:50,402 [httpx] INFO: HTTP Request: POST http://thread_service:8003/threads/6/like "HTTP/1.1 200 OK"
2026-04-05 01:16:50,432 [httpx] INFO: HTTP Request: POST http://thread_service:8003/threads/6/like "HTTP/1.1 200 OK"
2026-04-05 01:16:50,461 [httpx] INFO: HTTP Request: POST http://thread_service:8003/threads/6/like "HTTP/1.1 200 OK"
2026-04-05 01:16:50,489 [httpx] INFO: HTTP Request: POST http://thread_service:8003/threads/6/like "HTTP/1.1 200 OK"
2026-04-05 01:16:50,515 [httpx] INFO: HTTP Request: POST http://thread_service:8003/threads/6/like "HTTP/1.1 200 OK"
2026-04-05 01:16:50,542 [httpx] INFO: HTTP Request: POST http://thread_service:8003/threads/7/like "HTTP/1.1 200 OK"
2026-04-05 01:16:50,564 [httpx] INFO: HTTP Request: POST http://thread_service:8003/threads/7/like "HTTP/1.1 200 OK"
2026-04-05 01:16:50,590 [httpx] INFO: HTTP Request: POST http://thread_service:8003/threads/7/like "HTTP/1.1 200 OK"
2026-04-05 01:16:50,619 [httpx] INFO: HTTP Request: POST http://thread_service:8003/threads/8/like "HTTP/1.1 200 OK"
2026-04-05 01:16:50,646 [httpx] INFO: HTTP Request: POST http://thread_service:8003/threads/8/like "HTTP/1.1 200 OK"
2026-04-05 01:16:50,670 [httpx] INFO: HTTP Request: POST http://thread_service:8003/threads/8/like "HTTP/1.1 200 OK"
2026-04-05 01:16:50,701 [httpx] INFO: HTTP Request: POST http://thread_service:8003/threads/8/like "HTTP/1.1 200 OK"
2026-04-05 01:16:50,734 [httpx] INFO: HTTP Request: POST http://thread_service:8003/threads/8/like "HTTP/1.1 200 OK"
2026-04-05 01:16:50,771 [httpx] INFO: HTTP Request: POST http://thread_service:8003/threads/8/like "HTTP/1.1 200 OK"
2026-04-05 01:16:50,805 [httpx] INFO: HTTP Request: POST http://thread_service:8003/threads/8/like "HTTP/1.1 200 OK"
2026-04-05 01:16:50,842 [httpx] INFO: HTTP Request: POST http://thread_service:8003/threads/9/like "HTTP/1.1 200 OK"
2026-04-05 01:16:50,873 [httpx] INFO: HTTP Request: POST http://thread_service:8003/threads/9/like "HTTP/1.1 200 OK"
2026-04-05 01:16:50,902 [httpx] INFO: HTTP Request: POST http://thread_service:8003/threads/9/like "HTTP/1.1 200 OK"
2026-04-05 01:16:50,932 [httpx] INFO: HTTP Request: POST http://thread_service:8003/threads/9/like "HTTP/1.1 200 OK"
2026-04-05 01:16:50,958 [httpx] INFO: HTTP Request: POST http://thread_service:8003/threads/9/like "HTTP/1.1 200 OK"
2026-04-05 01:16:50,987 [httpx] INFO: HTTP Request: POST http://thread_service:8003/threads/9/like "HTTP/1.1 200 OK"
2026-04-05 01:16:51,018 [httpx] INFO: HTTP Request: POST http://thread_service:8003/threads/9/like "HTTP/1.1 200 OK"
2026-04-05 01:16:51,050 [httpx] INFO: HTTP Request: POST http://thread_service:8003/threads/10/like "HTTP/1.1 200 OK"
2026-04-05 01:16:51,088 [httpx] INFO: HTTP Request: POST http://thread_service:8003/threads/10/like "HTTP/1.1 200 OK"
2026-04-05 01:16:51,118 [httpx] INFO: HTTP Request: POST http://thread_service:8003/threads/10/like "HTTP/1.1 200 OK"
2026-04-05 01:16:51,145 [httpx] INFO: HTTP Request: POST http://thread_service:8003/threads/10/like "HTTP/1.1 200 OK"
2026-04-05 01:16:51,196 [httpx] INFO: HTTP Request: POST http://thread_service:8003/threads/10/like "HTTP/1.1 200 OK"
2026-04-05 01:16:51,225 [httpx] INFO: HTTP Request: POST http://thread_service:8003/threads/10/like "HTTP/1.1 200 OK"
2026-04-05 01:16:51,255 [httpx] INFO: HTTP Request: POST http://thread_service:8003/threads/10/like "HTTP/1.1 200 OK"
2026-04-05 01:16:51,283 [httpx] INFO: HTTP Request: POST http://thread_service:8003/threads/10/like "HTTP/1.1 200 OK"
2026-04-05 01:16:51,309 [httpx] INFO: HTTP Request: POST http://thread_service:8003/threads/11/like "HTTP/1.1 200 OK"
2026-04-05 01:16:51,343 [httpx] INFO: HTTP Request: POST http://thread_service:8003/threads/11/like "HTTP/1.1 200 OK"
2026-04-05 01:16:51,372 [httpx] INFO: HTTP Request: POST http://thread_service:8003/threads/11/like "HTTP/1.1 200 OK"
2026-04-05 01:16:51,397 [httpx] INFO: HTTP Request: POST http://thread_service:8003/threads/11/like "HTTP/1.1 200 OK"
2026-04-05 01:16:51,421 [httpx] INFO: HTTP Request: POST http://thread_service:8003/threads/11/like "HTTP/1.1 200 OK"
2026-04-05 01:16:51,447 [httpx] INFO: HTTP Request: POST http://thread_service:8003/threads/12/like "HTTP/1.1 200 OK"
2026-04-05 01:16:51,473 [httpx] INFO: HTTP Request: POST http://thread_service:8003/threads/12/like "HTTP/1.1 200 OK"
2026-04-05 01:16:51,499 [httpx] INFO: HTTP Request: POST http://thread_service:8003/threads/12/like "HTTP/1.1 200 OK"
2026-04-05 01:16:51,533 [httpx] INFO: HTTP Request: POST http://thread_service:8003/threads/12/like "HTTP/1.1 200 OK"
2026-04-05 01:16:51,561 [httpx] INFO: HTTP Request: POST http://thread_service:8003/threads/12/like "HTTP/1.1 200 OK"
2026-04-05 01:16:51,594 [httpx] INFO: HTTP Request: POST http://thread_service:8003/threads/12/like "HTTP/1.1 200 OK"
2026-04-05 01:16:51,622 [httpx] INFO: HTTP Request: POST http://thread_service:8003/threads/12/like "HTTP/1.1 200 OK"
2026-04-05 01:16:51,645 [httpx] INFO: HTTP Request: POST http://thread_service:8003/threads/13/like "HTTP/1.1 200 OK"
2026-04-05 01:16:51,672 [httpx] INFO: HTTP Request: POST http://thread_service:8003/threads/13/like "HTTP/1.1 200 OK"
2026-04-05 01:16:51,706 [httpx] INFO: HTTP Request: POST http://thread_service:8003/threads/13/like "HTTP/1.1 200 OK"
2026-04-05 01:16:51,740 [httpx] INFO: HTTP Request: POST http://thread_service:8003/threads/14/like "HTTP/1.1 200 OK"
2026-04-05 01:16:51,767 [httpx] INFO: HTTP Request: POST http://thread_service:8003/threads/14/like "HTTP/1.1 200 OK"
2026-04-05 01:16:51,793 [httpx] INFO: HTTP Request: POST http://thread_service:8003/threads/14/like "HTTP/1.1 200 OK"
2026-04-05 01:16:51,819 [httpx] INFO: HTTP Request: POST http://thread_service:8003/threads/14/like "HTTP/1.1 200 OK"
2026-04-05 01:16:51,844 [httpx] INFO: HTTP Request: POST http://thread_service:8003/threads/14/like "HTTP/1.1 200 OK"
2026-04-05 01:16:51,867 [httpx] INFO: HTTP Request: POST http://thread_service:8003/threads/15/like "HTTP/1.1 200 OK"
2026-04-05 01:16:51,892 [httpx] INFO: HTTP Request: POST http://thread_service:8003/threads/15/like "HTTP/1.1 200 OK"
2026-04-05 01:16:51,917 [httpx] INFO: HTTP Request: POST http://thread_service:8003/threads/15/like "HTTP/1.1 200 OK"
2026-04-05 01:16:51,945 [httpx] INFO: HTTP Request: POST http://thread_service:8003/threads/15/like "HTTP/1.1 200 OK"
2026-04-05 01:16:51,970 [httpx] INFO: HTTP Request: POST http://thread_service:8003/threads/16/like "HTTP/1.1 200 OK"
2026-04-05 01:16:52,018 [httpx] INFO: HTTP Request: POST http://thread_service:8003/threads/16/like "HTTP/1.1 200 OK"
2026-04-05 01:16:52,042 [httpx] INFO: HTTP Request: POST http://thread_service:8003/threads/16/like "HTTP/1.1 200 OK"
2026-04-05 01:16:52,068 [httpx] INFO: HTTP Request: POST http://thread_service:8003/threads/16/like "HTTP/1.1 200 OK"
2026-04-05 01:16:52,094 [httpx] INFO: HTTP Request: POST http://thread_service:8003/threads/16/like "HTTP/1.1 200 OK"
2026-04-05 01:16:52,143 [httpx] INFO: HTTP Request: POST http://thread_service:8003/threads/16/like "HTTP/1.1 200 OK"
2026-04-05 01:16:52,188 [httpx] INFO: HTTP Request: POST http://thread_service:8003/threads/17/like "HTTP/1.1 200 OK"
2026-04-05 01:16:52,228 [httpx] INFO: HTTP Request: POST http://thread_service:8003/threads/17/like "HTTP/1.1 200 OK"
2026-04-05 01:16:52,264 [httpx] INFO: HTTP Request: POST http://thread_service:8003/threads/17/like "HTTP/1.1 200 OK"
2026-04-05 01:16:52,296 [httpx] INFO: HTTP Request: POST http://thread_service:8003/threads/17/like "HTTP/1.1 200 OK"
2026-04-05 01:16:52,324 [httpx] INFO: HTTP Request: POST http://thread_service:8003/threads/17/like "HTTP/1.1 200 OK"
2026-04-05 01:16:52,350 [httpx] INFO: HTTP Request: POST http://thread_service:8003/threads/17/like "HTTP/1.1 200 OK"
2026-04-05 01:16:52,379 [httpx] INFO: HTTP Request: POST http://thread_service:8003/threads/17/like "HTTP/1.1 200 OK"
2026-04-05 01:16:52,407 [httpx] INFO: HTTP Request: POST http://thread_service:8003/threads/17/like "HTTP/1.1 200 OK"
2026-04-05 01:16:52,434 [httpx] INFO: HTTP Request: POST http://thread_service:8003/threads/18/like "HTTP/1.1 200 OK"
2026-04-05 01:16:52,460 [httpx] INFO: HTTP Request: POST http://thread_service:8003/threads/18/like "HTTP/1.1 200 OK"
2026-04-05 01:16:52,486 [httpx] INFO: HTTP Request: POST http://thread_service:8003/threads/18/like "HTTP/1.1 200 OK"
2026-04-05 01:16:52,512 [httpx] INFO: HTTP Request: POST http://thread_service:8003/threads/18/like "HTTP/1.1 200 OK"
2026-04-05 01:16:52,539 [httpx] INFO: HTTP Request: POST http://thread_service:8003/threads/18/like "HTTP/1.1 200 OK"
2026-04-05 01:16:52,565 [httpx] INFO: HTTP Request: POST http://thread_service:8003/threads/18/like "HTTP/1.1 200 OK"
2026-04-05 01:16:52,591 [httpx] INFO: HTTP Request: POST http://thread_service:8003/threads/18/like "HTTP/1.1 200 OK"
2026-04-05 01:16:52,617 [httpx] INFO: HTTP Request: POST http://thread_service:8003/threads/19/like "HTTP/1.1 200 OK"
2026-04-05 01:16:52,643 [httpx] INFO: HTTP Request: POST http://thread_service:8003/threads/19/like "HTTP/1.1 200 OK"
2026-04-05 01:16:52,668 [httpx] INFO: HTTP Request: POST http://thread_service:8003/threads/19/like "HTTP/1.1 200 OK"
2026-04-05 01:16:52,694 [httpx] INFO: HTTP Request: POST http://thread_service:8003/threads/19/like "HTTP/1.1 200 OK"
2026-04-05 01:16:52,720 [httpx] INFO: HTTP Request: POST http://thread_service:8003/threads/19/like "HTTP/1.1 200 OK"
2026-04-05 01:16:52,744 [httpx] INFO: HTTP Request: POST http://thread_service:8003/threads/19/like "HTTP/1.1 200 OK"
2026-04-05 01:16:52,767 [httpx] INFO: HTTP Request: POST http://thread_service:8003/threads/20/like "HTTP/1.1 200 OK"
2026-04-05 01:16:52,794 [httpx] INFO: HTTP Request: POST http://thread_service:8003/threads/20/like "HTTP/1.1 200 OK"
2026-04-05 01:16:52,819 [httpx] INFO: HTTP Request: POST http://thread_service:8003/threads/20/like "HTTP/1.1 200 OK"
2026-04-05 01:16:52,863 [httpx] INFO: HTTP Request: POST http://thread_service:8003/threads/20/like "HTTP/1.1 200 OK"
2026-04-05 01:16:52,889 [httpx] INFO: HTTP Request: POST http://thread_service:8003/threads/20/like "HTTP/1.1 200 OK"
2026-04-05 01:16:53,209 [httpx] INFO: HTTP Request: POST http://comment_service:8005/comments "HTTP/1.1 200 OK"
2026-04-05 01:16:53,239 [httpx] INFO: HTTP Request: GET http://notification_service:8007/notifications/unread-count "HTTP/1.1 200 OK"
2026-04-05 01:16:53,283 [httpx] INFO: HTTP Request: POST http://comment_service:8005/comments "HTTP/1.1 200 OK"
2026-04-05 01:16:53,311 [httpx] INFO: HTTP Request: GET http://notification_service:8007/notifications/unread-count "HTTP/1.1 200 OK"
2026-04-05 01:16:53,363 [httpx] INFO: HTTP Request: POST http://comment_service:8005/comments "HTTP/1.1 200 OK"
2026-04-05 01:16:53,394 [httpx] INFO: HTTP Request: GET http://notification_service:8007/notifications/unread-count "HTTP/1.1 200 OK"
2026-04-05 01:16:53,412 [httpx] INFO: HTTP Request: POST http://comment_service:8005/comments "HTTP/1.1 200 OK"
2026-04-05 01:16:53,476 [httpx] INFO: HTTP Request: POST http://comment_service:8005/comments "HTTP/1.1 200 OK"
2026-04-05 01:16:53,500 [httpx] INFO: HTTP Request: GET http://notification_service:8007/notifications/unread-count "HTTP/1.1 200 OK"
2026-04-05 01:16:53,549 [httpx] INFO: HTTP Request: POST http://comment_service:8005/comments "HTTP/1.1 200 OK"
2026-04-05 01:16:53,590 [httpx] INFO: HTTP Request: GET http://notification_service:8007/notifications/unread-count "HTTP/1.1 200 OK"
2026-04-05 01:16:53,616 [httpx] INFO: HTTP Request: POST http://comment_service:8005/comments "HTTP/1.1 200 OK"
2026-04-05 01:16:53,695 [httpx] INFO: HTTP Request: POST http://comment_service:8005/comments "HTTP/1.1 200 OK"
2026-04-05 01:16:53,781 [httpx] INFO: HTTP Request: POST http://comment_service:8005/comments "HTTP/1.1 200 OK"
2026-04-05 01:16:53,847 [httpx] INFO: HTTP Request: POST http://comment_service:8005/comments "HTTP/1.1 200 OK"
2026-04-05 01:16:53,894 [httpx] INFO: HTTP Request: POST http://comment_service:8005/comments "HTTP/1.1 200 OK"
2026-04-05 01:16:53,954 [httpx] INFO: HTTP Request: POST http://comment_service:8005/comments "HTTP/1.1 200 OK"
2026-04-05 01:16:54,019 [httpx] INFO: HTTP Request: POST http://comment_service:8005/comments "HTTP/1.1 200 OK"
2026-04-05 01:16:54,084 [httpx] INFO: HTTP Request: POST http://comment_service:8005/comments "HTTP/1.1 200 OK"
2026-04-05 01:16:54,136 [httpx] INFO: HTTP Request: POST http://comment_service:8005/comments "HTTP/1.1 200 OK"
2026-04-05 01:16:54,186 [httpx] INFO: HTTP Request: POST http://comment_service:8005/comments "HTTP/1.1 200 OK"
2026-04-05 01:16:54,233 [httpx] INFO: HTTP Request: POST http://comment_service:8005/comments "HTTP/1.1 200 OK"
2026-04-05 01:16:54,301 [httpx] INFO: HTTP Request: POST http://comment_service:8005/comments "HTTP/1.1 200 OK"
2026-04-05 01:16:54,366 [httpx] INFO: HTTP Request: POST http://comment_service:8005/comments "HTTP/1.1 200 OK"
2026-04-05 01:16:54,477 [httpx] INFO: HTTP Request: POST http://comment_service:8005/comments "HTTP/1.1 200 OK"
2026-04-05 01:16:54,531 [httpx] INFO: HTTP Request: POST http://comment_service:8005/comments "HTTP/1.1 200 OK"
2026-04-05 01:16:54,587 [httpx] INFO: HTTP Request: POST http://comment_service:8005/comments "HTTP/1.1 200 OK"
2026-04-05 01:16:54,678 [httpx] INFO: HTTP Request: GET http://notification_service:8007/notifications/unread-count "HTTP/1.1 200 OK"
2026-04-05 01:16:54,697 [httpx] INFO: HTTP Request: POST http://comment_service:8005/comments "HTTP/1.1 200 OK"
2026-04-05 01:16:54,753 [httpx] INFO: HTTP Request: POST http://comment_service:8005/comments "HTTP/1.1 200 OK"
2026-04-05 01:16:54,808 [httpx] INFO: HTTP Request: POST http://comment_service:8005/comments "HTTP/1.1 200 OK"
2026-04-05 01:16:54,859 [httpx] INFO: HTTP Request: POST http://comment_service:8005/comments "HTTP/1.1 200 OK"
2026-04-05 01:16:54,926 [httpx] INFO: HTTP Request: POST http://comment_service:8005/comments "HTTP/1.1 200 OK"
2026-04-05 01:16:54,988 [httpx] INFO: HTTP Request: POST http://comment_service:8005/comments "HTTP/1.1 200 OK"
2026-04-05 01:16:55,051 [httpx] INFO: HTTP Request: POST http://comment_service:8005/comments "HTTP/1.1 200 OK"
2026-04-05 01:16:55,105 [httpx] INFO: HTTP Request: POST http://comment_service:8005/comments "HTTP/1.1 200 OK"
2026-04-05 01:16:55,155 [httpx] INFO: HTTP Request: POST http://comment_service:8005/comments "HTTP/1.1 200 OK"
2026-04-05 01:16:55,209 [httpx] INFO: HTTP Request: POST http://comment_service:8005/comments "HTTP/1.1 200 OK"
2026-04-05 01:16:55,275 [httpx] INFO: HTTP Request: POST http://comment_service:8005/comments "HTTP/1.1 200 OK"
2026-04-05 01:16:55,329 [httpx] INFO: HTTP Request: POST http://comment_service:8005/comments "HTTP/1.1 200 OK"
2026-04-05 01:16:55,379 [httpx] INFO: HTTP Request: POST http://comment_service:8005/comments "HTTP/1.1 200 OK"
2026-04-05 01:16:55,430 [httpx] INFO: HTTP Request: POST http://comment_service:8005/comments "HTTP/1.1 200 OK"
2026-04-05 01:16:55,477 [httpx] INFO: HTTP Request: POST http://comment_service:8005/comments "HTTP/1.1 200 OK"
2026-04-05 01:16:55,527 [httpx] INFO: HTTP Request: POST http://comment_service:8005/comments "HTTP/1.1 200 OK"
2026-04-05 01:16:55,578 [httpx] INFO: HTTP Request: POST http://comment_service:8005/comments "HTTP/1.1 200 OK"
2026-04-05 01:16:55,627 [httpx] INFO: HTTP Request: POST http://comment_service:8005/comments "HTTP/1.1 200 OK"
2026-04-05 01:16:55,676 [httpx] INFO: HTTP Request: POST http://comment_service:8005/comments "HTTP/1.1 200 OK"
2026-04-05 01:16:55,724 [httpx] INFO: HTTP Request: POST http://comment_service:8005/comments "HTTP/1.1 200 OK"
2026-04-05 01:16:55,770 [httpx] INFO: HTTP Request: POST http://comment_service:8005/comments "HTTP/1.1 200 OK"
2026-04-05 01:16:55,832 [httpx] INFO: HTTP Request: POST http://comment_service:8005/comments "HTTP/1.1 200 OK"
2026-04-05 01:16:55,882 [httpx] INFO: HTTP Request: POST http://comment_service:8005/comments "HTTP/1.1 200 OK"
2026-04-05 01:16:55,944 [httpx] INFO: HTTP Request: POST http://comment_service:8005/comments "HTTP/1.1 200 OK"
2026-04-05 01:16:56,012 [httpx] INFO: HTTP Request: POST http://comment_service:8005/comments "HTTP/1.1 200 OK"
2026-04-05 01:16:56,061 [httpx] INFO: HTTP Request: POST http://comment_service:8005/comments "HTTP/1.1 200 OK"
2026-04-05 01:16:56,111 [httpx] INFO: HTTP Request: POST http://comment_service:8005/comments "HTTP/1.1 200 OK"
2026-04-05 01:16:56,168 [httpx] INFO: HTTP Request: POST http://comment_service:8005/comments "HTTP/1.1 200 OK"
2026-04-05 01:16:56,235 [httpx] INFO: HTTP Request: POST http://comment_service:8005/comments "HTTP/1.1 200 OK"
2026-04-05 01:16:56,310 [httpx] INFO: HTTP Request: POST http://comment_service:8005/comments "HTTP/1.1 200 OK"
2026-04-05 01:16:56,363 [httpx] INFO: HTTP Request: POST http://comment_service:8005/comments "HTTP/1.1 200 OK"
2026-04-05 01:16:56,421 [httpx] INFO: HTTP Request: POST http://comment_service:8005/comments "HTTP/1.1 200 OK"
2026-04-05 01:16:56,475 [httpx] INFO: HTTP Request: POST http://comment_service:8005/comments "HTTP/1.1 200 OK"
2026-04-05 01:16:56,530 [httpx] INFO: HTTP Request: POST http://comment_service:8005/comments "HTTP/1.1 200 OK"
2026-04-05 01:16:56,589 [httpx] INFO: HTTP Request: POST http://comment_service:8005/comments "HTTP/1.1 200 OK"
2026-04-05 01:16:56,655 [httpx] INFO: HTTP Request: POST http://comment_service:8005/comments "HTTP/1.1 200 OK"
2026-04-05 01:16:56,707 [httpx] INFO: HTTP Request: POST http://comment_service:8005/comments "HTTP/1.1 200 OK"
2026-04-05 01:16:56,770 [httpx] INFO: HTTP Request: POST http://comment_service:8005/comments "HTTP/1.1 200 OK"
2026-04-05 01:16:56,851 [httpx] INFO: HTTP Request: POST http://comment_service:8005/comments "HTTP/1.1 200 OK"
2026-04-05 01:16:56,914 [httpx] INFO: HTTP Request: POST http://comment_service:8005/comments "HTTP/1.1 200 OK"
2026-04-05 01:16:56,968 [httpx] INFO: HTTP Request: POST http://comment_service:8005/comments "HTTP/1.1 200 OK"
2026-04-05 01:16:57,020 [httpx] INFO: HTTP Request: POST http://comment_service:8005/comments "HTTP/1.1 200 OK"
2026-04-05 01:16:57,073 [httpx] INFO: HTTP Request: POST http://comment_service:8005/comments "HTTP/1.1 200 OK"
2026-04-05 01:16:57,137 [httpx] INFO: HTTP Request: POST http://comment_service:8005/comments "HTTP/1.1 200 OK"
2026-04-05 01:16:57,196 [httpx] INFO: HTTP Request: POST http://comment_service:8005/comments "HTTP/1.1 200 OK"
2026-04-05 01:16:57,251 [httpx] INFO: HTTP Request: POST http://comment_service:8005/comments "HTTP/1.1 200 OK"
2026-04-05 01:16:57,306 [httpx] INFO: HTTP Request: POST http://comment_service:8005/comments "HTTP/1.1 200 OK"
2026-04-05 01:16:57,361 [httpx] INFO: HTTP Request: POST http://comment_service:8005/comments "HTTP/1.1 200 OK"
2026-04-05 01:16:57,418 [httpx] INFO: HTTP Request: POST http://comment_service:8005/comments "HTTP/1.1 200 OK"
2026-04-05 01:16:57,472 [httpx] INFO: HTTP Request: POST http://comment_service:8005/comments "HTTP/1.1 200 OK"
2026-04-05 01:16:57,527 [httpx] INFO: HTTP Request: POST http://comment_service:8005/comments "HTTP/1.1 200 OK"
2026-04-05 01:16:57,580 [httpx] INFO: HTTP Request: POST http://comment_service:8005/comments "HTTP/1.1 200 OK"
2026-04-05 01:16:57,638 [httpx] INFO: HTTP Request: POST http://comment_service:8005/comments "HTTP/1.1 200 OK"
2026-04-05 01:16:57,699 [httpx] INFO: HTTP Request: POST http://comment_service:8005/comments "HTTP/1.1 200 OK"
2026-04-05 01:16:57,752 [httpx] INFO: HTTP Request: POST http://comment_service:8005/comments "HTTP/1.1 200 OK"
2026-04-05 01:16:57,802 [httpx] INFO: HTTP Request: POST http://comment_service:8005/comments "HTTP/1.1 200 OK"
2026-04-05 01:16:57,850 [httpx] INFO: HTTP Request: POST http://comment_service:8005/comments "HTTP/1.1 200 OK"
2026-04-05 01:16:57,900 [httpx] INFO: HTTP Request: POST http://comment_service:8005/comments "HTTP/1.1 200 OK"
2026-04-05 01:16:57,950 [httpx] INFO: HTTP Request: POST http://comment_service:8005/comments "HTTP/1.1 200 OK"
2026-04-05 01:16:58,016 [httpx] INFO: HTTP Request: POST http://comment_service:8005/comments "HTTP/1.1 200 OK"
2026-04-05 01:16:58,067 [httpx] INFO: HTTP Request: POST http://comment_service:8005/comments "HTTP/1.1 200 OK"
2026-04-05 01:16:58,117 [httpx] INFO: HTTP Request: POST http://comment_service:8005/comments "HTTP/1.1 200 OK"
2026-04-05 01:16:58,172 [httpx] INFO: HTTP Request: POST http://comment_service:8005/comments "HTTP/1.1 200 OK"
2026-04-05 01:16:58,241 [httpx] INFO: HTTP Request: POST http://comment_service:8005/comments "HTTP/1.1 200 OK"
2026-04-05 01:16:58,294 [httpx] INFO: HTTP Request: POST http://comment_service:8005/comments "HTTP/1.1 200 OK"
2026-04-05 01:16:58,342 [httpx] INFO: HTTP Request: POST http://comment_service:8005/comments "HTTP/1.1 200 OK"
2026-04-05 01:16:58,393 [httpx] INFO: HTTP Request: POST http://comment_service:8005/comments "HTTP/1.1 200 OK"
2026-04-05 01:16:58,443 [httpx] INFO: HTTP Request: POST http://comment_service:8005/comments "HTTP/1.1 200 OK"
2026-04-05 01:16:58,511 [httpx] INFO: HTTP Request: POST http://comment_service:8005/comments "HTTP/1.1 200 OK"
2026-04-05 01:16:58,568 [httpx] INFO: HTTP Request: POST http://comment_service:8005/comments "HTTP/1.1 200 OK"
2026-04-05 01:16:58,618 [httpx] INFO: HTTP Request: POST http://comment_service:8005/comments "HTTP/1.1 200 OK"
2026-04-05 01:16:58,670 [httpx] INFO: HTTP Request: POST http://comment_service:8005/comments "HTTP/1.1 200 OK"
2026-04-05 01:16:58,721 [httpx] INFO: HTTP Request: POST http://comment_service:8005/comments "HTTP/1.1 200 OK"
2026-04-05 01:16:58,773 [httpx] INFO: HTTP Request: POST http://comment_service:8005/comments "HTTP/1.1 200 OK"
2026-04-05 01:16:58,823 [httpx] INFO: HTTP Request: POST http://comment_service:8005/comments "HTTP/1.1 200 OK"
2026-04-05 01:16:58,874 [httpx] INFO: HTTP Request: POST http://comment_service:8005/comments "HTTP/1.1 200 OK"
2026-04-05 01:16:58,926 [httpx] INFO: HTTP Request: POST http://comment_service:8005/comments "HTTP/1.1 200 OK"
2026-04-05 01:16:58,973 [httpx] INFO: HTTP Request: POST http://comment_service:8005/comments "HTTP/1.1 200 OK"
2026-04-05 01:16:59,024 [httpx] INFO: HTTP Request: POST http://comment_service:8005/comments "HTTP/1.1 200 OK"
2026-04-05 01:16:59,091 [httpx] INFO: HTTP Request: POST http://comment_service:8005/comments "HTTP/1.1 200 OK"
2026-04-05 01:16:59,146 [httpx] INFO: HTTP Request: POST http://comment_service:8005/comments "HTTP/1.1 200 OK"
2026-04-05 01:16:59,200 [httpx] INFO: HTTP Request: POST http://comment_service:8005/comments "HTTP/1.1 200 OK"
2026-04-05 01:16:59,274 [httpx] INFO: HTTP Request: POST http://comment_service:8005/comments "HTTP/1.1 200 OK"
2026-04-05 01:16:59,276 [httpx] INFO: HTTP Request: GET http://notification_service:8007/notifications/unread-count "HTTP/1.1 200 OK"
2026-04-05 01:16:59,357 [httpx] INFO: HTTP Request: POST http://comment_service:8005/comments "HTTP/1.1 200 OK"
2026-04-05 01:16:59,411 [httpx] INFO: HTTP Request: POST http://comment_service:8005/comments "HTTP/1.1 200 OK"
2026-04-05 01:16:59,468 [httpx] INFO: HTTP Request: POST http://comment_service:8005/comments "HTTP/1.1 200 OK"
2026-04-05 01:16:59,527 [httpx] INFO: HTTP Request: POST http://comment_service:8005/comments "HTTP/1.1 200 OK"
2026-04-05 01:16:59,605 [httpx] INFO: HTTP Request: POST http://comment_service:8005/comments "HTTP/1.1 200 OK"
2026-04-05 01:16:59,657 [httpx] INFO: HTTP Request: POST http://comment_service:8005/comments "HTTP/1.1 200 OK"
2026-04-05 01:16:59,709 [httpx] INFO: HTTP Request: POST http://comment_service:8005/comments "HTTP/1.1 200 OK"
2026-04-05 01:16:59,743 [httpx] INFO: HTTP Request: GET http://notification_service:8007/notifications/unread-count "HTTP/1.1 200 OK"
2026-04-05 01:16:59,766 [httpx] INFO: HTTP Request: POST http://comment_service:8005/comments "HTTP/1.1 200 OK"
2026-04-05 01:16:59,818 [httpx] INFO: HTTP Request: POST http://comment_service:8005/comments "HTTP/1.1 200 OK"
2026-04-05 01:16:59,870 [httpx] INFO: HTTP Request: POST http://comment_service:8005/comments "HTTP/1.1 200 OK"
2026-04-05 01:16:59,935 [httpx] INFO: HTTP Request: POST http://comment_service:8005/comments "HTTP/1.1 200 OK"
2026-04-05 01:16:59,987 [httpx] INFO: HTTP Request: POST http://comment_service:8005/comments "HTTP/1.1 200 OK"
2026-04-05 01:17:00,044 [httpx] INFO: HTTP Request: POST http://comment_service:8005/comments "HTTP/1.1 200 OK"
2026-04-05 01:17:00,098 [httpx] INFO: HTTP Request: POST http://comment_service:8005/comments "HTTP/1.1 200 OK"
2026-04-05 01:17:00,127 [httpx] INFO: HTTP Request: GET http://notification_service:8007/notifications/unread-count "HTTP/1.1 200 OK"
2026-04-05 01:17:00,150 [httpx] INFO: HTTP Request: POST http://comment_service:8005/comments "HTTP/1.1 200 OK"
2026-04-05 01:17:00,204 [httpx] INFO: HTTP Request: POST http://comment_service:8005/comments "HTTP/1.1 200 OK"
2026-04-05 01:17:00,255 [httpx] INFO: HTTP Request: POST http://comment_service:8005/comments/92/like "HTTP/1.1 200 OK"
2026-04-05 01:17:00,306 [httpx] INFO: HTTP Request: POST http://comment_service:8005/comments/70/like "HTTP/1.1 200 OK"
2026-04-05 01:17:00,362 [httpx] INFO: HTTP Request: POST http://comment_service:8005/comments/61/like "HTTP/1.1 200 OK"
2026-04-05 01:17:00,414 [httpx] INFO: HTTP Request: POST http://comment_service:8005/comments/1/like "HTTP/1.1 200 OK"
2026-04-05 01:17:00,447 [httpx] INFO: HTTP Request: GET http://notification_service:8007/notifications/unread-count "HTTP/1.1 200 OK"
2026-04-05 01:17:00,468 [httpx] INFO: HTTP Request: POST http://comment_service:8005/comments/39/like "HTTP/1.1 200 OK"
2026-04-05 01:17:00,533 [httpx] INFO: HTTP Request: POST http://comment_service:8005/comments/29/like "HTTP/1.1 200 OK"
2026-04-05 01:17:00,596 [httpx] INFO: HTTP Request: POST http://comment_service:8005/comments/58/like "HTTP/1.1 200 OK"
2026-04-05 01:17:00,646 [httpx] INFO: HTTP Request: POST http://comment_service:8005/comments/96/like "HTTP/1.1 200 OK"
2026-04-05 01:17:00,695 [httpx] INFO: HTTP Request: POST http://comment_service:8005/comments/90/like "HTTP/1.1 200 OK"
2026-04-05 01:17:00,746 [httpx] INFO: HTTP Request: POST http://comment_service:8005/comments/79/like "HTTP/1.1 200 OK"
2026-04-05 01:17:00,798 [httpx] INFO: HTTP Request: POST http://comment_service:8005/comments/75/like "HTTP/1.1 200 OK"
2026-04-05 01:17:00,849 [httpx] INFO: HTTP Request: POST http://comment_service:8005/comments/44/like "HTTP/1.1 200 OK"
2026-04-05 01:17:00,898 [httpx] INFO: HTTP Request: POST http://comment_service:8005/comments/81/like "HTTP/1.1 200 OK"
2026-04-05 01:17:00,955 [httpx] INFO: HTTP Request: POST http://comment_service:8005/comments/4/like "HTTP/1.1 200 OK"
2026-04-05 01:17:01,027 [httpx] INFO: HTTP Request: GET http://notification_service:8007/notifications/unread-count "HTTP/1.1 200 OK"
2026-04-05 01:17:01,037 [httpx] INFO: HTTP Request: POST http://comment_service:8005/comments/56/like "HTTP/1.1 200 OK"
2026-04-05 01:17:01,088 [httpx] INFO: HTTP Request: POST http://comment_service:8005/comments/54/like "HTTP/1.1 200 OK"
2026-04-05 01:17:01,142 [httpx] INFO: HTTP Request: POST http://comment_service:8005/comments/65/like "HTTP/1.1 200 OK"
2026-04-05 01:17:01,191 [httpx] INFO: HTTP Request: POST http://comment_service:8005/comments/16/like "HTTP/1.1 200 OK"
2026-04-05 01:17:01,246 [httpx] INFO: HTTP Request: POST http://comment_service:8005/comments/89/like "HTTP/1.1 200 OK"
2026-04-05 01:17:01,299 [httpx] INFO: HTTP Request: POST http://comment_service:8005/comments/23/like "HTTP/1.1 200 OK"
2026-04-05 01:17:01,378 [httpx] INFO: HTTP Request: POST http://comment_service:8005/comments/3/like "HTTP/1.1 200 OK"
2026-04-05 01:17:01,483 [httpx] INFO: HTTP Request: POST http://comment_service:8005/comments/83/like "HTTP/1.1 200 OK"
2026-04-05 01:17:01,489 [httpx] INFO: HTTP Request: GET http://notification_service:8007/notifications/unread-count "HTTP/1.1 200 OK"
2026-04-05 01:17:01,545 [httpx] INFO: HTTP Request: POST http://comment_service:8005/comments/99/like "HTTP/1.1 200 OK"
2026-04-05 01:17:01,594 [httpx] INFO: HTTP Request: POST http://comment_service:8005/comments/6/like "HTTP/1.1 200 OK"
2026-04-05 01:17:01,636 [httpx] INFO: HTTP Request: GET http://notification_service:8007/notifications/unread-count "HTTP/1.1 200 OK"
2026-04-05 01:17:01,645 [httpx] INFO: HTTP Request: POST http://comment_service:8005/comments/27/like "HTTP/1.1 200 OK"
2026-04-05 01:17:01,673 [httpx] INFO: HTTP Request: DELETE http://community_service:8006/communities/1/leave "HTTP/1.1 400 Bad Request"
2026-04-05 01:17:01,704 [httpx] INFO: HTTP Request: DELETE http://community_service:8006/communities/1/leave "HTTP/1.1 200 OK"
2026-04-05 01:17:01,737 [httpx] INFO: HTTP Request: GET http://notification_service:8007/notifications/unread-count "HTTP/1.1 200 OK"
2026-04-05 01:17:53,603 [httpx] INFO: HTTP Request: GET http://notification_service:8007/notifications/unread-count "HTTP/1.1 200 OK"
2026-04-05 01:17:56,068 [httpx] INFO: HTTP Request: GET http://user_service:8002/auth/me "HTTP/1.1 200 OK"
2026-04-05 01:17:56,085 [httpx] INFO: HTTP Request: GET http://user_service:8002/auth/me "HTTP/1.1 200 OK"
2026-04-05 01:17:56,157 [httpx] INFO: HTTP Request: GET http://user_service:8002/users/me/dashboard "HTTP/1.1 200 OK"
2026-04-05 01:17:56,160 [httpx] INFO: HTTP Request: GET http://notification_service:8007/notifications/unread-count "HTTP/1.1 200 OK"
2026-04-05 01:17:56,175 [httpx] INFO: HTTP Request: GET http://user_service:8002/users/me/dashboard "HTTP/1.1 200 OK"
2026-04-05 01:18:06,080 [httpx] INFO: HTTP Request: GET http://thread_service:8003/threads?sort_by=newest&skip=0&limit=10 "HTTP/1.1 200 OK"
2026-04-05 01:18:06,082 [app.core.cache] INFO: Cache SET: gw:/threads?sort_by=newest&skip=0&limit=10 (TTL=60s)
2026-04-05 01:18:06,091 [app.core.cache] INFO: Cache HIT: gw:/threads?sort_by=newest&skip=0&limit=10
2026-04-05 01:18:11,399 [httpx] INFO: HTTP Request: GET http://notification_service:8007/notifications/unread-count "HTTP/1.1 200 OK"
2026-04-05 01:18:13,017 [httpx] INFO: HTTP Request: GET http://comment_service:8005/threads/19/comments "HTTP/1.1 200 OK"
2026-04-05 01:18:13,019 [app.core.cache] INFO: Cache SET: gw:/threads/19/comments (TTL=60s)
2026-04-05 01:18:13,021 [httpx] INFO: HTTP Request: GET http://thread_service:8003/threads/19 "HTTP/1.1 200 OK"
2026-04-05 01:18:13,023 [app.core.cache] INFO: Cache SET: gw:/threads/19 (TTL=60s)
2026-04-05 01:18:13,026 [app.core.cache] INFO: Cache HIT: gw:/threads/19/comments
2026-04-05 01:18:13,028 [app.core.cache] INFO: Cache HIT: gw:/threads/19
2026-04-05 01:18:14,393 [httpx] INFO: HTTP Request: POST http://thread_service:8003/threads/19/like "HTTP/1.1 200 OK"
2026-04-05 01:18:14,396 [app.core.cache] INFO: Cache INVALIDATED: 3 keys matching /threads*
2026-04-05 01:18:26,210 [httpx] INFO: HTTP Request: GET http://notification_service:8007/notifications/unread-count "HTTP/1.1 200 OK"
2026-04-05 01:18:26,291 [httpx] INFO: HTTP Request: POST http://comment_service:8005/comments "HTTP/1.1 200 OK"
2026-04-05 01:18:26,336 [httpx] INFO: HTTP Request: GET http://comment_service:8005/threads/19/comments "HTTP/1.1 200 OK"
2026-04-05 01:18:26,338 [app.core.cache] INFO: Cache SET: gw:/threads/19/comments (TTL=60s)
2026-04-05 01:18:29,454 [httpx] INFO: HTTP Request: DELETE http://comment_service:8005/comments/122 "HTTP/1.1 200 OK"
2026-04-05 01:18:29,458 [app.core.cache] INFO: Cache INVALIDATED: 1 keys matching /threads*
2026-04-05 01:18:29,511 [httpx] INFO: HTTP Request: GET http://comment_service:8005/threads/19/comments "HTTP/1.1 200 OK"
2026-04-05 01:18:29,513 [app.core.cache] INFO: Cache SET: gw:/threads/19/comments (TTL=60s)
2026-04-05 01:18:31,979 [httpx] INFO: HTTP Request: GET http://notification_service:8007/notifications?skip=0&limit=15 "HTTP/1.1 200 OK"
2026-04-05 01:18:32,003 [httpx] INFO: HTTP Request: GET http://notification_service:8007/notifications?skip=0&limit=15 "HTTP/1.1 200 OK"
2026-04-05 01:18:33,469 [httpx] INFO: HTTP Request: PUT http://notification_service:8007/notifications/read-all "HTTP/1.1 200 OK"
2026-04-05 01:18:33,511 [httpx] INFO: HTTP Request: GET http://notification_service:8007/notifications?skip=0&limit=15 "HTTP/1.1 200 OK"
2026-04-05 01:18:33,513 [httpx] INFO: HTTP Request: GET http://notification_service:8007/notifications/unread-count "HTTP/1.1 200 OK"
2026-04-05 01:18:36,704 [httpx] INFO: HTTP Request: GET http://user_service:8002/users/me/dashboard "HTTP/1.1 200 OK"
2026-04-05 01:18:36,723 [httpx] INFO: HTTP Request: GET http://user_service:8002/users/me/dashboard "HTTP/1.1 200 OK"
2026-04-05 01:18:41,447 [httpx] INFO: HTTP Request: GET http://notification_service:8007/notifications/unread-count "HTTP/1.1 200 OK"
2026-04-05 01:18:41,791 [httpx] INFO: HTTP Request: POST http://user_service:8002/users/avatar/upload "HTTP/1.1 200 OK"
2026-04-05 01:18:41,820 [httpx] INFO: HTTP Request: GET http://user_service:8002/auth/me "HTTP/1.1 200 OK"
2026-04-05 01:18:41,824 [httpx] INFO: HTTP Request: GET http://notification_service:8007/notifications/unread-count "HTTP/1.1 200 OK"
2026-04-05 01:18:41,851 [httpx] INFO: HTTP Request: GET http://user_service:8002/auth/me "HTTP/1.1 200 OK"
2026-04-05 01:18:41,887 [httpx] INFO: HTTP Request: GET http://user_service:8002/uploads/avatars/1_10f7dcec9c4b4a3ea9d863bc745554ab.jpg "HTTP/1.1 200 OK"
2026-04-05 01:18:43,333 [httpx] INFO: HTTP Request: PUT http://user_service:8002/users/profile "HTTP/1.1 200 OK"
2026-04-05 01:18:43,365 [httpx] INFO: HTTP Request: GET http://user_service:8002/auth/me "HTTP/1.1 200 OK"
2026-04-05 01:18:43,389 [httpx] INFO: HTTP Request: GET http://user_service:8002/users/me/dashboard "HTTP/1.1 200 OK"
2026-04-05 01:18:47,103 [httpx] INFO: HTTP Request: GET http://user_service:8002/users/me/dashboard "HTTP/1.1 200 OK"
2026-04-05 01:18:47,119 [httpx] INFO: HTTP Request: GET http://user_service:8002/users/me/dashboard "HTTP/1.1 200 OK"
2026-04-05 01:18:48,768 [httpx] INFO: HTTP Request: GET http://user_service:8002/users/me/dashboard "HTTP/1.1 200 OK"
2026-04-05 01:18:48,784 [httpx] INFO: HTTP Request: GET http://user_service:8002/users/me/dashboard "HTTP/1.1 200 OK"
2026-04-05 01:18:53,427 [httpx] INFO: HTTP Request: GET http://user_service:8002/users/me/dashboard "HTTP/1.1 200 OK"
2026-04-05 01:18:53,446 [httpx] INFO: HTTP Request: GET http://user_service:8002/users/me/dashboard "HTTP/1.1 200 OK"
2026-04-05 01:18:54,733 [httpx] INFO: HTTP Request: GET http://user_service:8002/users/admin/stats "HTTP/1.1 200 OK"
2026-04-05 01:18:54,736 [httpx] INFO: HTTP Request: GET http://user_service:8002/users/admin/users "HTTP/1.1 200 OK"
2026-04-05 01:18:54,749 [httpx] INFO: HTTP Request: GET http://thread_service:8003/threads?limit=20 "HTTP/1.1 200 OK"
2026-04-05 01:18:54,756 [app.core.cache] INFO: Cache SET: gw:/threads?limit=20 (TTL=60s)
2026-04-05 01:18:56,199 [httpx] INFO: HTTP Request: GET http://notification_service:8007/notifications/unread-count "HTTP/1.1 200 OK"
2026-04-05 01:18:59,252 [httpx] INFO: HTTP Request: POST http://user_service:8002/users/admin/users/19/status?is_active=false "HTTP/1.1 200 OK"
2026-04-05 01:18:59,369 [httpx] INFO: HTTP Request: GET http://user_service:8002/users/admin/users "HTTP/1.1 200 OK"
2026-04-05 01:19:04,815 [httpx] INFO: HTTP Request: DELETE http://thread_service:8003/threads/11 "HTTP/1.1 200 OK"
2026-04-05 01:19:04,819 [app.core.cache] INFO: Cache INVALIDATED: 2 keys matching /threads*
2026-04-05 01:19:04,973 [httpx] INFO: HTTP Request: GET http://thread_service:8003/threads?limit=20 "HTTP/1.1 200 OK"
2026-04-05 01:19:04,975 [app.core.cache] INFO: Cache SET: gw:/threads?limit=20 (TTL=60s)
2026-04-05 01:19:05,001 [httpx] INFO: HTTP Request: GET http://thread_service:8003/threads?limit=50 "HTTP/1.1 200 OK"
2026-04-05 01:19:05,004 [app.core.cache] INFO: Cache SET: gw:/threads?limit=50 (TTL=60s)
2026-04-05 01:19:11,397 [httpx] INFO: HTTP Request: GET http://notification_service:8007/notifications/unread-count "HTTP/1.1 200 OK"
2026-04-05 01:19:13,803 [app.core.token_blacklist] INFO: Token blacklisted (TTL=4399s)
2026-04-05 01:19:13,905 [httpx] INFO: HTTP Request: GET http://thread_service:8003/threads?sort_by=newest&skip=0&limit=10 "HTTP/1.1 200 OK"
2026-04-05 01:19:13,907 [app.core.cache] INFO: Cache SET: gw:/threads?sort_by=newest&skip=0&limit=10 (TTL=60s)
2026-04-05 01:19:13,913 [app.core.cache] INFO: Cache HIT: gw:/threads?sort_by=newest&skip=0&limit=10
2026-04-05 01:19:22,210 [httpx] INFO: HTTP Request: POST http://user_service:8002/auth/login "HTTP/1.1 200 OK"
2026-04-05 01:19:22,231 [httpx] INFO: HTTP Request: GET http://user_service:8002/auth/me "HTTP/1.1 200 OK"
2026-04-05 01:19:22,291 [app.core.cache] INFO: Cache HIT: gw:/threads?sort_by=newest&skip=0&limit=10
2026-04-05 01:19:22,297 [app.core.cache] INFO: Cache HIT: gw:/threads?sort_by=newest&skip=0&limit=10
2026-04-05 01:19:22,310 [httpx] INFO: HTTP Request: GET http://notification_service:8007/notifications/unread-count "HTTP/1.1 200 OK"
2026-04-05 01:19:22,327 [httpx] INFO: HTTP Request: GET http://notification_service:8007/notifications/unread-count "HTTP/1.1 200 OK"
2026-04-05 01:19:28,089 [httpx] INFO: HTTP Request: GET http://user_service:8002/users/me/dashboard "HTTP/1.1 200 OK"
2026-04-05 01:19:28,110 [httpx] INFO: HTTP Request: GET http://user_service:8002/users/me/dashboard "HTTP/1.1 200 OK"
2026-04-05 01:19:35,218 [httpx] INFO: HTTP Request: GET http://user_service:8002/users/me/dashboard "HTTP/1.1 200 OK"
2026-04-05 01:19:35,235 [httpx] INFO: HTTP Request: GET http://user_service:8002/users/me/dashboard "HTTP/1.1 200 OK"
2026-04-05 01:19:37,454 [httpx] INFO: HTTP Request: GET http://notification_service:8007/notifications/unread-count "HTTP/1.1 200 OK"
2026-04-05 01:19:39,094 [httpx] INFO: HTTP Request: GET http://user_service:8002/users/me/dashboard "HTTP/1.1 200 OK"
2026-04-05 01:19:39,113 [httpx] INFO: HTTP Request: GET http://user_service:8002/users/me/dashboard "HTTP/1.1 200 OK"
2026-04-05 01:19:40,541 [app.core.cache] INFO: Cache HIT: gw:/threads?limit=20
2026-04-05 01:19:40,582 [httpx] INFO: HTTP Request: GET http://user_service:8002/users/mod/users "HTTP/1.1 200 OK"
2026-04-05 01:19:40,586 [httpx] INFO: HTTP Request: GET http://user_service:8002/users/mod/stats "HTTP/1.1 200 OK"
2026-04-05 01:19:40,777 [httpx] INFO: HTTP Request: GET http://user_service:8002/uploads/avatars/1_10f7dcec9c4b4a3ea9d863bc745554ab.jpg "HTTP/1.1 304 Not Modified"
2026-04-05 01:19:50,135 [httpx] INFO: HTTP Request: GET http://thread_service:8003/reports?limit=50&status=pending "HTTP/1.1 200 OK"
2026-04-05 01:19:52,293 [httpx] INFO: HTTP Request: GET http://notification_service:8007/notifications/unread-count "HTTP/1.1 200 OK"
2026-04-05 01:19:58,235 [app.core.token_blacklist] INFO: Token blacklisted (TTL=5363s)
2026-04-05 01:19:58,349 [app.core.cache] INFO: Cache HIT: gw:/threads?sort_by=newest&skip=0&limit=10
2026-04-05 01:19:58,357 [app.core.cache] INFO: Cache HIT: gw:/threads?sort_by=newest&skip=0&limit=10
2026-04-05 01:20:10,137 [httpx] INFO: HTTP Request: POST http://user_service:8002/auth/login "HTTP/1.1 200 OK"
2026-04-05 01:20:10,163 [httpx] INFO: HTTP Request: GET http://user_service:8002/auth/me "HTTP/1.1 200 OK"
2026-04-05 01:20:10,217 [httpx] INFO: HTTP Request: GET http://notification_service:8007/notifications/unread-count "HTTP/1.1 200 OK"
2026-04-05 01:20:10,223 [app.core.cache] INFO: Cache HIT: gw:/threads?sort_by=newest&skip=0&limit=10
2026-04-05 01:20:10,259 [app.core.cache] INFO: Cache HIT: gw:/threads?sort_by=newest&skip=0&limit=10
2026-04-05 01:20:10,264 [httpx] INFO: HTTP Request: GET http://notification_service:8007/notifications/unread-count "HTTP/1.1 200 OK"
2026-04-05 01:20:14,071 [httpx] INFO: HTTP Request: GET http://user_service:8002/users/me/dashboard "HTTP/1.1 200 OK"
2026-04-05 01:20:14,087 [httpx] INFO: HTTP Request: GET http://user_service:8002/users/me/dashboard "HTTP/1.1 200 OK"
2026-04-05 01:20:16,251 [httpx] INFO: HTTP Request: GET http://thread_service:8003/threads?limit=50 "HTTP/1.1 200 OK"
2026-04-05 01:20:16,254 [app.core.cache] INFO: Cache SET: gw:/threads?limit=50 (TTL=60s)
2026-04-05 01:20:17,704 [httpx] INFO: HTTP Request: GET http://community_service:8006/communities/my "HTTP/1.1 200 OK"
2026-04-05 01:20:20,427 [httpx] INFO: HTTP Request: GET http://community_service:8006/communities/data-science-lab "HTTP/1.1 200 OK"
2026-04-05 01:20:20,430 [app.core.cache] INFO: Cache SET: gw:/communities/data-science-lab (TTL=60s)
2026-04-05 01:20:20,435 [app.core.cache] INFO: Cache HIT: gw:/communities/data-science-lab
2026-04-05 01:20:20,440 [httpx] INFO: HTTP Request: GET http://community_service:8006/communities/data-science-lab/members "HTTP/1.1 200 OK"
2026-04-05 01:20:20,442 [app.core.cache] INFO: Cache SET: gw:/communities/data-science-lab/members (TTL=60s)
2026-04-05 01:20:20,447 [app.core.cache] INFO: Cache HIT: gw:/communities/data-science-lab/members
2026-04-05 01:20:20,514 [httpx] INFO: HTTP Request: GET http://thread_service:8003/threads?community_id=3 "HTTP/1.1 200 OK"
2026-04-05 01:20:20,516 [app.core.cache] INFO: Cache SET: gw:/threads?community_id=3 (TTL=60s)
2026-04-05 01:20:20,554 [httpx] INFO: HTTP Request: GET http://user_service:8002/uploads/avatars/1_10f7dcec9c4b4a3ea9d863bc745554ab.jpg "HTTP/1.1 304 Not Modified"
2026-04-05 01:20:25,017 [httpx] INFO: HTTP Request: GET http://notification_service:8007/notifications/unread-count "HTTP/1.1 200 OK"
2026-04-05 01:20:25,022 [httpx] INFO: HTTP Request: GET http://thread_service:8003/threads?sort_by=newest&skip=0&limit=10 "HTTP/1.1 200 OK"
2026-04-05 01:20:25,025 [app.core.cache] INFO: Cache SET: gw:/threads?sort_by=newest&skip=0&limit=10 (TTL=60s)
2026-04-05 01:20:25,031 [app.core.cache] INFO: Cache HIT: gw:/threads?sort_by=newest&skip=0&limit=10
2026-04-05 01:20:30,362 [httpx] INFO: HTTP Request: GET http://thread_service:8003/threads?sort_by=newest&skip=0&limit=10&search=al "HTTP/1.1 200 OK"
2026-04-05 01:20:30,364 [app.core.cache] INFO: Cache SET: gw:/threads?sort_by=newest&skip=0&limit=10&search=al (TTL=60s)
2026-04-05 01:20:30,456 [httpx] INFO: HTTP Request: GET http://user_service:8002/uploads/avatars/1_10f7dcec9c4b4a3ea9d863bc745554ab.jpg "HTTP/1.1 304 Not Modified"
2026-04-05 01:20:31,305 [httpx] INFO: HTTP Request: GET http://thread_service:8003/threads?sort_by=newest&skip=0&limit=10&search=alice "HTTP/1.1 200 OK"
2026-04-05 01:20:31,308 [app.core.cache] INFO: Cache SET: gw:/threads?sort_by=newest&skip=0&limit=10&search=alice (TTL=60s)
2026-04-05 01:20:33,171 [httpx] INFO: HTTP Request: GET http://thread_service:8003/threads?sort_by=newest&skip=0&limit=10&search=alic "HTTP/1.1 200 OK"
2026-04-05 01:20:33,174 [app.core.cache] INFO: Cache SET: gw:/threads?sort_by=newest&skip=0&limit=10&search=alic (TTL=60s)
2026-04-05 01:20:33,787 [httpx] INFO: HTTP Request: GET http://thread_service:8003/threads?sort_by=newest&skip=0&limit=10&search=ali "HTTP/1.1 200 OK"
2026-04-05 01:20:33,789 [app.core.cache] INFO: Cache SET: gw:/threads?sort_by=newest&skip=0&limit=10&search=ali (TTL=60s)
2026-04-05 01:20:34,934 [app.core.cache] INFO: Cache HIT: gw:/threads?sort_by=newest&skip=0&limit=10
2026-04-05 01:20:40,198 [httpx] INFO: HTTP Request: GET http://notification_service:8007/notifications/unread-count "HTTP/1.1 200 OK"
2026-04-05 01:20:43,203 [httpx] INFO: HTTP Request: GET http://thread_service:8003/threads?sort_by=newest&skip=10&limit=10 "HTTP/1.1 200 OK"
2026-04-05 01:20:43,206 [app.core.cache] INFO: Cache SET: gw:/threads?sort_by=newest&skip=10&limit=10 (TTL=60s)
2026-04-05 01:20:43,282 [httpx] INFO: HTTP Request: GET http://user_service:8002/uploads/avatars/1_10f7dcec9c4b4a3ea9d863bc745554ab.jpg "HTTP/1.1 304 Not Modified"
2026-04-05 01:20:55,688 [httpx] INFO: HTTP Request: GET http://notification_service:8007/notifications/unread-count "HTTP/1.1 200 OK"
2026-04-05 01:21:10,197 [httpx] INFO: HTTP Request: GET http://notification_service:8007/notifications/unread-count "HTTP/1.1 200 OK"
2026-04-05 01:21:12,943 [app.core.token_blacklist] INFO: Token blacklisted (TTL=5337s)
2026-04-05 01:21:13,049 [app.core.cache] INFO: Cache HIT: gw:/threads?sort_by=newest&skip=0&limit=10
2026-04-05 01:21:13,054 [app.core.cache] INFO: Cache HIT: gw:/threads?sort_by=newest&skip=0&limit=10
2026-04-05 01:21:41,312 [httpx] INFO: HTTP Request: GET http://user_service:8002/auth/me "HTTP/1.1 401 Unauthorized"
2026-04-05 01:21:41,326 [httpx] INFO: HTTP Request: GET http://user_service:8002/auth/me "HTTP/1.1 401 Unauthorized"
2026-04-05 01:25:57,589 [httpx] INFO: HTTP Request: GET http://user_service:8002/auth/me "HTTP/1.1 401 Unauthorized"
2026-04-05 01:25:57,603 [httpx] INFO: HTTP Request: GET http://user_service:8002/auth/me "HTTP/1.1 401 Unauthorized"
2026-04-05 01:29:12,355 [httpx] INFO: HTTP Request: GET http://user_service:8002/auth/me "HTTP/1.1 401 Unauthorized"
2026-04-05 01:29:12,370 [httpx] INFO: HTTP Request: GET http://user_service:8002/auth/me "HTTP/1.1 401 Unauthorized"
2026-04-05 01:29:24,726 [httpx] INFO: HTTP Request: POST http://user_service:8002/auth/login "HTTP/1.1 200 OK"
2026-04-05 01:29:24,744 [httpx] INFO: HTTP Request: GET http://user_service:8002/auth/me "HTTP/1.1 200 OK"
2026-04-05 01:29:24,780 [httpx] INFO: HTTP Request: GET http://notification_service:8007/notifications/unread-count "HTTP/1.1 200 OK"
2026-04-05 01:29:24,867 [httpx] INFO: HTTP Request: GET http://user_service:8002/uploads/avatars/1_10f7dcec9c4b4a3ea9d863bc745554ab.jpg "HTTP/1.1 304 Not Modified"
2026-04-05 01:29:24,869 [httpx] INFO: HTTP Request: GET http://notification_service:8007/notifications/unread-count "HTTP/1.1 200 OK"
2026-04-05 01:29:24,881 [httpx] INFO: HTTP Request: GET http://thread_service:8003/threads?sort_by=newest&skip=0&limit=10 "HTTP/1.1 200 OK"
2026-04-05 01:29:24,883 [app.core.cache] INFO: Cache SET: gw:/threads?sort_by=newest&skip=0&limit=10 (TTL=60s)
2026-04-05 01:29:24,888 [app.core.cache] INFO: Cache HIT: gw:/threads?sort_by=newest&skip=0&limit=10
2026-04-05 01:29:28,491 [httpx] INFO: HTTP Request: GET http://user_service:8002/users/me/dashboard "HTTP/1.1 200 OK"
2026-04-05 01:29:28,510 [httpx] INFO: HTTP Request: GET http://user_service:8002/users/me/dashboard "HTTP/1.1 200 OK"
2026-04-05 01:29:30,669 [httpx] INFO: HTTP Request: GET http://community_service:8006/communities?skip=0&limit=12 "HTTP/1.1 200 OK"
2026-04-05 01:29:30,672 [app.core.cache] INFO: Cache SET: gw:/communities?skip=0&limit=12 (TTL=60s)
2026-04-05 01:29:30,677 [app.core.cache] INFO: Cache HIT: gw:/communities?skip=0&limit=12
2026-04-05 01:29:32,504 [httpx] INFO: HTTP Request: POST http://community_service:8006/communities/7/join "HTTP/1.1 200 OK"
2026-04-05 01:29:32,508 [app.core.cache] INFO: Cache INVALIDATED: 1 keys matching /communities*
2026-04-05 01:29:32,526 [httpx] INFO: HTTP Request: GET http://community_service:8006/communities?skip=0&limit=12 "HTTP/1.1 200 OK"
2026-04-05 01:29:32,528 [app.core.cache] INFO: Cache SET: gw:/communities?skip=0&limit=12 (TTL=60s)
2026-04-05 01:29:35,878 [httpx] INFO: HTTP Request: GET http://community_service:8006/communities/open-source-cafe "HTTP/1.1 200 OK"
2026-04-05 01:29:35,880 [app.core.cache] INFO: Cache SET: gw:/communities/open-source-cafe (TTL=60s)
2026-04-05 01:29:35,885 [app.core.cache] INFO: Cache HIT: gw:/communities/open-source-cafe
2026-04-05 01:29:35,910 [httpx] INFO: HTTP Request: GET http://community_service:8006/communities/open-source-cafe/members "HTTP/1.1 200 OK"
2026-04-05 01:29:35,911 [app.core.cache] INFO: Cache SET: gw:/communities/open-source-cafe/members (TTL=60s)
2026-04-05 01:29:35,915 [app.core.cache] INFO: Cache HIT: gw:/communities/open-source-cafe/members
2026-04-05 01:29:35,921 [httpx] INFO: HTTP Request: GET http://thread_service:8003/threads?community_id=5 "HTTP/1.1 200 OK"
2026-04-05 01:29:35,923 [app.core.cache] INFO: Cache SET: gw:/threads?community_id=5 (TTL=60s)
2026-04-05 01:29:38,359 [app.core.cache] INFO: Cache HIT: gw:/communities?skip=0&limit=12
2026-04-05 01:29:38,365 [app.core.cache] INFO: Cache HIT: gw:/communities?skip=0&limit=12
2026-04-05 01:29:39,761 [httpx] INFO: HTTP Request: GET http://notification_service:8007/notifications/unread-count "HTTP/1.1 200 OK"
2026-04-05 01:29:45,428 [httpx] INFO: HTTP Request: GET http://user_service:8002/users/me/dashboard "HTTP/1.1 200 OK"
2026-04-05 01:29:45,448 [httpx] INFO: HTTP Request: GET http://user_service:8002/users/me/dashboard "HTTP/1.1 200 OK"
2026-04-05 01:29:47,588 [httpx] INFO: HTTP Request: GET http://community_service:8006/communities/my "HTTP/1.1 200 OK"
2026-04-05 01:29:55,752 [httpx] INFO: HTTP Request: GET http://notification_service:8007/notifications/unread-count "HTTP/1.1 200 OK"
2026-04-05 01:30:00,140 [app.core.cache] INFO: Cache HIT: gw:/threads?sort_by=newest&skip=0&limit=10
2026-04-05 01:30:00,145 [app.core.cache] INFO: Cache HIT: gw:/threads?sort_by=newest&skip=0&limit=10
2026-04-05 01:30:01,741 [app.core.cache] INFO: Cache HIT: gw:/communities?skip=0&limit=12
2026-04-05 01:30:01,746 [app.core.cache] INFO: Cache HIT: gw:/communities?skip=0&limit=12
2026-04-05 01:30:06,637 [httpx] INFO: HTTP Request: GET http://community_service:8006/communities/python-developers "HTTP/1.1 200 OK"
2026-04-05 01:30:06,639 [httpx] INFO: HTTP Request: GET http://community_service:8006/communities/python-developers/members "HTTP/1.1 200 OK"
2026-04-05 01:30:06,640 [app.core.cache] INFO: Cache SET: gw:/communities/python-developers (TTL=60s)
2026-04-05 01:30:06,641 [app.core.cache] INFO: Cache SET: gw:/communities/python-developers/members (TTL=60s)
2026-04-05 01:30:06,645 [app.core.cache] INFO: Cache HIT: gw:/communities/python-developers
2026-04-05 01:30:06,646 [app.core.cache] INFO: Cache HIT: gw:/communities/python-developers/members
2026-04-05 01:30:06,789 [httpx] INFO: HTTP Request: GET http://thread_service:8003/threads?community_id=1 "HTTP/1.1 200 OK"
2026-04-05 01:30:06,791 [app.core.cache] INFO: Cache SET: gw:/threads?community_id=1 (TTL=60s)
2026-04-05 01:30:09,309 [httpx] INFO: HTTP Request: GET http://comment_service:8005/threads/9/comments "HTTP/1.1 200 OK"
2026-04-05 01:30:09,312 [httpx] INFO: HTTP Request: GET http://thread_service:8003/threads/9 "HTTP/1.1 200 OK"
2026-04-05 01:30:09,313 [app.core.cache] INFO: Cache SET: gw:/threads/9/comments (TTL=60s)
2026-04-05 01:30:09,314 [app.core.cache] INFO: Cache SET: gw:/threads/9 (TTL=60s)
2026-04-05 01:30:09,318 [app.core.cache] INFO: Cache HIT: gw:/threads/9/comments
2026-04-05 01:30:09,319 [app.core.cache] INFO: Cache HIT: gw:/threads/9
2026-04-05 01:30:09,773 [httpx] INFO: HTTP Request: GET http://notification_service:8007/notifications/unread-count "HTTP/1.1 200 OK"
2026-04-05 01:30:14,618 [httpx] INFO: HTTP Request: POST http://comment_service:8005/comments "HTTP/1.1 200 OK"
2026-04-05 01:30:14,621 [app.core.cache] INFO: Cache INVALIDATED: 5 keys matching /threads*
2026-04-05 01:30:14,651 [httpx] INFO: HTTP Request: GET http://comment_service:8005/threads/9/comments "HTTP/1.1 200 OK"
2026-04-05 01:30:14,655 [app.core.cache] INFO: Cache SET: gw:/threads/9/comments (TTL=60s)
2026-04-05 12:38:13,363 [httpx] INFO: HTTP Request: POST http://user_service:8002/users/register "HTTP/1.1 409 Conflict"
2026-04-05 12:38:13,368 [app.core.cache] INFO: Redis connected at redis://redis:6379
2026-04-05 12:38:13,945 [httpx] INFO: HTTP Request: POST http://user_service:8002/users/register "HTTP/1.1 200 OK"
2026-04-05 12:38:14,593 [httpx] INFO: HTTP Request: POST http://user_service:8002/users/register "HTTP/1.1 200 OK"
2026-04-05 12:38:15,170 [httpx] INFO: HTTP Request: POST http://user_service:8002/users/register "HTTP/1.1 200 OK"
2026-04-05 12:38:15,750 [httpx] INFO: HTTP Request: POST http://user_service:8002/users/register "HTTP/1.1 200 OK"
2026-04-05 12:38:16,325 [httpx] INFO: HTTP Request: POST http://user_service:8002/users/register "HTTP/1.1 200 OK"
2026-04-05 12:38:16,896 [httpx] INFO: HTTP Request: POST http://user_service:8002/users/register "HTTP/1.1 200 OK"
2026-04-05 12:38:17,477 [httpx] INFO: HTTP Request: POST http://user_service:8002/users/register "HTTP/1.1 200 OK"
2026-04-05 12:38:18,285 [httpx] INFO: HTTP Request: POST http://user_service:8002/users/register "HTTP/1.1 200 OK"
2026-04-05 12:38:19,078 [httpx] INFO: HTTP Request: POST http://user_service:8002/users/register "HTTP/1.1 200 OK"
2026-04-05 12:38:19,882 [httpx] INFO: HTTP Request: POST http://user_service:8002/users/register "HTTP/1.1 200 OK"
2026-04-05 12:38:20,750 [httpx] INFO: HTTP Request: POST http://user_service:8002/users/register "HTTP/1.1 200 OK"
2026-04-05 12:38:21,321 [httpx] INFO: HTTP Request: POST http://user_service:8002/users/register "HTTP/1.1 200 OK"
2026-04-05 12:38:21,896 [httpx] INFO: HTTP Request: POST http://user_service:8002/users/register "HTTP/1.1 200 OK"
2026-04-05 12:38:22,469 [httpx] INFO: HTTP Request: POST http://user_service:8002/users/register "HTTP/1.1 200 OK"
2026-04-05 12:38:23,097 [httpx] INFO: HTTP Request: POST http://user_service:8002/users/register "HTTP/1.1 200 OK"
2026-04-05 12:38:23,689 [httpx] INFO: HTTP Request: POST http://user_service:8002/users/register "HTTP/1.1 200 OK"
2026-04-05 12:38:24,273 [httpx] INFO: HTTP Request: POST http://user_service:8002/users/register "HTTP/1.1 200 OK"
2026-04-05 12:38:24,851 [httpx] INFO: HTTP Request: POST http://user_service:8002/users/register "HTTP/1.1 200 OK"
2026-04-05 12:38:25,433 [httpx] INFO: HTTP Request: POST http://user_service:8002/users/register "HTTP/1.1 200 OK"
2026-04-05 12:38:30,136 [httpx] INFO: HTTP Request: POST http://user_service:8002/auth/login "HTTP/1.1 200 OK"
2026-04-05 12:38:31,212 [httpx] INFO: HTTP Request: POST http://user_service:8002/auth/login "HTTP/1.1 200 OK"
2026-04-05 12:38:32,176 [httpx] INFO: HTTP Request: POST http://user_service:8002/auth/login "HTTP/1.1 200 OK"
2026-04-05 12:38:33,221 [httpx] INFO: HTTP Request: POST http://user_service:8002/auth/login "HTTP/1.1 200 OK"
2026-04-05 12:38:34,160 [httpx] INFO: HTTP Request: POST http://user_service:8002/auth/login "HTTP/1.1 200 OK"
2026-04-05 12:38:35,008 [httpx] INFO: HTTP Request: POST http://user_service:8002/auth/login "HTTP/1.1 200 OK"
2026-04-05 12:38:35,969 [httpx] INFO: HTTP Request: POST http://user_service:8002/auth/login "HTTP/1.1 200 OK"
2026-04-05 12:38:36,928 [httpx] INFO: HTTP Request: POST http://user_service:8002/auth/login "HTTP/1.1 200 OK"
2026-04-05 12:38:37,778 [httpx] INFO: HTTP Request: POST http://user_service:8002/auth/login "HTTP/1.1 200 OK"
2026-04-05 12:38:38,561 [httpx] INFO: HTTP Request: POST http://user_service:8002/auth/login "HTTP/1.1 200 OK"
2026-04-05 12:38:39,347 [httpx] INFO: HTTP Request: POST http://user_service:8002/auth/login "HTTP/1.1 200 OK"
2026-04-05 12:38:40,353 [httpx] INFO: HTTP Request: POST http://user_service:8002/auth/login "HTTP/1.1 200 OK"
2026-04-05 12:38:41,398 [httpx] INFO: HTTP Request: POST http://user_service:8002/auth/login "HTTP/1.1 200 OK"
2026-04-05 12:38:42,336 [httpx] INFO: HTTP Request: POST http://user_service:8002/auth/login "HTTP/1.1 200 OK"
2026-04-05 12:38:43,124 [httpx] INFO: HTTP Request: POST http://user_service:8002/auth/login "HTTP/1.1 200 OK"
2026-04-05 12:38:44,122 [httpx] INFO: HTTP Request: POST http://user_service:8002/auth/login "HTTP/1.1 200 OK"
2026-04-05 12:38:44,907 [httpx] INFO: HTTP Request: POST http://user_service:8002/auth/login "HTTP/1.1 200 OK"
2026-04-05 12:38:45,721 [httpx] INFO: HTTP Request: POST http://user_service:8002/auth/login "HTTP/1.1 200 OK"
2026-04-05 12:38:46,690 [httpx] INFO: HTTP Request: POST http://user_service:8002/auth/login "HTTP/1.1 200 OK"
2026-04-05 12:38:47,609 [httpx] INFO: HTTP Request: POST http://user_service:8002/auth/login "HTTP/1.1 200 OK"
2026-04-05 12:38:48,178 [httpx] INFO: HTTP Request: GET http://user_service:8002/users/admin/users "HTTP/1.1 200 OK"
2026-04-05 12:38:48,217 [httpx] INFO: HTTP Request: GET http://user_service:8002/users/admin/users "HTTP/1.1 200 OK"
2026-04-05 12:38:48,239 [httpx] INFO: HTTP Request: GET http://user_service:8002/auth/me "HTTP/1.1 200 OK"
2026-04-05 12:38:48,463 [httpx] INFO: HTTP Request: PUT http://user_service:8002/users/2 "HTTP/1.1 200 OK"
2026-04-05 12:38:48,613 [httpx] INFO: HTTP Request: POST http://community_service:8006/communities "HTTP/1.1 200 OK"
2026-04-05 12:38:48,654 [httpx] INFO: HTTP Request: POST http://community_service:8006/communities "HTTP/1.1 200 OK"
2026-04-05 12:38:48,691 [httpx] INFO: HTTP Request: POST http://community_service:8006/communities "HTTP/1.1 200 OK"
2026-04-05 12:38:48,770 [httpx] INFO: HTTP Request: POST http://community_service:8006/communities "HTTP/1.1 200 OK"
2026-04-05 12:38:48,849 [httpx] INFO: HTTP Request: POST http://community_service:8006/communities "HTTP/1.1 200 OK"
2026-04-05 12:38:48,929 [httpx] INFO: HTTP Request: POST http://community_service:8006/communities "HTTP/1.1 200 OK"
2026-04-05 12:38:49,028 [httpx] INFO: HTTP Request: POST http://community_service:8006/communities "HTTP/1.1 200 OK"
2026-04-05 12:38:49,073 [httpx] INFO: HTTP Request: POST http://community_service:8006/communities "HTTP/1.1 200 OK"
2026-04-05 12:38:49,124 [httpx] INFO: HTTP Request: POST http://community_service:8006/communities/1/join "HTTP/1.1 200 OK"
2026-04-05 12:38:49,167 [httpx] INFO: HTTP Request: POST http://community_service:8006/communities/1/join "HTTP/1.1 200 OK"
2026-04-05 12:38:49,198 [httpx] INFO: HTTP Request: POST http://community_service:8006/communities/1/join "HTTP/1.1 200 OK"
2026-04-05 12:38:49,238 [httpx] INFO: HTTP Request: POST http://community_service:8006/communities/1/join "HTTP/1.1 200 OK"
2026-04-05 12:38:49,264 [httpx] INFO: HTTP Request: POST http://community_service:8006/communities/1/join "HTTP/1.1 200 OK"
2026-04-05 12:38:49,308 [httpx] INFO: HTTP Request: POST http://community_service:8006/communities/1/join "HTTP/1.1 200 OK"
2026-04-05 12:38:49,360 [httpx] INFO: HTTP Request: POST http://community_service:8006/communities/1/join "HTTP/1.1 200 OK"
2026-04-05 12:38:49,407 [httpx] INFO: HTTP Request: POST http://community_service:8006/communities/1/join "HTTP/1.1 200 OK"
2026-04-05 12:38:49,432 [httpx] INFO: HTTP Request: POST http://community_service:8006/communities/1/join "HTTP/1.1 200 OK"
2026-04-05 12:38:49,451 [httpx] INFO: HTTP Request: POST http://community_service:8006/communities/1/join "HTTP/1.1 400 Bad Request"
2026-04-05 12:38:49,525 [httpx] INFO: HTTP Request: POST http://community_service:8006/communities/1/join "HTTP/1.1 200 OK"
2026-04-05 12:38:49,561 [httpx] INFO: HTTP Request: POST http://community_service:8006/communities/1/join "HTTP/1.1 200 OK"
2026-04-05 12:38:49,611 [httpx] INFO: HTTP Request: POST http://community_service:8006/communities/1/join "HTTP/1.1 200 OK"
2026-04-05 12:38:49,638 [httpx] INFO: HTTP Request: POST http://community_service:8006/communities/2/join "HTTP/1.1 200 OK"
2026-04-05 12:38:49,680 [httpx] INFO: HTTP Request: POST http://community_service:8006/communities/2/join "HTTP/1.1 200 OK"
2026-04-05 12:38:49,706 [httpx] INFO: HTTP Request: POST http://community_service:8006/communities/2/join "HTTP/1.1 200 OK"
2026-04-05 12:38:49,755 [httpx] INFO: HTTP Request: POST http://community_service:8006/communities/2/join "HTTP/1.1 200 OK"
2026-04-05 12:38:49,781 [httpx] INFO: HTTP Request: POST http://community_service:8006/communities/2/join "HTTP/1.1 200 OK"
2026-04-05 12:38:49,806 [httpx] INFO: HTTP Request: POST http://community_service:8006/communities/2/join "HTTP/1.1 200 OK"
2026-04-05 12:38:49,831 [httpx] INFO: HTTP Request: POST http://community_service:8006/communities/2/join "HTTP/1.1 200 OK"
2026-04-05 12:38:49,857 [httpx] INFO: HTTP Request: POST http://community_service:8006/communities/2/join "HTTP/1.1 200 OK"
2026-04-05 12:38:49,877 [httpx] INFO: HTTP Request: POST http://community_service:8006/communities/2/join "HTTP/1.1 400 Bad Request"
2026-04-05 12:38:49,919 [httpx] INFO: HTTP Request: POST http://community_service:8006/communities/2/join "HTTP/1.1 200 OK"
2026-04-05 12:38:49,944 [httpx] INFO: HTTP Request: POST http://community_service:8006/communities/2/join "HTTP/1.1 200 OK"
2026-04-05 12:38:49,968 [httpx] INFO: HTTP Request: POST http://community_service:8006/communities/2/join "HTTP/1.1 200 OK"
2026-04-05 12:38:50,010 [httpx] INFO: HTTP Request: POST http://community_service:8006/communities/2/join "HTTP/1.1 200 OK"
2026-04-05 12:38:50,036 [httpx] INFO: HTTP Request: POST http://community_service:8006/communities/2/join "HTTP/1.1 200 OK"
2026-04-05 12:38:50,060 [httpx] INFO: HTTP Request: POST http://community_service:8006/communities/3/join "HTTP/1.1 200 OK"
2026-04-05 12:38:50,084 [httpx] INFO: HTTP Request: POST http://community_service:8006/communities/3/join "HTTP/1.1 200 OK"
2026-04-05 12:38:50,108 [httpx] INFO: HTTP Request: POST http://community_service:8006/communities/3/join "HTTP/1.1 200 OK"
2026-04-05 12:38:50,131 [httpx] INFO: HTTP Request: POST http://community_service:8006/communities/3/join "HTTP/1.1 200 OK"
2026-04-05 12:38:50,155 [httpx] INFO: HTTP Request: POST http://community_service:8006/communities/3/join "HTTP/1.1 200 OK"
2026-04-05 12:38:50,179 [httpx] INFO: HTTP Request: POST http://community_service:8006/communities/3/join "HTTP/1.1 200 OK"
2026-04-05 12:38:50,205 [httpx] INFO: HTTP Request: POST http://community_service:8006/communities/3/join "HTTP/1.1 200 OK"
2026-04-05 12:38:50,228 [httpx] INFO: HTTP Request: POST http://community_service:8006/communities/3/join "HTTP/1.1 200 OK"
2026-04-05 12:38:50,246 [httpx] INFO: HTTP Request: POST http://community_service:8006/communities/3/join "HTTP/1.1 400 Bad Request"
2026-04-05 12:38:50,270 [httpx] INFO: HTTP Request: POST http://community_service:8006/communities/3/join "HTTP/1.1 200 OK"
2026-04-05 12:38:50,294 [httpx] INFO: HTTP Request: POST http://community_service:8006/communities/3/join "HTTP/1.1 200 OK"
2026-04-05 12:38:50,318 [httpx] INFO: HTTP Request: POST http://community_service:8006/communities/4/join "HTTP/1.1 200 OK"
2026-04-05 12:38:50,364 [httpx] INFO: HTTP Request: POST http://community_service:8006/communities/4/join "HTTP/1.1 200 OK"
2026-04-05 12:38:50,388 [httpx] INFO: HTTP Request: POST http://community_service:8006/communities/4/join "HTTP/1.1 200 OK"
2026-04-05 12:38:50,414 [httpx] INFO: HTTP Request: POST http://community_service:8006/communities/4/join "HTTP/1.1 200 OK"
2026-04-05 12:38:50,432 [httpx] INFO: HTTP Request: POST http://community_service:8006/communities/4/join "HTTP/1.1 400 Bad Request"
2026-04-05 12:38:50,456 [httpx] INFO: HTTP Request: POST http://community_service:8006/communities/4/join "HTTP/1.1 200 OK"
2026-04-05 12:38:50,482 [httpx] INFO: HTTP Request: POST http://community_service:8006/communities/4/join "HTTP/1.1 200 OK"
2026-04-05 12:38:50,503 [httpx] INFO: HTTP Request: POST http://community_service:8006/communities/4/join "HTTP/1.1 200 OK"
2026-04-05 12:38:50,526 [httpx] INFO: HTTP Request: POST http://community_service:8006/communities/5/join "HTTP/1.1 200 OK"
2026-04-05 12:38:50,552 [httpx] INFO: HTTP Request: POST http://community_service:8006/communities/5/join "HTTP/1.1 200 OK"
2026-04-05 12:38:50,570 [httpx] INFO: HTTP Request: POST http://community_service:8006/communities/5/join "HTTP/1.1 400 Bad Request"
2026-04-05 12:38:50,593 [httpx] INFO: HTTP Request: POST http://community_service:8006/communities/5/join "HTTP/1.1 200 OK"
2026-04-05 12:38:50,616 [httpx] INFO: HTTP Request: POST http://community_service:8006/communities/5/join "HTTP/1.1 200 OK"
2026-04-05 12:38:50,641 [httpx] INFO: HTTP Request: POST http://community_service:8006/communities/5/join "HTTP/1.1 200 OK"
2026-04-05 12:38:50,665 [httpx] INFO: HTTP Request: POST http://community_service:8006/communities/5/join "HTTP/1.1 200 OK"
2026-04-05 12:38:50,692 [httpx] INFO: HTTP Request: POST http://community_service:8006/communities/5/join "HTTP/1.1 200 OK"
2026-04-05 12:38:50,716 [httpx] INFO: HTTP Request: POST http://community_service:8006/communities/5/join "HTTP/1.1 200 OK"
2026-04-05 12:38:50,744 [httpx] INFO: HTTP Request: POST http://community_service:8006/communities/5/join "HTTP/1.1 200 OK"
2026-04-05 12:38:50,769 [httpx] INFO: HTTP Request: POST http://community_service:8006/communities/6/join "HTTP/1.1 200 OK"
2026-04-05 12:38:50,796 [httpx] INFO: HTTP Request: POST http://community_service:8006/communities/6/join "HTTP/1.1 200 OK"
2026-04-05 12:38:50,822 [httpx] INFO: HTTP Request: POST http://community_service:8006/communities/6/join "HTTP/1.1 200 OK"
2026-04-05 12:38:50,847 [httpx] INFO: HTTP Request: POST http://community_service:8006/communities/6/join "HTTP/1.1 200 OK"
2026-04-05 12:38:50,871 [httpx] INFO: HTTP Request: POST http://community_service:8006/communities/6/join "HTTP/1.1 200 OK"
2026-04-05 12:38:50,893 [httpx] INFO: HTTP Request: POST http://community_service:8006/communities/6/join "HTTP/1.1 200 OK"
2026-04-05 12:38:50,917 [httpx] INFO: HTTP Request: POST http://community_service:8006/communities/6/join "HTTP/1.1 200 OK"
2026-04-05 12:38:50,940 [httpx] INFO: HTTP Request: POST http://community_service:8006/communities/6/join "HTTP/1.1 200 OK"
2026-04-05 12:38:50,965 [httpx] INFO: HTTP Request: POST http://community_service:8006/communities/6/join "HTTP/1.1 200 OK"
2026-04-05 12:38:50,984 [httpx] INFO: HTTP Request: POST http://community_service:8006/communities/6/join "HTTP/1.1 400 Bad Request"
2026-04-05 12:38:51,008 [httpx] INFO: HTTP Request: POST http://community_service:8006/communities/6/join "HTTP/1.1 200 OK"
2026-04-05 12:38:51,032 [httpx] INFO: HTTP Request: POST http://community_service:8006/communities/6/join "HTTP/1.1 200 OK"
2026-04-05 12:38:51,087 [httpx] INFO: HTTP Request: POST http://community_service:8006/communities/7/join "HTTP/1.1 200 OK"
2026-04-05 12:38:51,111 [httpx] INFO: HTTP Request: POST http://community_service:8006/communities/7/join "HTTP/1.1 200 OK"
2026-04-05 12:38:51,134 [httpx] INFO: HTTP Request: POST http://community_service:8006/communities/7/join "HTTP/1.1 200 OK"
2026-04-05 12:38:51,154 [httpx] INFO: HTTP Request: POST http://community_service:8006/communities/7/join "HTTP/1.1 400 Bad Request"
2026-04-05 12:38:51,180 [httpx] INFO: HTTP Request: POST http://community_service:8006/communities/7/join "HTTP/1.1 200 OK"
2026-04-05 12:38:51,202 [httpx] INFO: HTTP Request: POST http://community_service:8006/communities/7/join "HTTP/1.1 200 OK"
2026-04-05 12:38:51,230 [httpx] INFO: HTTP Request: POST http://community_service:8006/communities/7/join "HTTP/1.1 200 OK"
2026-04-05 12:38:51,254 [httpx] INFO: HTTP Request: POST http://community_service:8006/communities/7/join "HTTP/1.1 200 OK"
2026-04-05 12:38:51,279 [httpx] INFO: HTTP Request: POST http://community_service:8006/communities/7/join "HTTP/1.1 200 OK"
2026-04-05 12:38:51,303 [httpx] INFO: HTTP Request: POST http://community_service:8006/communities/7/join "HTTP/1.1 200 OK"
2026-04-05 12:38:51,327 [httpx] INFO: HTTP Request: POST http://community_service:8006/communities/7/join "HTTP/1.1 200 OK"
2026-04-05 12:38:51,351 [httpx] INFO: HTTP Request: POST http://community_service:8006/communities/7/join "HTTP/1.1 200 OK"
2026-04-05 12:38:51,378 [httpx] INFO: HTTP Request: POST http://community_service:8006/communities/8/join "HTTP/1.1 200 OK"
2026-04-05 12:38:51,404 [httpx] INFO: HTTP Request: POST http://community_service:8006/communities/8/join "HTTP/1.1 200 OK"
2026-04-05 12:38:51,427 [httpx] INFO: HTTP Request: POST http://community_service:8006/communities/8/join "HTTP/1.1 200 OK"
2026-04-05 12:38:51,452 [httpx] INFO: HTTP Request: POST http://community_service:8006/communities/8/join "HTTP/1.1 200 OK"
2026-04-05 12:38:51,477 [httpx] INFO: HTTP Request: POST http://community_service:8006/communities/8/join "HTTP/1.1 200 OK"
2026-04-05 12:38:51,499 [httpx] INFO: HTTP Request: POST http://community_service:8006/communities/8/join "HTTP/1.1 200 OK"
2026-04-05 12:38:51,540 [httpx] INFO: HTTP Request: POST http://community_service:8006/communities/8/join "HTTP/1.1 200 OK"
2026-04-05 12:38:51,565 [httpx] INFO: HTTP Request: POST http://community_service:8006/communities/8/join "HTTP/1.1 200 OK"
2026-04-05 12:38:51,588 [httpx] INFO: HTTP Request: POST http://community_service:8006/communities/8/join "HTTP/1.1 200 OK"
2026-04-05 12:38:51,615 [httpx] INFO: HTTP Request: POST http://community_service:8006/communities/8/join "HTTP/1.1 200 OK"
2026-04-05 12:38:51,643 [httpx] INFO: HTTP Request: POST http://community_service:8006/communities/8/join "HTTP/1.1 200 OK"
2026-04-05 12:38:51,666 [httpx] INFO: HTTP Request: POST http://community_service:8006/communities/8/join "HTTP/1.1 200 OK"
2026-04-05 12:38:51,690 [httpx] INFO: HTTP Request: POST http://community_service:8006/communities/8/join "HTTP/1.1 200 OK"
2026-04-05 12:38:51,893 [httpx] INFO: HTTP Request: POST http://thread_service:8003/threads "HTTP/1.1 200 OK"
2026-04-05 12:38:51,956 [httpx] INFO: HTTP Request: POST http://thread_service:8003/threads "HTTP/1.1 200 OK"
2026-04-05 12:38:52,014 [httpx] INFO: HTTP Request: POST http://thread_service:8003/threads "HTTP/1.1 200 OK"
2026-04-05 12:38:52,070 [httpx] INFO: HTTP Request: POST http://thread_service:8003/threads "HTTP/1.1 200 OK"
2026-04-05 12:38:52,129 [httpx] INFO: HTTP Request: POST http://thread_service:8003/threads "HTTP/1.1 200 OK"
2026-04-05 12:38:52,216 [httpx] INFO: HTTP Request: POST http://thread_service:8003/threads "HTTP/1.1 200 OK"
2026-04-05 12:38:52,276 [httpx] INFO: HTTP Request: POST http://thread_service:8003/threads "HTTP/1.1 200 OK"
2026-04-05 12:38:52,331 [httpx] INFO: HTTP Request: POST http://thread_service:8003/threads "HTTP/1.1 200 OK"
2026-04-05 12:38:52,393 [httpx] INFO: HTTP Request: POST http://thread_service:8003/threads "HTTP/1.1 200 OK"
2026-04-05 12:38:52,448 [httpx] INFO: HTTP Request: POST http://thread_service:8003/threads "HTTP/1.1 200 OK"
2026-04-05 12:38:52,524 [httpx] INFO: HTTP Request: POST http://thread_service:8003/threads "HTTP/1.1 200 OK"
2026-04-05 12:38:52,583 [httpx] INFO: HTTP Request: POST http://thread_service:8003/threads "HTTP/1.1 200 OK"
2026-04-05 12:38:52,639 [httpx] INFO: HTTP Request: POST http://thread_service:8003/threads "HTTP/1.1 200 OK"
2026-04-05 12:38:52,694 [httpx] INFO: HTTP Request: POST http://thread_service:8003/threads "HTTP/1.1 200 OK"
2026-04-05 12:38:52,751 [httpx] INFO: HTTP Request: POST http://thread_service:8003/threads "HTTP/1.1 200 OK"
2026-04-05 12:38:52,811 [httpx] INFO: HTTP Request: POST http://thread_service:8003/threads "HTTP/1.1 200 OK"
2026-04-05 12:38:52,867 [httpx] INFO: HTTP Request: POST http://thread_service:8003/threads "HTTP/1.1 200 OK"
2026-04-05 12:38:52,925 [httpx] INFO: HTTP Request: POST http://thread_service:8003/threads "HTTP/1.1 200 OK"
2026-04-05 12:38:52,982 [httpx] INFO: HTTP Request: POST http://thread_service:8003/threads "HTTP/1.1 200 OK"
2026-04-05 12:38:53,039 [httpx] INFO: HTTP Request: POST http://thread_service:8003/threads "HTTP/1.1 200 OK"
2026-04-05 12:38:53,103 [httpx] INFO: HTTP Request: POST http://thread_service:8003/threads/1/like "HTTP/1.1 200 OK"
2026-04-05 12:38:53,138 [httpx] INFO: HTTP Request: POST http://thread_service:8003/threads/1/like "HTTP/1.1 200 OK"
2026-04-05 12:38:53,173 [httpx] INFO: HTTP Request: POST http://thread_service:8003/threads/1/like "HTTP/1.1 200 OK"
2026-04-05 12:38:53,205 [httpx] INFO: HTTP Request: POST http://thread_service:8003/threads/1/like "HTTP/1.1 200 OK"
2026-04-05 12:38:53,233 [httpx] INFO: HTTP Request: POST http://thread_service:8003/threads/1/like "HTTP/1.1 200 OK"
2026-04-05 12:38:53,264 [httpx] INFO: HTTP Request: POST http://thread_service:8003/threads/1/like "HTTP/1.1 200 OK"
2026-04-05 12:38:53,293 [httpx] INFO: HTTP Request: POST http://thread_service:8003/threads/1/like "HTTP/1.1 200 OK"
2026-04-05 12:38:53,329 [httpx] INFO: HTTP Request: POST http://thread_service:8003/threads/1/like "HTTP/1.1 200 OK"
2026-04-05 12:38:53,375 [httpx] INFO: HTTP Request: POST http://thread_service:8003/threads/2/like "HTTP/1.1 200 OK"
2026-04-05 12:38:53,421 [httpx] INFO: HTTP Request: POST http://thread_service:8003/threads/2/like "HTTP/1.1 200 OK"
2026-04-05 12:38:53,457 [httpx] INFO: HTTP Request: POST http://thread_service:8003/threads/2/like "HTTP/1.1 200 OK"
2026-04-05 12:38:53,491 [httpx] INFO: HTTP Request: POST http://thread_service:8003/threads/2/like "HTTP/1.1 200 OK"
2026-04-05 12:38:53,521 [httpx] INFO: HTTP Request: POST http://thread_service:8003/threads/2/like "HTTP/1.1 200 OK"
2026-04-05 12:38:53,549 [httpx] INFO: HTTP Request: POST http://thread_service:8003/threads/2/like "HTTP/1.1 200 OK"
2026-04-05 12:38:53,575 [httpx] INFO: HTTP Request: POST http://thread_service:8003/threads/3/like "HTTP/1.1 200 OK"
2026-04-05 12:38:53,631 [httpx] INFO: HTTP Request: POST http://thread_service:8003/threads/3/like "HTTP/1.1 200 OK"
2026-04-05 12:38:53,663 [httpx] INFO: HTTP Request: POST http://thread_service:8003/threads/3/like "HTTP/1.1 200 OK"
2026-04-05 12:38:53,692 [httpx] INFO: HTTP Request: POST http://thread_service:8003/threads/3/like "HTTP/1.1 200 OK"
2026-04-05 12:38:53,722 [httpx] INFO: HTTP Request: POST http://thread_service:8003/threads/3/like "HTTP/1.1 200 OK"
2026-04-05 12:38:53,751 [httpx] INFO: HTTP Request: POST http://thread_service:8003/threads/3/like "HTTP/1.1 200 OK"
2026-04-05 12:38:53,781 [httpx] INFO: HTTP Request: POST http://thread_service:8003/threads/3/like "HTTP/1.1 200 OK"
2026-04-05 12:38:53,808 [httpx] INFO: HTTP Request: POST http://thread_service:8003/threads/3/like "HTTP/1.1 200 OK"
2026-04-05 12:38:53,839 [httpx] INFO: HTTP Request: POST http://thread_service:8003/threads/4/like "HTTP/1.1 200 OK"
2026-04-05 12:38:53,867 [httpx] INFO: HTTP Request: POST http://thread_service:8003/threads/4/like "HTTP/1.1 200 OK"
2026-04-05 12:38:53,897 [httpx] INFO: HTTP Request: POST http://thread_service:8003/threads/4/like "HTTP/1.1 200 OK"
2026-04-05 12:38:53,928 [httpx] INFO: HTTP Request: POST http://thread_service:8003/threads/5/like "HTTP/1.1 200 OK"
2026-04-05 12:38:53,958 [httpx] INFO: HTTP Request: POST http://thread_service:8003/threads/5/like "HTTP/1.1 200 OK"
2026-04-05 12:38:53,987 [httpx] INFO: HTTP Request: POST http://thread_service:8003/threads/5/like "HTTP/1.1 200 OK"
2026-04-05 12:38:54,016 [httpx] INFO: HTTP Request: POST http://thread_service:8003/threads/5/like "HTTP/1.1 200 OK"
2026-04-05 12:38:54,043 [httpx] INFO: HTTP Request: POST http://thread_service:8003/threads/6/like "HTTP/1.1 200 OK"
2026-04-05 12:38:54,072 [httpx] INFO: HTTP Request: POST http://thread_service:8003/threads/6/like "HTTP/1.1 200 OK"
2026-04-05 12:38:54,102 [httpx] INFO: HTTP Request: POST http://thread_service:8003/threads/6/like "HTTP/1.1 200 OK"
2026-04-05 12:38:54,130 [httpx] INFO: HTTP Request: POST http://thread_service:8003/threads/7/like "HTTP/1.1 200 OK"
2026-04-05 12:38:54,160 [httpx] INFO: HTTP Request: POST http://thread_service:8003/threads/7/like "HTTP/1.1 200 OK"
2026-04-05 12:38:54,189 [httpx] INFO: HTTP Request: POST http://thread_service:8003/threads/7/like "HTTP/1.1 200 OK"
2026-04-05 12:38:54,219 [httpx] INFO: HTTP Request: POST http://thread_service:8003/threads/7/like "HTTP/1.1 200 OK"
2026-04-05 12:38:54,247 [httpx] INFO: HTTP Request: POST http://thread_service:8003/threads/7/like "HTTP/1.1 200 OK"
2026-04-05 12:38:54,278 [httpx] INFO: HTTP Request: POST http://thread_service:8003/threads/7/like "HTTP/1.1 200 OK"
2026-04-05 12:38:54,306 [httpx] INFO: HTTP Request: POST http://thread_service:8003/threads/7/like "HTTP/1.1 200 OK"
2026-04-05 12:38:54,336 [httpx] INFO: HTTP Request: POST http://thread_service:8003/threads/8/like "HTTP/1.1 200 OK"
2026-04-05 12:38:54,364 [httpx] INFO: HTTP Request: POST http://thread_service:8003/threads/8/like "HTTP/1.1 200 OK"
2026-04-05 12:38:54,401 [httpx] INFO: HTTP Request: POST http://thread_service:8003/threads/8/like "HTTP/1.1 200 OK"
2026-04-05 12:38:54,434 [httpx] INFO: HTTP Request: POST http://thread_service:8003/threads/8/like "HTTP/1.1 200 OK"
2026-04-05 12:38:54,465 [httpx] INFO: HTTP Request: POST http://thread_service:8003/threads/9/like "HTTP/1.1 200 OK"
2026-04-05 12:38:53,963 [httpx] INFO: HTTP Request: POST http://thread_service:8003/threads/9/like "HTTP/1.1 200 OK"
2026-04-05 12:38:54,019 [httpx] INFO: HTTP Request: POST http://thread_service:8003/threads/9/like "HTTP/1.1 200 OK"
2026-04-05 12:38:54,048 [httpx] INFO: HTTP Request: POST http://thread_service:8003/threads/9/like "HTTP/1.1 200 OK"
2026-04-05 12:38:54,082 [httpx] INFO: HTTP Request: POST http://thread_service:8003/threads/9/like "HTTP/1.1 200 OK"
2026-04-05 12:38:54,119 [httpx] INFO: HTTP Request: POST http://thread_service:8003/threads/9/like "HTTP/1.1 200 OK"
2026-04-05 12:38:54,149 [httpx] INFO: HTTP Request: POST http://thread_service:8003/threads/10/like "HTTP/1.1 200 OK"
2026-04-05 12:38:53,532 [httpx] INFO: HTTP Request: POST http://thread_service:8003/threads/10/like "HTTP/1.1 200 OK"
2026-04-05 12:38:53,564 [httpx] INFO: HTTP Request: POST http://thread_service:8003/threads/10/like "HTTP/1.1 200 OK"
2026-04-05 12:38:53,594 [httpx] INFO: HTTP Request: POST http://thread_service:8003/threads/10/like "HTTP/1.1 200 OK"
2026-04-05 12:38:53,625 [httpx] INFO: HTTP Request: POST http://thread_service:8003/threads/10/like "HTTP/1.1 200 OK"
2026-04-05 12:38:53,652 [httpx] INFO: HTTP Request: POST http://thread_service:8003/threads/10/like "HTTP/1.1 200 OK"
2026-04-05 12:38:53,682 [httpx] INFO: HTTP Request: POST http://thread_service:8003/threads/10/like "HTTP/1.1 200 OK"
2026-04-05 12:38:53,712 [httpx] INFO: HTTP Request: POST http://thread_service:8003/threads/11/like "HTTP/1.1 200 OK"
2026-04-05 12:38:53,744 [httpx] INFO: HTTP Request: POST http://thread_service:8003/threads/11/like "HTTP/1.1 200 OK"
2026-04-05 12:38:53,776 [httpx] INFO: HTTP Request: POST http://thread_service:8003/threads/11/like "HTTP/1.1 200 OK"
2026-04-05 12:38:53,805 [httpx] INFO: HTTP Request: POST http://thread_service:8003/threads/11/like "HTTP/1.1 200 OK"
2026-04-05 12:38:53,836 [httpx] INFO: HTTP Request: POST http://thread_service:8003/threads/11/like "HTTP/1.1 200 OK"
2026-04-05 12:38:53,867 [httpx] INFO: HTTP Request: POST http://thread_service:8003/threads/11/like "HTTP/1.1 200 OK"
2026-04-05 12:38:53,893 [httpx] INFO: HTTP Request: POST http://thread_service:8003/threads/11/like "HTTP/1.1 200 OK"
2026-04-05 12:38:53,922 [httpx] INFO: HTTP Request: POST http://thread_service:8003/threads/12/like "HTTP/1.1 200 OK"
2026-04-05 12:38:53,949 [httpx] INFO: HTTP Request: POST http://thread_service:8003/threads/12/like "HTTP/1.1 200 OK"
2026-04-05 12:38:53,980 [httpx] INFO: HTTP Request: POST http://thread_service:8003/threads/12/like "HTTP/1.1 200 OK"
2026-04-05 12:38:54,009 [httpx] INFO: HTTP Request: POST http://thread_service:8003/threads/13/like "HTTP/1.1 200 OK"
2026-04-05 12:38:54,043 [httpx] INFO: HTTP Request: POST http://thread_service:8003/threads/13/like "HTTP/1.1 200 OK"
2026-04-05 12:38:54,074 [httpx] INFO: HTTP Request: POST http://thread_service:8003/threads/13/like "HTTP/1.1 200 OK"
2026-04-05 12:38:54,103 [httpx] INFO: HTTP Request: POST http://thread_service:8003/threads/14/like "HTTP/1.1 200 OK"
2026-04-05 12:38:54,131 [httpx] INFO: HTTP Request: POST http://thread_service:8003/threads/14/like "HTTP/1.1 200 OK"
2026-04-05 12:38:54,158 [httpx] INFO: HTTP Request: POST http://thread_service:8003/threads/14/like "HTTP/1.1 200 OK"
2026-04-05 12:38:54,188 [httpx] INFO: HTTP Request: POST http://thread_service:8003/threads/14/like "HTTP/1.1 200 OK"
2026-04-05 12:38:54,219 [httpx] INFO: HTTP Request: POST http://thread_service:8003/threads/14/like "HTTP/1.1 200 OK"
2026-04-05 12:38:54,252 [httpx] INFO: HTTP Request: POST http://thread_service:8003/threads/15/like "HTTP/1.1 200 OK"
2026-04-05 12:38:54,310 [httpx] INFO: HTTP Request: POST http://thread_service:8003/threads/15/like "HTTP/1.1 200 OK"
2026-04-05 12:38:54,340 [httpx] INFO: HTTP Request: POST http://thread_service:8003/threads/15/like "HTTP/1.1 200 OK"
2026-04-05 12:38:54,368 [httpx] INFO: HTTP Request: POST http://thread_service:8003/threads/16/like "HTTP/1.1 200 OK"
2026-04-05 12:38:54,398 [httpx] INFO: HTTP Request: POST http://thread_service:8003/threads/16/like "HTTP/1.1 200 OK"
2026-04-05 12:38:54,427 [httpx] INFO: HTTP Request: POST http://thread_service:8003/threads/16/like "HTTP/1.1 200 OK"
2026-04-05 12:38:54,455 [httpx] INFO: HTTP Request: POST http://thread_service:8003/threads/16/like "HTTP/1.1 200 OK"
2026-04-05 12:38:54,483 [httpx] INFO: HTTP Request: POST http://thread_service:8003/threads/16/like "HTTP/1.1 200 OK"
2026-04-05 12:38:54,511 [httpx] INFO: HTTP Request: POST http://thread_service:8003/threads/16/like "HTTP/1.1 200 OK"
2026-04-05 12:38:54,537 [httpx] INFO: HTTP Request: POST http://thread_service:8003/threads/16/like "HTTP/1.1 200 OK"
2026-04-05 12:38:54,566 [httpx] INFO: HTTP Request: POST http://thread_service:8003/threads/16/like "HTTP/1.1 200 OK"
2026-04-05 12:38:54,596 [httpx] INFO: HTTP Request: POST http://thread_service:8003/threads/17/like "HTTP/1.1 200 OK"
2026-04-05 12:38:54,625 [httpx] INFO: HTTP Request: POST http://thread_service:8003/threads/17/like "HTTP/1.1 200 OK"
2026-04-05 12:38:54,653 [httpx] INFO: HTTP Request: POST http://thread_service:8003/threads/17/like "HTTP/1.1 200 OK"
2026-04-05 12:38:54,682 [httpx] INFO: HTTP Request: POST http://thread_service:8003/threads/17/like "HTTP/1.1 200 OK"
2026-04-05 12:38:54,712 [httpx] INFO: HTTP Request: POST http://thread_service:8003/threads/18/like "HTTP/1.1 200 OK"
2026-04-05 12:38:54,740 [httpx] INFO: HTTP Request: POST http://thread_service:8003/threads/18/like "HTTP/1.1 200 OK"
2026-04-05 12:38:54,771 [httpx] INFO: HTTP Request: POST http://thread_service:8003/threads/18/like "HTTP/1.1 200 OK"
2026-04-05 12:38:54,799 [httpx] INFO: HTTP Request: POST http://thread_service:8003/threads/18/like "HTTP/1.1 200 OK"
2026-04-05 12:38:54,829 [httpx] INFO: HTTP Request: POST http://thread_service:8003/threads/18/like "HTTP/1.1 200 OK"
2026-04-05 12:38:54,857 [httpx] INFO: HTTP Request: POST http://thread_service:8003/threads/19/like "HTTP/1.1 200 OK"
2026-04-05 12:38:54,885 [httpx] INFO: HTTP Request: POST http://thread_service:8003/threads/19/like "HTTP/1.1 200 OK"
2026-04-05 12:38:54,915 [httpx] INFO: HTTP Request: POST http://thread_service:8003/threads/19/like "HTTP/1.1 200 OK"
2026-04-05 12:38:54,944 [httpx] INFO: HTTP Request: POST http://thread_service:8003/threads/19/like "HTTP/1.1 200 OK"
2026-04-05 12:38:54,971 [httpx] INFO: HTTP Request: POST http://thread_service:8003/threads/19/like "HTTP/1.1 200 OK"
2026-04-05 12:38:54,999 [httpx] INFO: HTTP Request: POST http://thread_service:8003/threads/19/like "HTTP/1.1 200 OK"
2026-04-05 12:38:55,027 [httpx] INFO: HTTP Request: POST http://thread_service:8003/threads/19/like "HTTP/1.1 200 OK"
2026-04-05 12:38:55,055 [httpx] INFO: HTTP Request: POST http://thread_service:8003/threads/20/like "HTTP/1.1 200 OK"
2026-04-05 12:38:55,084 [httpx] INFO: HTTP Request: POST http://thread_service:8003/threads/20/like "HTTP/1.1 200 OK"
2026-04-05 12:38:55,111 [httpx] INFO: HTTP Request: POST http://thread_service:8003/threads/20/like "HTTP/1.1 200 OK"
2026-04-05 12:38:55,140 [httpx] INFO: HTTP Request: POST http://thread_service:8003/threads/20/like "HTTP/1.1 200 OK"
2026-04-05 12:38:55,194 [httpx] INFO: HTTP Request: POST http://thread_service:8003/threads/20/like "HTTP/1.1 200 OK"
2026-04-05 12:38:55,419 [httpx] INFO: HTTP Request: POST http://comment_service:8005/comments "HTTP/1.1 200 OK"
2026-04-05 12:38:55,479 [httpx] INFO: HTTP Request: POST http://comment_service:8005/comments "HTTP/1.1 200 OK"
2026-04-05 12:38:55,551 [httpx] INFO: HTTP Request: POST http://comment_service:8005/comments "HTTP/1.1 200 OK"
2026-04-05 12:38:55,622 [httpx] INFO: HTTP Request: POST http://comment_service:8005/comments "HTTP/1.1 200 OK"
2026-04-05 12:38:55,693 [httpx] INFO: HTTP Request: POST http://comment_service:8005/comments "HTTP/1.1 200 OK"
2026-04-05 12:38:55,765 [httpx] INFO: HTTP Request: POST http://comment_service:8005/comments "HTTP/1.1 200 OK"
2026-04-05 12:38:55,836 [httpx] INFO: HTTP Request: POST http://comment_service:8005/comments "HTTP/1.1 200 OK"
2026-04-05 12:38:55,925 [httpx] INFO: HTTP Request: POST http://comment_service:8005/comments "HTTP/1.1 200 OK"
2026-04-05 12:38:55,978 [httpx] INFO: HTTP Request: POST http://comment_service:8005/comments "HTTP/1.1 200 OK"
2026-04-05 12:38:56,044 [httpx] INFO: HTTP Request: POST http://comment_service:8005/comments "HTTP/1.1 200 OK"
2026-04-05 12:38:56,110 [httpx] INFO: HTTP Request: POST http://comment_service:8005/comments "HTTP/1.1 200 OK"
2026-04-05 12:38:56,179 [httpx] INFO: HTTP Request: POST http://comment_service:8005/comments "HTTP/1.1 200 OK"
2026-04-05 12:38:56,247 [httpx] INFO: HTTP Request: POST http://comment_service:8005/comments "HTTP/1.1 200 OK"
2026-04-05 12:38:56,301 [httpx] INFO: HTTP Request: POST http://comment_service:8005/comments "HTTP/1.1 200 OK"
2026-04-05 12:38:56,354 [httpx] INFO: HTTP Request: POST http://comment_service:8005/comments "HTTP/1.1 200 OK"
2026-04-05 12:38:56,424 [httpx] INFO: HTTP Request: POST http://comment_service:8005/comments "HTTP/1.1 200 OK"
2026-04-05 12:38:56,476 [httpx] INFO: HTTP Request: POST http://comment_service:8005/comments "HTTP/1.1 200 OK"
2026-04-05 12:38:56,563 [httpx] INFO: HTTP Request: POST http://comment_service:8005/comments "HTTP/1.1 200 OK"
2026-04-05 12:38:56,634 [httpx] INFO: HTTP Request: POST http://comment_service:8005/comments "HTTP/1.1 200 OK"
2026-04-05 12:38:56,688 [httpx] INFO: HTTP Request: POST http://comment_service:8005/comments "HTTP/1.1 200 OK"
2026-04-05 12:38:56,737 [httpx] INFO: HTTP Request: POST http://comment_service:8005/comments "HTTP/1.1 200 OK"
2026-04-05 12:38:56,805 [httpx] INFO: HTTP Request: POST http://comment_service:8005/comments "HTTP/1.1 200 OK"
2026-04-05 12:38:56,854 [httpx] INFO: HTTP Request: POST http://comment_service:8005/comments "HTTP/1.1 200 OK"
2026-04-05 12:38:56,906 [httpx] INFO: HTTP Request: POST http://comment_service:8005/comments "HTTP/1.1 200 OK"
2026-04-05 12:38:56,957 [httpx] INFO: HTTP Request: POST http://comment_service:8005/comments "HTTP/1.1 200 OK"
2026-04-05 12:38:57,024 [httpx] INFO: HTTP Request: POST http://comment_service:8005/comments "HTTP/1.1 200 OK"
2026-04-05 12:38:57,076 [httpx] INFO: HTTP Request: POST http://comment_service:8005/comments "HTTP/1.1 200 OK"
2026-04-05 12:38:57,130 [httpx] INFO: HTTP Request: POST http://comment_service:8005/comments "HTTP/1.1 200 OK"
2026-04-05 12:38:57,184 [httpx] INFO: HTTP Request: POST http://comment_service:8005/comments "HTTP/1.1 200 OK"
2026-04-05 12:38:57,264 [httpx] INFO: HTTP Request: POST http://comment_service:8005/comments "HTTP/1.1 200 OK"
2026-04-05 12:38:57,346 [httpx] INFO: HTTP Request: POST http://comment_service:8005/comments "HTTP/1.1 200 OK"
2026-04-05 12:38:57,398 [httpx] INFO: HTTP Request: POST http://comment_service:8005/comments "HTTP/1.1 200 OK"
2026-04-05 12:38:57,450 [httpx] INFO: HTTP Request: POST http://comment_service:8005/comments "HTTP/1.1 200 OK"
2026-04-05 12:38:57,503 [httpx] INFO: HTTP Request: POST http://comment_service:8005/comments "HTTP/1.1 200 OK"
2026-04-05 12:38:57,555 [httpx] INFO: HTTP Request: POST http://comment_service:8005/comments "HTTP/1.1 200 OK"
2026-04-05 12:38:57,606 [httpx] INFO: HTTP Request: POST http://comment_service:8005/comments "HTTP/1.1 200 OK"
2026-04-05 12:38:57,673 [httpx] INFO: HTTP Request: POST http://comment_service:8005/comments "HTTP/1.1 200 OK"
2026-04-05 12:38:57,727 [httpx] INFO: HTTP Request: POST http://comment_service:8005/comments "HTTP/1.1 200 OK"
2026-04-05 12:38:57,780 [httpx] INFO: HTTP Request: POST http://comment_service:8005/comments "HTTP/1.1 200 OK"
2026-04-05 12:38:57,835 [httpx] INFO: HTTP Request: POST http://comment_service:8005/comments "HTTP/1.1 200 OK"
2026-04-05 12:38:57,888 [httpx] INFO: HTTP Request: POST http://comment_service:8005/comments "HTTP/1.1 200 OK"
2026-04-05 12:38:57,958 [httpx] INFO: HTTP Request: POST http://comment_service:8005/comments "HTTP/1.1 200 OK"
2026-04-05 12:38:58,016 [httpx] INFO: HTTP Request: POST http://comment_service:8005/comments "HTTP/1.1 200 OK"
2026-04-05 12:38:58,080 [httpx] INFO: HTTP Request: POST http://comment_service:8005/comments "HTTP/1.1 200 OK"
2026-04-05 12:38:58,142 [httpx] INFO: HTTP Request: POST http://comment_service:8005/comments "HTTP/1.1 200 OK"
2026-04-05 12:38:58,213 [httpx] INFO: HTTP Request: POST http://comment_service:8005/comments "HTTP/1.1 200 OK"
2026-04-05 12:38:58,270 [httpx] INFO: HTTP Request: POST http://comment_service:8005/comments "HTTP/1.1 200 OK"
2026-04-05 12:38:58,330 [httpx] INFO: HTTP Request: POST http://comment_service:8005/comments "HTTP/1.1 200 OK"
2026-04-05 12:38:58,384 [httpx] INFO: HTTP Request: POST http://comment_service:8005/comments "HTTP/1.1 200 OK"
2026-04-05 12:38:58,437 [httpx] INFO: HTTP Request: POST http://comment_service:8005/comments "HTTP/1.1 200 OK"
2026-04-05 12:38:58,511 [httpx] INFO: HTTP Request: POST http://comment_service:8005/comments "HTTP/1.1 200 OK"
2026-04-05 12:38:58,568 [httpx] INFO: HTTP Request: POST http://comment_service:8005/comments "HTTP/1.1 200 OK"
2026-04-05 12:38:58,619 [httpx] INFO: HTTP Request: POST http://comment_service:8005/comments "HTTP/1.1 200 OK"
2026-04-05 12:38:58,672 [httpx] INFO: HTTP Request: POST http://comment_service:8005/comments "HTTP/1.1 200 OK"
2026-04-05 12:38:58,724 [httpx] INFO: HTTP Request: POST http://comment_service:8005/comments "HTTP/1.1 200 OK"
2026-04-05 12:38:58,775 [httpx] INFO: HTTP Request: POST http://comment_service:8005/comments "HTTP/1.1 200 OK"
2026-04-05 12:38:58,826 [httpx] INFO: HTTP Request: POST http://comment_service:8005/comments "HTTP/1.1 200 OK"
2026-04-05 12:38:58,890 [httpx] INFO: HTTP Request: POST http://comment_service:8005/comments "HTTP/1.1 200 OK"
2026-04-05 12:38:58,940 [httpx] INFO: HTTP Request: POST http://comment_service:8005/comments "HTTP/1.1 200 OK"
2026-04-05 12:38:59,022 [httpx] INFO: HTTP Request: POST http://comment_service:8005/comments "HTTP/1.1 200 OK"
2026-04-05 12:38:59,076 [httpx] INFO: HTTP Request: POST http://comment_service:8005/comments "HTTP/1.1 200 OK"
2026-04-05 12:38:59,129 [httpx] INFO: HTTP Request: POST http://comment_service:8005/comments "HTTP/1.1 200 OK"
2026-04-05 12:38:59,180 [httpx] INFO: HTTP Request: POST http://comment_service:8005/comments "HTTP/1.1 200 OK"
2026-04-05 12:38:59,233 [httpx] INFO: HTTP Request: POST http://comment_service:8005/comments "HTTP/1.1 200 OK"
2026-04-05 12:38:59,302 [httpx] INFO: HTTP Request: POST http://comment_service:8005/comments "HTTP/1.1 200 OK"
2026-04-05 12:38:59,358 [httpx] INFO: HTTP Request: POST http://comment_service:8005/comments "HTTP/1.1 200 OK"
2026-04-05 12:38:59,410 [httpx] INFO: HTTP Request: POST http://comment_service:8005/comments "HTTP/1.1 200 OK"
2026-04-05 12:38:59,467 [httpx] INFO: HTTP Request: POST http://comment_service:8005/comments "HTTP/1.1 200 OK"
2026-04-05 12:38:59,525 [httpx] INFO: HTTP Request: POST http://comment_service:8005/comments "HTTP/1.1 200 OK"
2026-04-05 12:38:59,579 [httpx] INFO: HTTP Request: POST http://comment_service:8005/comments "HTTP/1.1 200 OK"
2026-04-05 12:38:59,639 [httpx] INFO: HTTP Request: POST http://comment_service:8005/comments "HTTP/1.1 200 OK"
2026-04-05 12:38:59,694 [httpx] INFO: HTTP Request: POST http://comment_service:8005/comments "HTTP/1.1 200 OK"
2026-04-05 12:38:59,762 [httpx] INFO: HTTP Request: POST http://comment_service:8005/comments "HTTP/1.1 200 OK"
2026-04-05 12:38:59,819 [httpx] INFO: HTTP Request: POST http://comment_service:8005/comments "HTTP/1.1 200 OK"
2026-04-05 12:38:59,873 [httpx] INFO: HTTP Request: POST http://comment_service:8005/comments "HTTP/1.1 200 OK"
2026-04-05 12:38:59,934 [httpx] INFO: HTTP Request: POST http://comment_service:8005/comments "HTTP/1.1 200 OK"
2026-04-05 12:38:59,993 [httpx] INFO: HTTP Request: POST http://comment_service:8005/comments "HTTP/1.1 200 OK"
2026-04-05 12:39:00,046 [httpx] INFO: HTTP Request: POST http://comment_service:8005/comments "HTTP/1.1 200 OK"
2026-04-05 12:39:00,098 [httpx] INFO: HTTP Request: POST http://comment_service:8005/comments "HTTP/1.1 200 OK"
2026-04-05 12:39:00,152 [httpx] INFO: HTTP Request: POST http://comment_service:8005/comments "HTTP/1.1 200 OK"
2026-04-05 12:39:00,207 [httpx] INFO: HTTP Request: POST http://comment_service:8005/comments "HTTP/1.1 200 OK"
2026-04-05 12:39:00,259 [httpx] INFO: HTTP Request: POST http://comment_service:8005/comments "HTTP/1.1 200 OK"
2026-04-05 12:39:00,311 [httpx] INFO: HTTP Request: POST http://comment_service:8005/comments "HTTP/1.1 200 OK"
2026-04-05 12:39:00,379 [httpx] INFO: HTTP Request: POST http://comment_service:8005/comments "HTTP/1.1 200 OK"
2026-04-05 12:39:00,429 [httpx] INFO: HTTP Request: POST http://comment_service:8005/comments "HTTP/1.1 200 OK"
2026-04-05 12:39:00,482 [httpx] INFO: HTTP Request: POST http://comment_service:8005/comments "HTTP/1.1 200 OK"
2026-04-05 12:39:00,535 [httpx] INFO: HTTP Request: POST http://comment_service:8005/comments "HTTP/1.1 200 OK"
2026-04-05 12:39:00,596 [httpx] INFO: HTTP Request: POST http://comment_service:8005/comments "HTTP/1.1 200 OK"
2026-04-05 12:39:00,648 [httpx] INFO: HTTP Request: POST http://comment_service:8005/comments "HTTP/1.1 200 OK"
2026-04-05 12:39:00,728 [httpx] INFO: HTTP Request: POST http://comment_service:8005/comments "HTTP/1.1 200 OK"
2026-04-05 12:39:00,784 [httpx] INFO: HTTP Request: POST http://comment_service:8005/comments "HTTP/1.1 200 OK"
2026-04-05 12:39:00,837 [httpx] INFO: HTTP Request: POST http://comment_service:8005/comments "HTTP/1.1 200 OK"
2026-04-05 12:39:00,888 [httpx] INFO: HTTP Request: POST http://comment_service:8005/comments "HTTP/1.1 200 OK"
2026-04-05 12:39:00,939 [httpx] INFO: HTTP Request: POST http://comment_service:8005/comments "HTTP/1.1 200 OK"
2026-04-05 12:39:00,992 [httpx] INFO: HTTP Request: POST http://comment_service:8005/comments "HTTP/1.1 200 OK"
2026-04-05 12:39:01,042 [httpx] INFO: HTTP Request: POST http://comment_service:8005/comments "HTTP/1.1 200 OK"
2026-04-05 12:39:01,095 [httpx] INFO: HTTP Request: POST http://comment_service:8005/comments "HTTP/1.1 200 OK"
2026-04-05 12:39:01,147 [httpx] INFO: HTTP Request: POST http://comment_service:8005/comments "HTTP/1.1 200 OK"
2026-04-05 12:39:01,198 [httpx] INFO: HTTP Request: POST http://comment_service:8005/comments "HTTP/1.1 200 OK"
2026-04-05 12:39:01,246 [httpx] INFO: HTTP Request: POST http://comment_service:8005/comments "HTTP/1.1 200 OK"
2026-04-05 12:39:01,297 [httpx] INFO: HTTP Request: POST http://comment_service:8005/comments "HTTP/1.1 200 OK"
2026-04-05 12:39:01,349 [httpx] INFO: HTTP Request: POST http://comment_service:8005/comments "HTTP/1.1 200 OK"
2026-04-05 12:39:01,410 [httpx] INFO: HTTP Request: POST http://comment_service:8005/comments "HTTP/1.1 200 OK"
2026-04-05 12:39:01,487 [httpx] INFO: HTTP Request: POST http://comment_service:8005/comments "HTTP/1.1 200 OK"
2026-04-05 12:39:01,538 [httpx] INFO: HTTP Request: POST http://comment_service:8005/comments "HTTP/1.1 200 OK"
2026-04-05 12:39:01,594 [httpx] INFO: HTTP Request: POST http://comment_service:8005/comments "HTTP/1.1 200 OK"
2026-04-05 12:39:01,649 [httpx] INFO: HTTP Request: POST http://comment_service:8005/comments "HTTP/1.1 200 OK"
2026-04-05 12:39:01,709 [httpx] INFO: HTTP Request: POST http://comment_service:8005/comments "HTTP/1.1 200 OK"
2026-04-05 12:39:01,763 [httpx] INFO: HTTP Request: POST http://comment_service:8005/comments "HTTP/1.1 200 OK"
2026-04-05 12:39:01,820 [httpx] INFO: HTTP Request: POST http://comment_service:8005/comments "HTTP/1.1 200 OK"
2026-04-05 12:39:01,878 [httpx] INFO: HTTP Request: POST http://comment_service:8005/comments "HTTP/1.1 200 OK"
2026-04-05 12:39:01,938 [httpx] INFO: HTTP Request: POST http://comment_service:8005/comments "HTTP/1.1 200 OK"
2026-04-05 12:39:02,019 [httpx] INFO: HTTP Request: POST http://comment_service:8005/comments "HTTP/1.1 200 OK"
2026-04-05 12:39:02,074 [httpx] INFO: HTTP Request: POST http://comment_service:8005/comments "HTTP/1.1 200 OK"
2026-04-05 12:39:02,133 [httpx] INFO: HTTP Request: POST http://comment_service:8005/comments "HTTP/1.1 200 OK"
2026-04-05 12:39:02,187 [httpx] INFO: HTTP Request: POST http://comment_service:8005/comments "HTTP/1.1 200 OK"
2026-04-05 12:39:02,248 [httpx] INFO: HTTP Request: POST http://comment_service:8005/comments "HTTP/1.1 200 OK"
2026-04-05 12:39:02,310 [httpx] INFO: HTTP Request: POST http://comment_service:8005/comments "HTTP/1.1 200 OK"
2026-04-05 12:39:02,385 [httpx] INFO: HTTP Request: POST http://comment_service:8005/comments "HTTP/1.1 200 OK"
2026-04-05 12:39:02,478 [httpx] INFO: HTTP Request: POST http://comment_service:8005/comments "HTTP/1.1 200 OK"
2026-04-05 12:39:02,537 [httpx] INFO: HTTP Request: POST http://comment_service:8005/comments "HTTP/1.1 200 OK"
2026-04-05 12:39:02,589 [httpx] INFO: HTTP Request: POST http://comment_service:8005/comments "HTTP/1.1 200 OK"
2026-04-05 12:39:02,648 [httpx] INFO: HTTP Request: POST http://comment_service:8005/comments "HTTP/1.1 200 OK"
2026-04-05 12:39:02,704 [httpx] INFO: HTTP Request: POST http://comment_service:8005/comments "HTTP/1.1 200 OK"
2026-04-05 12:39:02,780 [httpx] INFO: HTTP Request: POST http://comment_service:8005/comments "HTTP/1.1 200 OK"
2026-04-05 12:39:02,856 [httpx] INFO: HTTP Request: POST http://comment_service:8005/comments/20/like "HTTP/1.1 200 OK"
2026-04-05 12:39:02,914 [httpx] INFO: HTTP Request: POST http://comment_service:8005/comments/74/like "HTTP/1.1 200 OK"
2026-04-05 12:39:02,970 [httpx] INFO: HTTP Request: POST http://comment_service:8005/comments/71/like "HTTP/1.1 200 OK"
2026-04-05 12:39:03,023 [httpx] INFO: HTTP Request: POST http://comment_service:8005/comments/17/like "HTTP/1.1 200 OK"
2026-04-05 12:39:03,081 [httpx] INFO: HTTP Request: POST http://comment_service:8005/comments/86/like "HTTP/1.1 200 OK"
2026-04-05 12:39:03,136 [httpx] INFO: HTTP Request: POST http://comment_service:8005/comments/9/like "HTTP/1.1 200 OK"
2026-04-05 12:39:03,190 [httpx] INFO: HTTP Request: POST http://comment_service:8005/comments/48/like "HTTP/1.1 200 OK"
2026-04-05 12:39:03,245 [httpx] INFO: HTTP Request: POST http://comment_service:8005/comments/84/like "HTTP/1.1 200 OK"
2026-04-05 12:39:03,301 [httpx] INFO: HTTP Request: POST http://comment_service:8005/comments/37/like "HTTP/1.1 200 OK"
2026-04-05 12:39:03,366 [httpx] INFO: HTTP Request: POST http://comment_service:8005/comments/19/like "HTTP/1.1 200 OK"
2026-04-05 12:39:03,427 [httpx] INFO: HTTP Request: POST http://comment_service:8005/comments/2/like "HTTP/1.1 200 OK"
2026-04-05 12:39:03,483 [httpx] INFO: HTTP Request: POST http://comment_service:8005/comments/62/like "HTTP/1.1 200 OK"
2026-04-05 12:39:03,545 [httpx] INFO: HTTP Request: POST http://comment_service:8005/comments/34/like "HTTP/1.1 200 OK"
2026-04-05 12:39:03,606 [httpx] INFO: HTTP Request: POST http://comment_service:8005/comments/38/like "HTTP/1.1 200 OK"
2026-04-05 12:39:03,660 [httpx] INFO: HTTP Request: POST http://comment_service:8005/comments/14/like "HTTP/1.1 200 OK"
2026-04-05 12:39:03,716 [httpx] INFO: HTTP Request: POST http://comment_service:8005/comments/50/like "HTTP/1.1 200 OK"
2026-04-05 12:39:03,768 [httpx] INFO: HTTP Request: POST http://comment_service:8005/comments/59/like "HTTP/1.1 200 OK"
2026-04-05 12:39:03,824 [httpx] INFO: HTTP Request: POST http://comment_service:8005/comments/66/like "HTTP/1.1 200 OK"
2026-04-05 12:39:03,879 [httpx] INFO: HTTP Request: POST http://comment_service:8005/comments/42/like "HTTP/1.1 200 OK"
2026-04-05 12:39:03,951 [httpx] INFO: HTTP Request: POST http://comment_service:8005/comments/39/like "HTTP/1.1 200 OK"
2026-04-05 12:39:04,009 [httpx] INFO: HTTP Request: POST http://comment_service:8005/comments/77/like "HTTP/1.1 200 OK"
2026-04-05 12:39:04,068 [httpx] INFO: HTTP Request: POST http://comment_service:8005/comments/82/like "HTTP/1.1 200 OK"
2026-04-05 12:39:04,145 [httpx] INFO: HTTP Request: POST http://comment_service:8005/comments/69/like "HTTP/1.1 200 OK"
2026-04-05 12:39:04,227 [httpx] INFO: HTTP Request: POST http://comment_service:8005/comments/105/like "HTTP/1.1 200 OK"
2026-04-05 12:39:04,285 [httpx] INFO: HTTP Request: POST http://comment_service:8005/comments/57/like "HTTP/1.1 200 OK"
2026-04-05 12:39:04,307 [httpx] INFO: HTTP Request: DELETE http://community_service:8006/communities/1/leave "HTTP/1.1 400 Bad Request"
2026-04-05 12:39:04,330 [httpx] INFO: HTTP Request: DELETE http://community_service:8006/communities/1/leave "HTTP/1.1 200 OK"
2026-04-05 12:39:38,758 [httpx] INFO: HTTP Request: GET http://user_service:8002/auth/me "HTTP/1.1 401 Unauthorized"
2026-04-05 12:39:38,772 [httpx] INFO: HTTP Request: GET http://user_service:8002/auth/me "HTTP/1.1 401 Unauthorized"
2026-04-05 12:40:12,858 [httpx] INFO: HTTP Request: GET http://user_service:8002/auth/me "HTTP/1.1 401 Unauthorized"
2026-04-05 12:40:12,862 [httpx] INFO: HTTP Request: GET http://user_service:8002/auth/me "HTTP/1.1 401 Unauthorized"
2026-04-05 12:40:42,956 [httpx] INFO: HTTP Request: POST http://user_service:8002/auth/login "HTTP/1.1 200 OK"
2026-04-05 12:40:53,802 [httpx] INFO: HTTP Request: POST http://user_service:8002/auth/login "HTTP/1.1 200 OK"
2026-04-05 12:41:40,901 [httpx] INFO: HTTP Request: POST http://user_service:8002/auth/login "HTTP/1.1 200 OK"
2026-04-05 12:51:52,013 [httpx] INFO: HTTP Request: POST http://user_service:8002/users/register "HTTP/1.1 409 Conflict"
2026-04-05 12:51:52,018 [app.core.cache] INFO: Redis connected at redis://redis:6379
2026-04-05 12:51:51,375 [httpx] INFO: HTTP Request: POST http://user_service:8002/users/register "HTTP/1.1 200 OK"
2026-04-05 12:51:51,984 [httpx] INFO: HTTP Request: POST http://user_service:8002/users/register "HTTP/1.1 200 OK"
2026-04-05 12:51:52,560 [httpx] INFO: HTTP Request: POST http://user_service:8002/users/register "HTTP/1.1 200 OK"
2026-04-05 12:51:53,300 [httpx] INFO: HTTP Request: POST http://user_service:8002/users/register "HTTP/1.1 200 OK"
2026-04-05 12:51:53,884 [httpx] INFO: HTTP Request: POST http://user_service:8002/users/register "HTTP/1.1 200 OK"
2026-04-05 12:51:54,471 [httpx] INFO: HTTP Request: POST http://user_service:8002/users/register "HTTP/1.1 200 OK"
2026-04-05 12:51:55,053 [httpx] INFO: HTTP Request: POST http://user_service:8002/users/register "HTTP/1.1 200 OK"
2026-04-05 12:51:55,783 [httpx] INFO: HTTP Request: POST http://user_service:8002/users/register "HTTP/1.1 200 OK"
2026-04-05 12:51:56,450 [httpx] INFO: HTTP Request: POST http://user_service:8002/users/register "HTTP/1.1 200 OK"
2026-04-05 12:51:57,167 [httpx] INFO: HTTP Request: POST http://user_service:8002/users/register "HTTP/1.1 200 OK"
2026-04-05 12:51:57,802 [httpx] INFO: HTTP Request: POST http://user_service:8002/users/register "HTTP/1.1 200 OK"
2026-04-05 12:51:58,374 [httpx] INFO: HTTP Request: POST http://user_service:8002/users/register "HTTP/1.1 200 OK"
2026-04-05 12:51:59,005 [httpx] INFO: HTTP Request: POST http://user_service:8002/users/register "HTTP/1.1 200 OK"
2026-04-05 12:51:59,647 [httpx] INFO: HTTP Request: POST http://user_service:8002/users/register "HTTP/1.1 200 OK"
2026-04-05 12:52:00,395 [httpx] INFO: HTTP Request: POST http://user_service:8002/users/register "HTTP/1.1 200 OK"
2026-04-05 12:52:01,231 [httpx] INFO: HTTP Request: POST http://user_service:8002/users/register "HTTP/1.1 200 OK"
2026-04-05 12:52:02,051 [httpx] INFO: HTTP Request: POST http://user_service:8002/users/register "HTTP/1.1 200 OK"
2026-04-05 12:52:02,708 [httpx] INFO: HTTP Request: POST http://user_service:8002/users/register "HTTP/1.1 200 OK"
2026-04-05 12:52:03,523 [httpx] INFO: HTTP Request: POST http://user_service:8002/users/register "HTTP/1.1 200 OK"
2026-04-05 12:52:09,314 [httpx] INFO: HTTP Request: POST http://user_service:8002/auth/login "HTTP/1.1 200 OK"
2026-04-05 12:52:10,339 [httpx] INFO: HTTP Request: POST http://user_service:8002/auth/login "HTTP/1.1 200 OK"
2026-04-05 12:52:11,292 [httpx] INFO: HTTP Request: POST http://user_service:8002/auth/login "HTTP/1.1 200 OK"
2026-04-05 12:52:12,355 [httpx] INFO: HTTP Request: POST http://user_service:8002/auth/login "HTTP/1.1 200 OK"
2026-04-05 12:52:13,191 [httpx] INFO: HTTP Request: POST http://user_service:8002/auth/login "HTTP/1.1 200 OK"
2026-04-05 12:52:14,044 [httpx] INFO: HTTP Request: POST http://user_service:8002/auth/login "HTTP/1.1 200 OK"
2026-04-05 12:52:14,820 [httpx] INFO: HTTP Request: POST http://user_service:8002/auth/login "HTTP/1.1 200 OK"
2026-04-05 12:52:15,733 [httpx] INFO: HTTP Request: POST http://user_service:8002/auth/login "HTTP/1.1 200 OK"
2026-04-05 12:52:16,669 [httpx] INFO: HTTP Request: POST http://user_service:8002/auth/login "HTTP/1.1 200 OK"
2026-04-05 12:52:17,693 [httpx] INFO: HTTP Request: POST http://user_service:8002/auth/login "HTTP/1.1 200 OK"
2026-04-05 12:52:18,655 [httpx] INFO: HTTP Request: POST http://user_service:8002/auth/login "HTTP/1.1 200 OK"
2026-04-05 12:52:19,445 [httpx] INFO: HTTP Request: POST http://user_service:8002/auth/login "HTTP/1.1 200 OK"
2026-04-05 12:52:20,220 [httpx] INFO: HTTP Request: POST http://user_service:8002/auth/login "HTTP/1.1 200 OK"
2026-04-05 12:52:21,037 [httpx] INFO: HTTP Request: POST http://user_service:8002/auth/login "HTTP/1.1 200 OK"
2026-04-05 12:52:20,890 [httpx] INFO: HTTP Request: POST http://user_service:8002/auth/login "HTTP/1.1 200 OK"
2026-04-05 12:52:21,695 [httpx] INFO: HTTP Request: POST http://user_service:8002/auth/login "HTTP/1.1 200 OK"
2026-04-05 12:52:22,493 [httpx] INFO: HTTP Request: POST http://user_service:8002/auth/login "HTTP/1.1 200 OK"
2026-04-05 12:52:23,339 [httpx] INFO: HTTP Request: POST http://user_service:8002/auth/login "HTTP/1.1 200 OK"
2026-04-05 12:52:24,205 [httpx] INFO: HTTP Request: POST http://user_service:8002/auth/login "HTTP/1.1 200 OK"
2026-04-05 12:52:25,121 [httpx] INFO: HTTP Request: POST http://user_service:8002/auth/login "HTTP/1.1 200 OK"
2026-04-05 12:52:25,666 [httpx] INFO: HTTP Request: GET http://user_service:8002/users/admin/users "HTTP/1.1 200 OK"
2026-04-05 12:52:25,680 [httpx] INFO: HTTP Request: GET http://user_service:8002/users/admin/users "HTTP/1.1 200 OK"
2026-04-05 12:52:25,696 [httpx] INFO: HTTP Request: GET http://user_service:8002/auth/me "HTTP/1.1 200 OK"
2026-04-05 12:52:25,883 [httpx] INFO: HTTP Request: PUT http://user_service:8002/users/2 "HTTP/1.1 200 OK"
2026-04-05 12:52:26,003 [httpx] INFO: HTTP Request: POST http://community_service:8006/communities "HTTP/1.1 200 OK"
2026-04-05 12:52:26,040 [httpx] INFO: HTTP Request: POST http://community_service:8006/communities "HTTP/1.1 200 OK"
2026-04-05 12:52:26,119 [httpx] INFO: HTTP Request: POST http://community_service:8006/communities "HTTP/1.1 200 OK"
2026-04-05 12:52:26,195 [httpx] INFO: HTTP Request: POST http://community_service:8006/communities "HTTP/1.1 200 OK"
2026-04-05 12:52:26,271 [httpx] INFO: HTTP Request: POST http://community_service:8006/communities "HTTP/1.1 200 OK"
2026-04-05 12:52:26,353 [httpx] INFO: HTTP Request: POST http://community_service:8006/communities "HTTP/1.1 200 OK"
2026-04-05 12:52:26,431 [httpx] INFO: HTTP Request: POST http://community_service:8006/communities "HTTP/1.1 200 OK"
2026-04-05 12:52:26,507 [httpx] INFO: HTTP Request: POST http://community_service:8006/communities "HTTP/1.1 200 OK"
2026-04-05 12:52:26,550 [httpx] INFO: HTTP Request: POST http://community_service:8006/communities/1/join "HTTP/1.1 200 OK"
2026-04-05 12:52:26,573 [httpx] INFO: HTTP Request: POST http://community_service:8006/communities/1/join "HTTP/1.1 200 OK"
2026-04-05 12:52:26,595 [httpx] INFO: HTTP Request: POST http://community_service:8006/communities/1/join "HTTP/1.1 200 OK"
2026-04-05 12:52:26,636 [httpx] INFO: HTTP Request: POST http://community_service:8006/communities/1/join "HTTP/1.1 200 OK"
2026-04-05 12:52:26,653 [httpx] INFO: HTTP Request: POST http://community_service:8006/communities/1/join "HTTP/1.1 400 Bad Request"
2026-04-05 12:52:26,687 [httpx] INFO: HTTP Request: POST http://community_service:8006/communities/1/join "HTTP/1.1 200 OK"
2026-04-05 12:52:26,724 [httpx] INFO: HTTP Request: POST http://community_service:8006/communities/1/join "HTTP/1.1 200 OK"
2026-04-05 12:52:26,746 [httpx] INFO: HTTP Request: POST http://community_service:8006/communities/1/join "HTTP/1.1 200 OK"
2026-04-05 12:52:26,782 [httpx] INFO: HTTP Request: POST http://community_service:8006/communities/1/join "HTTP/1.1 200 OK"
2026-04-05 12:52:26,804 [httpx] INFO: HTTP Request: POST http://community_service:8006/communities/1/join "HTTP/1.1 200 OK"
2026-04-05 12:52:26,867 [httpx] INFO: HTTP Request: POST http://community_service:8006/communities/1/join "HTTP/1.1 200 OK"
2026-04-05 12:52:26,906 [httpx] INFO: HTTP Request: POST http://community_service:8006/communities/1/join "HTTP/1.1 200 OK"
2026-04-05 12:52:26,927 [httpx] INFO: HTTP Request: POST http://community_service:8006/communities/2/join "HTTP/1.1 200 OK"
2026-04-05 12:52:26,948 [httpx] INFO: HTTP Request: POST http://community_service:8006/communities/2/join "HTTP/1.1 200 OK"
2026-04-05 12:52:26,969 [httpx] INFO: HTTP Request: POST http://community_service:8006/communities/2/join "HTTP/1.1 200 OK"
2026-04-05 12:52:26,985 [httpx] INFO: HTTP Request: POST http://community_service:8006/communities/2/join "HTTP/1.1 400 Bad Request"
2026-04-05 12:52:27,007 [httpx] INFO: HTTP Request: POST http://community_service:8006/communities/2/join "HTTP/1.1 200 OK"
2026-04-05 12:52:27,043 [httpx] INFO: HTTP Request: POST http://community_service:8006/communities/2/join "HTTP/1.1 200 OK"
2026-04-05 12:52:27,080 [httpx] INFO: HTTP Request: POST http://community_service:8006/communities/2/join "HTTP/1.1 200 OK"
2026-04-05 12:52:27,116 [httpx] INFO: HTTP Request: POST http://community_service:8006/communities/2/join "HTTP/1.1 200 OK"
2026-04-05 12:52:27,139 [httpx] INFO: HTTP Request: POST http://community_service:8006/communities/3/join "HTTP/1.1 200 OK"
2026-04-05 12:52:27,162 [httpx] INFO: HTTP Request: POST http://community_service:8006/communities/3/join "HTTP/1.1 200 OK"
2026-04-05 12:52:27,185 [httpx] INFO: HTTP Request: POST http://community_service:8006/communities/3/join "HTTP/1.1 200 OK"
2026-04-05 12:52:27,221 [httpx] INFO: HTTP Request: POST http://community_service:8006/communities/3/join "HTTP/1.1 200 OK"
2026-04-05 12:52:27,244 [httpx] INFO: HTTP Request: POST http://community_service:8006/communities/3/join "HTTP/1.1 200 OK"
2026-04-05 12:52:27,266 [httpx] INFO: HTTP Request: POST http://community_service:8006/communities/3/join "HTTP/1.1 200 OK"
2026-04-05 12:52:27,304 [httpx] INFO: HTTP Request: POST http://community_service:8006/communities/3/join "HTTP/1.1 200 OK"
2026-04-05 12:52:27,325 [httpx] INFO: HTTP Request: POST http://community_service:8006/communities/3/join "HTTP/1.1 200 OK"
2026-04-05 12:52:27,348 [httpx] INFO: HTTP Request: POST http://community_service:8006/communities/4/join "HTTP/1.1 200 OK"
2026-04-05 12:52:27,371 [httpx] INFO: HTTP Request: POST http://community_service:8006/communities/4/join "HTTP/1.1 200 OK"
2026-04-05 12:52:27,388 [httpx] INFO: HTTP Request: POST http://community_service:8006/communities/4/join "HTTP/1.1 400 Bad Request"
2026-04-05 12:52:27,409 [httpx] INFO: HTTP Request: POST http://community_service:8006/communities/4/join "HTTP/1.1 200 OK"
2026-04-05 12:52:27,432 [httpx] INFO: HTTP Request: POST http://community_service:8006/communities/4/join "HTTP/1.1 200 OK"
2026-04-05 12:52:27,454 [httpx] INFO: HTTP Request: POST http://community_service:8006/communities/4/join "HTTP/1.1 200 OK"
2026-04-05 12:52:27,475 [httpx] INFO: HTTP Request: POST http://community_service:8006/communities/4/join "HTTP/1.1 200 OK"
2026-04-05 12:52:27,498 [httpx] INFO: HTTP Request: POST http://community_service:8006/communities/4/join "HTTP/1.1 200 OK"
2026-04-05 12:52:27,521 [httpx] INFO: HTTP Request: POST http://community_service:8006/communities/4/join "HTTP/1.1 200 OK"
2026-04-05 12:52:27,543 [httpx] INFO: HTTP Request: POST http://community_service:8006/communities/4/join "HTTP/1.1 200 OK"
2026-04-05 12:52:27,567 [httpx] INFO: HTTP Request: POST http://community_service:8006/communities/5/join "HTTP/1.1 200 OK"
2026-04-05 12:52:27,607 [httpx] INFO: HTTP Request: POST http://community_service:8006/communities/5/join "HTTP/1.1 400 Bad Request"
2026-04-05 12:52:27,629 [httpx] INFO: HTTP Request: POST http://community_service:8006/communities/5/join "HTTP/1.1 200 OK"
2026-04-05 12:52:27,651 [httpx] INFO: HTTP Request: POST http://community_service:8006/communities/5/join "HTTP/1.1 200 OK"
2026-04-05 12:52:27,673 [httpx] INFO: HTTP Request: POST http://community_service:8006/communities/5/join "HTTP/1.1 200 OK"
2026-04-05 12:52:27,696 [httpx] INFO: HTTP Request: POST http://community_service:8006/communities/5/join "HTTP/1.1 200 OK"
2026-04-05 12:52:27,719 [httpx] INFO: HTTP Request: POST http://community_service:8006/communities/5/join "HTTP/1.1 200 OK"
2026-04-05 12:52:27,741 [httpx] INFO: HTTP Request: POST http://community_service:8006/communities/5/join "HTTP/1.1 200 OK"
2026-04-05 12:52:27,767 [httpx] INFO: HTTP Request: POST http://community_service:8006/communities/5/join "HTTP/1.1 200 OK"
2026-04-05 12:52:27,792 [httpx] INFO: HTTP Request: POST http://community_service:8006/communities/5/join "HTTP/1.1 200 OK"
2026-04-05 12:52:27,820 [httpx] INFO: HTTP Request: POST http://community_service:8006/communities/5/join "HTTP/1.1 200 OK"
2026-04-05 12:52:27,843 [httpx] INFO: HTTP Request: POST http://community_service:8006/communities/6/join "HTTP/1.1 200 OK"
2026-04-05 12:52:27,866 [httpx] INFO: HTTP Request: POST http://community_service:8006/communities/6/join "HTTP/1.1 200 OK"
2026-04-05 12:52:27,888 [httpx] INFO: HTTP Request: POST http://community_service:8006/communities/6/join "HTTP/1.1 200 OK"
2026-04-05 12:52:27,910 [httpx] INFO: HTTP Request: POST http://community_service:8006/communities/6/join "HTTP/1.1 200 OK"
2026-04-05 12:52:27,933 [httpx] INFO: HTTP Request: POST http://community_service:8006/communities/6/join "HTTP/1.1 200 OK"
2026-04-05 12:52:27,958 [httpx] INFO: HTTP Request: POST http://community_service:8006/communities/6/join "HTTP/1.1 200 OK"
2026-04-05 12:52:27,981 [httpx] INFO: HTTP Request: POST http://community_service:8006/communities/6/join "HTTP/1.1 200 OK"
2026-04-05 12:52:28,003 [httpx] INFO: HTTP Request: POST http://community_service:8006/communities/6/join "HTTP/1.1 200 OK"
2026-04-05 12:52:28,027 [httpx] INFO: HTTP Request: POST http://community_service:8006/communities/7/join "HTTP/1.1 200 OK"
2026-04-05 12:52:28,048 [httpx] INFO: HTTP Request: POST http://community_service:8006/communities/7/join "HTTP/1.1 200 OK"
2026-04-05 12:52:28,072 [httpx] INFO: HTTP Request: POST http://community_service:8006/communities/7/join "HTTP/1.1 200 OK"
2026-04-05 12:52:28,096 [httpx] INFO: HTTP Request: POST http://community_service:8006/communities/7/join "HTTP/1.1 200 OK"
2026-04-05 12:52:28,118 [httpx] INFO: HTTP Request: POST http://community_service:8006/communities/7/join "HTTP/1.1 200 OK"
2026-04-05 12:52:28,141 [httpx] INFO: HTTP Request: POST http://community_service:8006/communities/7/join "HTTP/1.1 200 OK"
2026-04-05 12:52:28,169 [httpx] INFO: HTTP Request: POST http://community_service:8006/communities/7/join "HTTP/1.1 200 OK"
2026-04-05 12:52:28,191 [httpx] INFO: HTTP Request: POST http://community_service:8006/communities/7/join "HTTP/1.1 200 OK"
2026-04-05 12:52:28,217 [httpx] INFO: HTTP Request: POST http://community_service:8006/communities/7/join "HTTP/1.1 200 OK"
2026-04-05 12:52:28,234 [httpx] INFO: HTTP Request: POST http://community_service:8006/communities/7/join "HTTP/1.1 400 Bad Request"
2026-04-05 12:52:28,255 [httpx] INFO: HTTP Request: POST http://community_service:8006/communities/7/join "HTTP/1.1 200 OK"
2026-04-05 12:52:28,302 [httpx] INFO: HTTP Request: POST http://community_service:8006/communities/7/join "HTTP/1.1 200 OK"
2026-04-05 12:52:28,338 [httpx] INFO: HTTP Request: POST http://community_service:8006/communities/8/join "HTTP/1.1 200 OK"
2026-04-05 12:52:28,360 [httpx] INFO: HTTP Request: POST http://community_service:8006/communities/8/join "HTTP/1.1 200 OK"
2026-04-05 12:52:28,383 [httpx] INFO: HTTP Request: POST http://community_service:8006/communities/8/join "HTTP/1.1 200 OK"
2026-04-05 12:52:28,406 [httpx] INFO: HTTP Request: POST http://community_service:8006/communities/8/join "HTTP/1.1 200 OK"
2026-04-05 12:52:28,430 [httpx] INFO: HTTP Request: POST http://community_service:8006/communities/8/join "HTTP/1.1 200 OK"
2026-04-05 12:52:28,454 [httpx] INFO: HTTP Request: POST http://community_service:8006/communities/8/join "HTTP/1.1 200 OK"
2026-04-05 12:52:28,477 [httpx] INFO: HTTP Request: POST http://community_service:8006/communities/8/join "HTTP/1.1 200 OK"
2026-04-05 12:52:28,500 [httpx] INFO: HTTP Request: POST http://community_service:8006/communities/8/join "HTTP/1.1 200 OK"
2026-04-05 12:52:28,523 [httpx] INFO: HTTP Request: POST http://community_service:8006/communities/8/join "HTTP/1.1 200 OK"
2026-04-05 12:52:28,735 [httpx] INFO: HTTP Request: POST http://thread_service:8003/threads "HTTP/1.1 200 OK"
2026-04-05 12:52:28,795 [httpx] INFO: HTTP Request: POST http://thread_service:8003/threads "HTTP/1.1 200 OK"
2026-04-05 12:52:28,847 [httpx] INFO: HTTP Request: POST http://thread_service:8003/threads "HTTP/1.1 200 OK"
2026-04-05 12:52:28,897 [httpx] INFO: HTTP Request: POST http://thread_service:8003/threads "HTTP/1.1 200 OK"
2026-04-05 12:52:28,949 [httpx] INFO: HTTP Request: POST http://thread_service:8003/threads "HTTP/1.1 200 OK"
2026-04-05 12:52:29,000 [httpx] INFO: HTTP Request: POST http://thread_service:8003/threads "HTTP/1.1 200 OK"
2026-04-05 12:52:29,050 [httpx] INFO: HTTP Request: POST http://thread_service:8003/threads "HTTP/1.1 200 OK"
2026-04-05 12:52:29,099 [httpx] INFO: HTTP Request: POST http://thread_service:8003/threads "HTTP/1.1 200 OK"
2026-04-05 12:52:29,153 [httpx] INFO: HTTP Request: POST http://thread_service:8003/threads "HTTP/1.1 200 OK"
2026-04-05 12:52:29,210 [httpx] INFO: HTTP Request: POST http://thread_service:8003/threads "HTTP/1.1 200 OK"
2026-04-05 12:52:29,284 [httpx] INFO: HTTP Request: POST http://thread_service:8003/threads "HTTP/1.1 200 OK"
2026-04-05 12:52:29,339 [httpx] INFO: HTTP Request: POST http://thread_service:8003/threads "HTTP/1.1 200 OK"
2026-04-05 12:52:29,390 [httpx] INFO: HTTP Request: POST http://thread_service:8003/threads "HTTP/1.1 200 OK"
2026-04-05 12:52:29,442 [httpx] INFO: HTTP Request: POST http://thread_service:8003/threads "HTTP/1.1 200 OK"
2026-04-05 12:52:29,493 [httpx] INFO: HTTP Request: POST http://thread_service:8003/threads "HTTP/1.1 200 OK"
2026-04-05 12:52:29,546 [httpx] INFO: HTTP Request: POST http://thread_service:8003/threads "HTTP/1.1 200 OK"
2026-04-05 12:52:29,600 [httpx] INFO: HTTP Request: POST http://thread_service:8003/threads "HTTP/1.1 200 OK"
2026-04-05 12:52:29,653 [httpx] INFO: HTTP Request: POST http://thread_service:8003/threads "HTTP/1.1 200 OK"
2026-04-05 12:52:29,705 [httpx] INFO: HTTP Request: POST http://thread_service:8003/threads "HTTP/1.1 200 OK"
2026-04-05 12:52:29,762 [httpx] INFO: HTTP Request: POST http://thread_service:8003/threads "HTTP/1.1 200 OK"
2026-04-05 12:52:29,837 [httpx] INFO: HTTP Request: POST http://thread_service:8003/threads/1/like "HTTP/1.1 200 OK"
2026-04-05 12:52:29,864 [httpx] INFO: HTTP Request: POST http://thread_service:8003/threads/1/like "HTTP/1.1 200 OK"
2026-04-05 12:52:29,894 [httpx] INFO: HTTP Request: POST http://thread_service:8003/threads/1/like "HTTP/1.1 200 OK"
2026-04-05 12:52:29,921 [httpx] INFO: HTTP Request: POST http://thread_service:8003/threads/1/like "HTTP/1.1 200 OK"
2026-04-05 12:52:29,948 [httpx] INFO: HTTP Request: POST http://thread_service:8003/threads/1/like "HTTP/1.1 200 OK"
2026-04-05 12:52:29,976 [httpx] INFO: HTTP Request: POST http://thread_service:8003/threads/2/like "HTTP/1.1 200 OK"
2026-04-05 12:52:30,005 [httpx] INFO: HTTP Request: POST http://thread_service:8003/threads/2/like "HTTP/1.1 200 OK"
2026-04-05 12:52:30,034 [httpx] INFO: HTTP Request: POST http://thread_service:8003/threads/2/like "HTTP/1.1 200 OK"
2026-04-05 12:52:30,062 [httpx] INFO: HTTP Request: POST http://thread_service:8003/threads/2/like "HTTP/1.1 200 OK"
2026-04-05 12:52:30,091 [httpx] INFO: HTTP Request: POST http://thread_service:8003/threads/2/like "HTTP/1.1 200 OK"
2026-04-05 12:52:30,118 [httpx] INFO: HTTP Request: POST http://thread_service:8003/threads/2/like "HTTP/1.1 200 OK"
2026-04-05 12:52:30,147 [httpx] INFO: HTTP Request: POST http://thread_service:8003/threads/2/like "HTTP/1.1 200 OK"
2026-04-05 12:52:30,173 [httpx] INFO: HTTP Request: POST http://thread_service:8003/threads/3/like "HTTP/1.1 200 OK"
2026-04-05 12:52:30,201 [httpx] INFO: HTTP Request: POST http://thread_service:8003/threads/3/like "HTTP/1.1 200 OK"
2026-04-05 12:52:30,229 [httpx] INFO: HTTP Request: POST http://thread_service:8003/threads/3/like "HTTP/1.1 200 OK"
2026-04-05 12:52:30,258 [httpx] INFO: HTTP Request: POST http://thread_service:8003/threads/3/like "HTTP/1.1 200 OK"
2026-04-05 12:52:30,285 [httpx] INFO: HTTP Request: POST http://thread_service:8003/threads/3/like "HTTP/1.1 200 OK"
2026-04-05 12:52:30,310 [httpx] INFO: HTTP Request: POST http://thread_service:8003/threads/4/like "HTTP/1.1 200 OK"
2026-04-05 12:52:30,340 [httpx] INFO: HTTP Request: POST http://thread_service:8003/threads/4/like "HTTP/1.1 200 OK"
2026-04-05 12:52:30,370 [httpx] INFO: HTTP Request: POST http://thread_service:8003/threads/4/like "HTTP/1.1 200 OK"
2026-04-05 12:52:30,399 [httpx] INFO: HTTP Request: POST http://thread_service:8003/threads/4/like "HTTP/1.1 200 OK"
2026-04-05 12:52:30,431 [httpx] INFO: HTTP Request: POST http://thread_service:8003/threads/4/like "HTTP/1.1 200 OK"
2026-04-05 12:52:30,460 [httpx] INFO: HTTP Request: POST http://thread_service:8003/threads/4/like "HTTP/1.1 200 OK"
2026-04-05 12:52:30,492 [httpx] INFO: HTTP Request: POST http://thread_service:8003/threads/5/like "HTTP/1.1 200 OK"
2026-04-05 12:52:30,523 [httpx] INFO: HTTP Request: POST http://thread_service:8003/threads/5/like "HTTP/1.1 200 OK"
2026-04-05 12:52:30,553 [httpx] INFO: HTTP Request: POST http://thread_service:8003/threads/5/like "HTTP/1.1 200 OK"
2026-04-05 12:52:30,586 [httpx] INFO: HTTP Request: POST http://thread_service:8003/threads/5/like "HTTP/1.1 200 OK"
2026-04-05 12:52:30,618 [httpx] INFO: HTTP Request: POST http://thread_service:8003/threads/5/like "HTTP/1.1 200 OK"
2026-04-05 12:52:30,648 [httpx] INFO: HTTP Request: POST http://thread_service:8003/threads/5/like "HTTP/1.1 200 OK"
2026-04-05 12:52:30,701 [httpx] INFO: HTTP Request: POST http://thread_service:8003/threads/5/like "HTTP/1.1 200 OK"
2026-04-05 12:52:30,728 [httpx] INFO: HTTP Request: POST http://thread_service:8003/threads/6/like "HTTP/1.1 200 OK"
2026-04-05 12:52:30,759 [httpx] INFO: HTTP Request: POST http://thread_service:8003/threads/6/like "HTTP/1.1 200 OK"
2026-04-05 12:52:30,791 [httpx] INFO: HTTP Request: POST http://thread_service:8003/threads/6/like "HTTP/1.1 200 OK"
2026-04-05 12:52:30,825 [httpx] INFO: HTTP Request: POST http://thread_service:8003/threads/6/like "HTTP/1.1 200 OK"
2026-04-05 12:52:30,856 [httpx] INFO: HTTP Request: POST http://thread_service:8003/threads/6/like "HTTP/1.1 200 OK"
2026-04-05 12:52:30,885 [httpx] INFO: HTTP Request: POST http://thread_service:8003/threads/6/like "HTTP/1.1 200 OK"
2026-04-05 12:52:30,916 [httpx] INFO: HTTP Request: POST http://thread_service:8003/threads/6/like "HTTP/1.1 200 OK"
2026-04-05 12:52:30,945 [httpx] INFO: HTTP Request: POST http://thread_service:8003/threads/6/like "HTTP/1.1 200 OK"
2026-04-05 12:52:30,979 [httpx] INFO: HTTP Request: POST http://thread_service:8003/threads/7/like "HTTP/1.1 200 OK"
2026-04-05 12:52:31,017 [httpx] INFO: HTTP Request: POST http://thread_service:8003/threads/7/like "HTTP/1.1 200 OK"
2026-04-05 12:52:31,052 [httpx] INFO: HTTP Request: POST http://thread_service:8003/threads/7/like "HTTP/1.1 200 OK"
2026-04-05 12:52:31,081 [httpx] INFO: HTTP Request: POST http://thread_service:8003/threads/8/like "HTTP/1.1 200 OK"
2026-04-05 12:52:31,113 [httpx] INFO: HTTP Request: POST http://thread_service:8003/threads/8/like "HTTP/1.1 200 OK"
2026-04-05 12:52:31,144 [httpx] INFO: HTTP Request: POST http://thread_service:8003/threads/8/like "HTTP/1.1 200 OK"
2026-04-05 12:52:31,171 [httpx] INFO: HTTP Request: POST http://thread_service:8003/threads/8/like "HTTP/1.1 200 OK"
2026-04-05 12:52:31,200 [httpx] INFO: HTTP Request: POST http://thread_service:8003/threads/8/like "HTTP/1.1 200 OK"
2026-04-05 12:52:31,231 [httpx] INFO: HTTP Request: POST http://thread_service:8003/threads/8/like "HTTP/1.1 200 OK"
2026-04-05 12:52:31,264 [httpx] INFO: HTTP Request: POST http://thread_service:8003/threads/8/like "HTTP/1.1 200 OK"
2026-04-05 12:52:31,290 [httpx] INFO: HTTP Request: POST http://thread_service:8003/threads/8/like "HTTP/1.1 200 OK"
2026-04-05 12:52:31,315 [httpx] INFO: HTTP Request: POST http://thread_service:8003/threads/9/like "HTTP/1.1 200 OK"
2026-04-05 12:52:31,342 [httpx] INFO: HTTP Request: POST http://thread_service:8003/threads/9/like "HTTP/1.1 200 OK"
2026-04-05 12:52:31,368 [httpx] INFO: HTTP Request: POST http://thread_service:8003/threads/9/like "HTTP/1.1 200 OK"
2026-04-05 12:52:31,395 [httpx] INFO: HTTP Request: POST http://thread_service:8003/threads/9/like "HTTP/1.1 200 OK"
2026-04-05 12:52:31,421 [httpx] INFO: HTTP Request: POST http://thread_service:8003/threads/9/like "HTTP/1.1 200 OK"
2026-04-05 12:52:31,448 [httpx] INFO: HTTP Request: POST http://thread_service:8003/threads/10/like "HTTP/1.1 200 OK"
2026-04-05 12:52:31,475 [httpx] INFO: HTTP Request: POST http://thread_service:8003/threads/10/like "HTTP/1.1 200 OK"
2026-04-05 12:52:31,505 [httpx] INFO: HTTP Request: POST http://thread_service:8003/threads/10/like "HTTP/1.1 200 OK"
2026-04-05 12:52:31,534 [httpx] INFO: HTTP Request: POST http://thread_service:8003/threads/11/like "HTTP/1.1 200 OK"
2026-04-05 12:52:31,560 [httpx] INFO: HTTP Request: POST http://thread_service:8003/threads/11/like "HTTP/1.1 200 OK"
2026-04-05 12:52:31,611 [httpx] INFO: HTTP Request: POST http://thread_service:8003/threads/11/like "HTTP/1.1 200 OK"
2026-04-05 12:52:31,637 [httpx] INFO: HTTP Request: POST http://thread_service:8003/threads/12/like "HTTP/1.1 200 OK"
2026-04-05 12:52:31,662 [httpx] INFO: HTTP Request: POST http://thread_service:8003/threads/12/like "HTTP/1.1 200 OK"
2026-04-05 12:52:31,689 [httpx] INFO: HTTP Request: POST http://thread_service:8003/threads/12/like "HTTP/1.1 200 OK"
2026-04-05 12:52:31,717 [httpx] INFO: HTTP Request: POST http://thread_service:8003/threads/12/like "HTTP/1.1 200 OK"
2026-04-05 12:52:31,742 [httpx] INFO: HTTP Request: POST http://thread_service:8003/threads/12/like "HTTP/1.1 200 OK"
2026-04-05 12:52:31,770 [httpx] INFO: HTTP Request: POST http://thread_service:8003/threads/13/like "HTTP/1.1 200 OK"
2026-04-05 12:52:31,796 [httpx] INFO: HTTP Request: POST http://thread_service:8003/threads/13/like "HTTP/1.1 200 OK"
2026-04-05 12:52:31,821 [httpx] INFO: HTTP Request: POST http://thread_service:8003/threads/13/like "HTTP/1.1 200 OK"
2026-04-05 12:52:31,847 [httpx] INFO: HTTP Request: POST http://thread_service:8003/threads/13/like "HTTP/1.1 200 OK"
2026-04-05 12:52:31,873 [httpx] INFO: HTTP Request: POST http://thread_service:8003/threads/13/like "HTTP/1.1 200 OK"
2026-04-05 12:52:31,897 [httpx] INFO: HTTP Request: POST http://thread_service:8003/threads/13/like "HTTP/1.1 200 OK"
2026-04-05 12:52:31,925 [httpx] INFO: HTTP Request: POST http://thread_service:8003/threads/13/like "HTTP/1.1 200 OK"
2026-04-05 12:52:31,950 [httpx] INFO: HTTP Request: POST http://thread_service:8003/threads/13/like "HTTP/1.1 200 OK"
2026-04-05 12:52:31,978 [httpx] INFO: HTTP Request: POST http://thread_service:8003/threads/14/like "HTTP/1.1 200 OK"
2026-04-05 12:52:32,001 [httpx] INFO: HTTP Request: POST http://thread_service:8003/threads/14/like "HTTP/1.1 200 OK"
2026-04-05 12:52:32,030 [httpx] INFO: HTTP Request: POST http://thread_service:8003/threads/14/like "HTTP/1.1 200 OK"
2026-04-05 12:52:32,054 [httpx] INFO: HTTP Request: POST http://thread_service:8003/threads/14/like "HTTP/1.1 200 OK"
2026-04-05 12:52:32,083 [httpx] INFO: HTTP Request: POST http://thread_service:8003/threads/14/like "HTTP/1.1 200 OK"
2026-04-05 12:52:32,111 [httpx] INFO: HTTP Request: POST http://thread_service:8003/threads/14/like "HTTP/1.1 200 OK"
2026-04-05 12:52:32,137 [httpx] INFO: HTTP Request: POST http://thread_service:8003/threads/14/like "HTTP/1.1 200 OK"
2026-04-05 12:52:32,165 [httpx] INFO: HTTP Request: POST http://thread_service:8003/threads/15/like "HTTP/1.1 200 OK"
2026-04-05 12:52:32,190 [httpx] INFO: HTTP Request: POST http://thread_service:8003/threads/15/like "HTTP/1.1 200 OK"
2026-04-05 12:52:32,219 [httpx] INFO: HTTP Request: POST http://thread_service:8003/threads/15/like "HTTP/1.1 200 OK"
2026-04-05 12:52:32,244 [httpx] INFO: HTTP Request: POST http://thread_service:8003/threads/15/like "HTTP/1.1 200 OK"
2026-04-05 12:52:32,271 [httpx] INFO: HTTP Request: POST http://thread_service:8003/threads/15/like "HTTP/1.1 200 OK"
2026-04-05 12:52:32,296 [httpx] INFO: HTTP Request: POST http://thread_service:8003/threads/16/like "HTTP/1.1 200 OK"
2026-04-05 12:52:32,324 [httpx] INFO: HTTP Request: POST http://thread_service:8003/threads/16/like "HTTP/1.1 200 OK"
2026-04-05 12:52:32,352 [httpx] INFO: HTTP Request: POST http://thread_service:8003/threads/16/like "HTTP/1.1 200 OK"
2026-04-05 12:52:32,378 [httpx] INFO: HTTP Request: POST http://thread_service:8003/threads/16/like "HTTP/1.1 200 OK"
2026-04-05 12:52:32,428 [httpx] INFO: HTTP Request: POST http://thread_service:8003/threads/17/like "HTTP/1.1 200 OK"
2026-04-05 12:52:32,455 [httpx] INFO: HTTP Request: POST http://thread_service:8003/threads/17/like "HTTP/1.1 200 OK"
2026-04-05 12:52:32,480 [httpx] INFO: HTTP Request: POST http://thread_service:8003/threads/17/like "HTTP/1.1 200 OK"
2026-04-05 12:52:32,507 [httpx] INFO: HTTP Request: POST http://thread_service:8003/threads/17/like "HTTP/1.1 200 OK"
2026-04-05 12:52:32,535 [httpx] INFO: HTTP Request: POST http://thread_service:8003/threads/17/like "HTTP/1.1 200 OK"
2026-04-05 12:52:32,563 [httpx] INFO: HTTP Request: POST http://thread_service:8003/threads/17/like "HTTP/1.1 200 OK"
2026-04-05 12:52:32,592 [httpx] INFO: HTTP Request: POST http://thread_service:8003/threads/17/like "HTTP/1.1 200 OK"
2026-04-05 12:52:32,619 [httpx] INFO: HTTP Request: POST http://thread_service:8003/threads/17/like "HTTP/1.1 200 OK"
2026-04-05 12:52:32,645 [httpx] INFO: HTTP Request: POST http://thread_service:8003/threads/18/like "HTTP/1.1 200 OK"
2026-04-05 12:52:32,672 [httpx] INFO: HTTP Request: POST http://thread_service:8003/threads/18/like "HTTP/1.1 200 OK"
2026-04-05 12:52:32,703 [httpx] INFO: HTTP Request: POST http://thread_service:8003/threads/18/like "HTTP/1.1 200 OK"
2026-04-05 12:52:32,734 [httpx] INFO: HTTP Request: POST http://thread_service:8003/threads/18/like "HTTP/1.1 200 OK"
2026-04-05 12:52:32,766 [httpx] INFO: HTTP Request: POST http://thread_service:8003/threads/18/like "HTTP/1.1 200 OK"
2026-04-05 12:52:32,797 [httpx] INFO: HTTP Request: POST http://thread_service:8003/threads/19/like "HTTP/1.1 200 OK"
2026-04-05 12:52:32,830 [httpx] INFO: HTTP Request: POST http://thread_service:8003/threads/19/like "HTTP/1.1 200 OK"
2026-04-05 12:52:32,860 [httpx] INFO: HTTP Request: POST http://thread_service:8003/threads/19/like "HTTP/1.1 200 OK"
2026-04-05 12:52:32,886 [httpx] INFO: HTTP Request: POST http://thread_service:8003/threads/20/like "HTTP/1.1 200 OK"
2026-04-05 12:52:32,912 [httpx] INFO: HTTP Request: POST http://thread_service:8003/threads/20/like "HTTP/1.1 200 OK"
2026-04-05 12:52:32,939 [httpx] INFO: HTTP Request: POST http://thread_service:8003/threads/20/like "HTTP/1.1 200 OK"
2026-04-05 12:52:32,965 [httpx] INFO: HTTP Request: POST http://thread_service:8003/threads/20/like "HTTP/1.1 200 OK"
2026-04-05 12:52:32,991 [httpx] INFO: HTTP Request: POST http://thread_service:8003/threads/20/like "HTTP/1.1 200 OK"
2026-04-05 12:52:33,020 [httpx] INFO: HTTP Request: POST http://thread_service:8003/threads/20/like "HTTP/1.1 200 OK"
2026-04-05 12:52:33,046 [httpx] INFO: HTTP Request: POST http://thread_service:8003/threads/20/like "HTTP/1.1 200 OK"
2026-04-05 12:52:33,284 [httpx] INFO: HTTP Request: POST http://comment_service:8005/comments "HTTP/1.1 200 OK"
2026-04-05 12:52:33,352 [httpx] INFO: HTTP Request: POST http://comment_service:8005/comments "HTTP/1.1 200 OK"
2026-04-05 12:52:33,417 [httpx] INFO: HTTP Request: POST http://comment_service:8005/comments "HTTP/1.1 200 OK"
2026-04-05 12:52:33,483 [httpx] INFO: HTTP Request: POST http://comment_service:8005/comments "HTTP/1.1 200 OK"
2026-04-05 12:52:33,548 [httpx] INFO: HTTP Request: POST http://comment_service:8005/comments "HTTP/1.1 200 OK"
2026-04-05 12:52:33,627 [httpx] INFO: HTTP Request: POST http://comment_service:8005/comments "HTTP/1.1 200 OK"
2026-04-05 12:52:33,690 [httpx] INFO: HTTP Request: POST http://comment_service:8005/comments "HTTP/1.1 200 OK"
2026-04-05 12:52:33,793 [httpx] INFO: HTTP Request: POST http://comment_service:8005/comments "HTTP/1.1 200 OK"
2026-04-05 12:52:33,870 [httpx] INFO: HTTP Request: POST http://comment_service:8005/comments "HTTP/1.1 200 OK"
2026-04-05 12:52:33,923 [httpx] INFO: HTTP Request: POST http://comment_service:8005/comments "HTTP/1.1 200 OK"
2026-04-05 12:52:33,978 [httpx] INFO: HTTP Request: POST http://comment_service:8005/comments "HTTP/1.1 200 OK"
2026-04-05 12:52:34,029 [httpx] INFO: HTTP Request: POST http://comment_service:8005/comments "HTTP/1.1 200 OK"
2026-04-05 12:52:34,079 [httpx] INFO: HTTP Request: POST http://comment_service:8005/comments "HTTP/1.1 200 OK"
2026-04-05 12:52:34,148 [httpx] INFO: HTTP Request: POST http://comment_service:8005/comments "HTTP/1.1 200 OK"
2026-04-05 12:52:34,216 [httpx] INFO: HTTP Request: POST http://comment_service:8005/comments "HTTP/1.1 200 OK"
2026-04-05 12:52:34,272 [httpx] INFO: HTTP Request: POST http://comment_service:8005/comments "HTTP/1.1 200 OK"
2026-04-05 12:52:34,338 [httpx] INFO: HTTP Request: POST http://comment_service:8005/comments "HTTP/1.1 200 OK"
2026-04-05 12:52:34,387 [httpx] INFO: HTTP Request: POST http://comment_service:8005/comments "HTTP/1.1 200 OK"
2026-04-05 12:52:34,436 [httpx] INFO: HTTP Request: POST http://comment_service:8005/comments "HTTP/1.1 200 OK"
2026-04-05 12:52:34,511 [httpx] INFO: HTTP Request: POST http://comment_service:8005/comments "HTTP/1.1 200 OK"
2026-04-05 12:52:34,579 [httpx] INFO: HTTP Request: POST http://comment_service:8005/comments "HTTP/1.1 200 OK"
2026-04-05 12:52:34,630 [httpx] INFO: HTTP Request: POST http://comment_service:8005/comments "HTTP/1.1 200 OK"
2026-04-05 12:52:34,678 [httpx] INFO: HTTP Request: POST http://comment_service:8005/comments "HTTP/1.1 200 OK"
2026-04-05 12:52:34,727 [httpx] INFO: HTTP Request: POST http://comment_service:8005/comments "HTTP/1.1 200 OK"
2026-04-05 12:52:34,790 [httpx] INFO: HTTP Request: POST http://comment_service:8005/comments "HTTP/1.1 200 OK"
2026-04-05 12:52:34,840 [httpx] INFO: HTTP Request: POST http://comment_service:8005/comments "HTTP/1.1 200 OK"
2026-04-05 12:52:34,892 [httpx] INFO: HTTP Request: POST http://comment_service:8005/comments "HTTP/1.1 200 OK"
2026-04-05 12:52:34,953 [httpx] INFO: HTTP Request: POST http://comment_service:8005/comments "HTTP/1.1 200 OK"
2026-04-05 12:52:35,018 [httpx] INFO: HTTP Request: POST http://comment_service:8005/comments "HTTP/1.1 200 OK"
2026-04-05 12:52:35,069 [httpx] INFO: HTTP Request: POST http://comment_service:8005/comments "HTTP/1.1 200 OK"
2026-04-05 12:52:35,129 [httpx] INFO: HTTP Request: POST http://comment_service:8005/comments "HTTP/1.1 200 OK"
2026-04-05 12:52:35,187 [httpx] INFO: HTTP Request: POST http://comment_service:8005/comments "HTTP/1.1 200 OK"
2026-04-05 12:52:35,231 [httpx] INFO: HTTP Request: POST http://comment_service:8005/comments "HTTP/1.1 200 OK"
2026-04-05 12:52:35,278 [httpx] INFO: HTTP Request: POST http://comment_service:8005/comments "HTTP/1.1 200 OK"
2026-04-05 12:52:35,326 [httpx] INFO: HTTP Request: POST http://comment_service:8005/comments "HTTP/1.1 200 OK"
2026-04-05 12:52:35,377 [httpx] INFO: HTTP Request: POST http://comment_service:8005/comments "HTTP/1.1 200 OK"
2026-04-05 12:52:35,427 [httpx] INFO: HTTP Request: POST http://comment_service:8005/comments "HTTP/1.1 200 OK"
2026-04-05 12:52:35,518 [httpx] INFO: HTTP Request: POST http://comment_service:8005/comments "HTTP/1.1 200 OK"
2026-04-05 12:52:35,565 [httpx] INFO: HTTP Request: POST http://comment_service:8005/comments "HTTP/1.1 200 OK"
2026-04-05 12:52:35,627 [httpx] INFO: HTTP Request: POST http://comment_service:8005/comments "HTTP/1.1 200 OK"
2026-04-05 12:52:35,674 [httpx] INFO: HTTP Request: POST http://comment_service:8005/comments "HTTP/1.1 200 OK"
2026-04-05 12:52:35,727 [httpx] INFO: HTTP Request: POST http://comment_service:8005/comments "HTTP/1.1 200 OK"
2026-04-05 12:52:35,776 [httpx] INFO: HTTP Request: POST http://comment_service:8005/comments "HTTP/1.1 200 OK"
2026-04-05 12:52:35,825 [httpx] INFO: HTTP Request: POST http://comment_service:8005/comments "HTTP/1.1 200 OK"
2026-04-05 12:52:35,873 [httpx] INFO: HTTP Request: POST http://comment_service:8005/comments "HTTP/1.1 200 OK"
2026-04-05 12:52:35,933 [httpx] INFO: HTTP Request: POST http://comment_service:8005/comments "HTTP/1.1 200 OK"
2026-04-05 12:52:35,982 [httpx] INFO: HTTP Request: POST http://comment_service:8005/comments "HTTP/1.1 200 OK"
2026-04-05 12:52:36,044 [httpx] INFO: HTTP Request: POST http://comment_service:8005/comments "HTTP/1.1 200 OK"
2026-04-05 12:52:36,091 [httpx] INFO: HTTP Request: POST http://comment_service:8005/comments "HTTP/1.1 200 OK"
2026-04-05 12:52:36,138 [httpx] INFO: HTTP Request: POST http://comment_service:8005/comments "HTTP/1.1 200 OK"
2026-04-05 12:52:36,188 [httpx] INFO: HTTP Request: POST http://comment_service:8005/comments "HTTP/1.1 200 OK"
2026-04-05 12:52:36,236 [httpx] INFO: HTTP Request: POST http://comment_service:8005/comments "HTTP/1.1 200 OK"
2026-04-05 12:52:36,286 [httpx] INFO: HTTP Request: POST http://comment_service:8005/comments "HTTP/1.1 200 OK"
2026-04-05 12:52:36,332 [httpx] INFO: HTTP Request: POST http://comment_service:8005/comments "HTTP/1.1 200 OK"
2026-04-05 12:52:36,382 [httpx] INFO: HTTP Request: POST http://comment_service:8005/comments "HTTP/1.1 200 OK"
2026-04-05 12:52:36,430 [httpx] INFO: HTTP Request: POST http://comment_service:8005/comments "HTTP/1.1 200 OK"
2026-04-05 12:52:36,479 [httpx] INFO: HTTP Request: POST http://comment_service:8005/comments "HTTP/1.1 200 OK"
2026-04-05 12:52:36,529 [httpx] INFO: HTTP Request: POST http://comment_service:8005/comments "HTTP/1.1 200 OK"
2026-04-05 12:52:36,575 [httpx] INFO: HTTP Request: POST http://comment_service:8005/comments "HTTP/1.1 200 OK"
2026-04-05 12:52:36,625 [httpx] INFO: HTTP Request: POST http://comment_service:8005/comments "HTTP/1.1 200 OK"
2026-04-05 12:52:36,683 [httpx] INFO: HTTP Request: POST http://comment_service:8005/comments "HTTP/1.1 200 OK"
2026-04-05 12:52:36,732 [httpx] INFO: HTTP Request: POST http://comment_service:8005/comments "HTTP/1.1 200 OK"
2026-04-05 12:52:36,779 [httpx] INFO: HTTP Request: POST http://comment_service:8005/comments "HTTP/1.1 200 OK"
2026-04-05 12:52:36,828 [httpx] INFO: HTTP Request: POST http://comment_service:8005/comments "HTTP/1.1 200 OK"
2026-04-05 12:52:36,874 [httpx] INFO: HTTP Request: POST http://comment_service:8005/comments "HTTP/1.1 200 OK"
2026-04-05 12:52:36,923 [httpx] INFO: HTTP Request: POST http://comment_service:8005/comments "HTTP/1.1 200 OK"
2026-04-05 12:52:36,984 [httpx] INFO: HTTP Request: POST http://comment_service:8005/comments "HTTP/1.1 200 OK"
2026-04-05 12:52:37,061 [httpx] INFO: HTTP Request: POST http://comment_service:8005/comments "HTTP/1.1 200 OK"
2026-04-05 12:52:37,110 [httpx] INFO: HTTP Request: POST http://comment_service:8005/comments "HTTP/1.1 200 OK"
2026-04-05 12:52:37,160 [httpx] INFO: HTTP Request: POST http://comment_service:8005/comments "HTTP/1.1 200 OK"
2026-04-05 12:52:37,222 [httpx] INFO: HTTP Request: POST http://comment_service:8005/comments "HTTP/1.1 200 OK"
2026-04-05 12:52:37,270 [httpx] INFO: HTTP Request: POST http://comment_service:8005/comments "HTTP/1.1 200 OK"
2026-04-05 12:52:37,320 [httpx] INFO: HTTP Request: POST http://comment_service:8005/comments "HTTP/1.1 200 OK"
2026-04-05 12:52:37,367 [httpx] INFO: HTTP Request: POST http://comment_service:8005/comments "HTTP/1.1 200 OK"
2026-04-05 12:52:37,433 [httpx] INFO: HTTP Request: POST http://comment_service:8005/comments "HTTP/1.1 200 OK"
2026-04-05 12:52:37,486 [httpx] INFO: HTTP Request: POST http://comment_service:8005/comments "HTTP/1.1 200 OK"
2026-04-05 12:52:37,535 [httpx] INFO: HTTP Request: POST http://comment_service:8005/comments "HTTP/1.1 200 OK"
2026-04-05 12:52:37,585 [httpx] INFO: HTTP Request: POST http://comment_service:8005/comments "HTTP/1.1 200 OK"
2026-04-05 12:52:37,631 [httpx] INFO: HTTP Request: POST http://comment_service:8005/comments "HTTP/1.1 200 OK"
2026-04-05 12:52:37,679 [httpx] INFO: HTTP Request: POST http://comment_service:8005/comments "HTTP/1.1 200 OK"
2026-04-05 12:52:37,730 [httpx] INFO: HTTP Request: POST http://comment_service:8005/comments "HTTP/1.1 200 OK"
2026-04-05 12:52:37,777 [httpx] INFO: HTTP Request: POST http://comment_service:8005/comments "HTTP/1.1 200 OK"
2026-04-05 12:52:37,825 [httpx] INFO: HTTP Request: POST http://comment_service:8005/comments "HTTP/1.1 200 OK"
2026-04-05 12:52:37,871 [httpx] INFO: HTTP Request: POST http://comment_service:8005/comments "HTTP/1.1 200 OK"
2026-04-05 12:52:37,920 [httpx] INFO: HTTP Request: POST http://comment_service:8005/comments "HTTP/1.1 200 OK"
2026-04-05 12:52:37,984 [httpx] INFO: HTTP Request: POST http://comment_service:8005/comments "HTTP/1.1 200 OK"
2026-04-05 12:52:38,036 [httpx] INFO: HTTP Request: POST http://comment_service:8005/comments "HTTP/1.1 200 OK"
2026-04-05 12:52:38,085 [httpx] INFO: HTTP Request: POST http://comment_service:8005/comments "HTTP/1.1 200 OK"
2026-04-05 12:52:38,135 [httpx] INFO: HTTP Request: POST http://comment_service:8005/comments "HTTP/1.1 200 OK"
2026-04-05 12:52:38,196 [httpx] INFO: HTTP Request: POST http://comment_service:8005/comments "HTTP/1.1 200 OK"
2026-04-05 12:52:38,246 [httpx] INFO: HTTP Request: POST http://comment_service:8005/comments "HTTP/1.1 200 OK"
2026-04-05 12:52:38,298 [httpx] INFO: HTTP Request: POST http://comment_service:8005/comments "HTTP/1.1 200 OK"
2026-04-05 12:52:38,348 [httpx] INFO: HTTP Request: POST http://comment_service:8005/comments "HTTP/1.1 200 OK"
2026-04-05 12:52:38,398 [httpx] INFO: HTTP Request: POST http://comment_service:8005/comments "HTTP/1.1 200 OK"
2026-04-05 12:52:38,445 [httpx] INFO: HTTP Request: POST http://comment_service:8005/comments "HTTP/1.1 200 OK"
2026-04-05 12:52:38,496 [httpx] INFO: HTTP Request: POST http://comment_service:8005/comments "HTTP/1.1 200 OK"
2026-04-05 12:52:38,546 [httpx] INFO: HTTP Request: POST http://comment_service:8005/comments "HTTP/1.1 200 OK"
2026-04-05 12:52:38,616 [httpx] INFO: HTTP Request: POST http://comment_service:8005/comments "HTTP/1.1 200 OK"
2026-04-05 12:52:38,678 [httpx] INFO: HTTP Request: POST http://comment_service:8005/comments "HTTP/1.1 200 OK"
2026-04-05 12:52:38,728 [httpx] INFO: HTTP Request: POST http://comment_service:8005/comments "HTTP/1.1 200 OK"
2026-04-05 12:52:38,776 [httpx] INFO: HTTP Request: POST http://comment_service:8005/comments "HTTP/1.1 200 OK"
2026-04-05 12:52:38,827 [httpx] INFO: HTTP Request: POST http://comment_service:8005/comments "HTTP/1.1 200 OK"
2026-04-05 12:52:38,875 [httpx] INFO: HTTP Request: POST http://comment_service:8005/comments "HTTP/1.1 200 OK"
2026-04-05 12:52:38,924 [httpx] INFO: HTTP Request: POST http://comment_service:8005/comments "HTTP/1.1 200 OK"
2026-04-05 12:52:38,982 [httpx] INFO: HTTP Request: POST http://comment_service:8005/comments "HTTP/1.1 200 OK"
2026-04-05 12:52:39,045 [httpx] INFO: HTTP Request: POST http://comment_service:8005/comments "HTTP/1.1 200 OK"
2026-04-05 12:52:39,096 [httpx] INFO: HTTP Request: POST http://comment_service:8005/comments "HTTP/1.1 200 OK"
2026-04-05 12:52:39,148 [httpx] INFO: HTTP Request: POST http://comment_service:8005/comments "HTTP/1.1 200 OK"
2026-04-05 12:52:39,201 [httpx] INFO: HTTP Request: POST http://comment_service:8005/comments "HTTP/1.1 200 OK"
2026-04-05 12:52:39,250 [httpx] INFO: HTTP Request: POST http://comment_service:8005/comments "HTTP/1.1 200 OK"
2026-04-05 12:52:39,301 [httpx] INFO: HTTP Request: POST http://comment_service:8005/comments "HTTP/1.1 200 OK"
2026-04-05 12:52:39,352 [httpx] INFO: HTTP Request: POST http://comment_service:8005/comments "HTTP/1.1 200 OK"
2026-04-05 12:52:39,413 [httpx] INFO: HTTP Request: POST http://comment_service:8005/comments "HTTP/1.1 200 OK"
2026-04-05 12:52:39,472 [httpx] INFO: HTTP Request: POST http://comment_service:8005/comments "HTTP/1.1 200 OK"
2026-04-05 12:52:39,525 [httpx] INFO: HTTP Request: POST http://comment_service:8005/comments "HTTP/1.1 200 OK"
2026-04-05 12:52:39,579 [httpx] INFO: HTTP Request: POST http://comment_service:8005/comments "HTTP/1.1 200 OK"
2026-04-05 12:52:39,632 [httpx] INFO: HTTP Request: POST http://comment_service:8005/comments "HTTP/1.1 200 OK"
2026-04-05 12:52:39,686 [httpx] INFO: HTTP Request: POST http://comment_service:8005/comments "HTTP/1.1 200 OK"
2026-04-05 12:52:39,741 [httpx] INFO: HTTP Request: POST http://comment_service:8005/comments "HTTP/1.1 200 OK"
2026-04-05 12:52:39,796 [httpx] INFO: HTTP Request: POST http://comment_service:8005/comments "HTTP/1.1 200 OK"
2026-04-05 12:52:39,847 [httpx] INFO: HTTP Request: POST http://comment_service:8005/comments "HTTP/1.1 200 OK"
2026-04-05 12:52:39,904 [httpx] INFO: HTTP Request: POST http://comment_service:8005/comments "HTTP/1.1 200 OK"
2026-04-05 12:52:39,953 [httpx] INFO: HTTP Request: POST http://comment_service:8005/comments "HTTP/1.1 200 OK"
2026-04-05 12:52:40,005 [httpx] INFO: HTTP Request: POST http://comment_service:8005/comments "HTTP/1.1 200 OK"
2026-04-05 12:52:40,058 [httpx] INFO: HTTP Request: POST http://comment_service:8005/comments "HTTP/1.1 200 OK"
2026-04-05 12:52:40,112 [httpx] INFO: HTTP Request: POST http://comment_service:8005/comments "HTTP/1.1 200 OK"
2026-04-05 12:52:40,180 [httpx] INFO: HTTP Request: POST http://comment_service:8005/comments "HTTP/1.1 200 OK"
2026-04-05 12:52:40,269 [httpx] INFO: HTTP Request: POST http://comment_service:8005/comments "HTTP/1.1 200 OK"
2026-04-05 12:52:40,322 [httpx] INFO: HTTP Request: POST http://comment_service:8005/comments "HTTP/1.1 200 OK"
2026-04-05 12:52:40,376 [httpx] INFO: HTTP Request: POST http://comment_service:8005/comments "HTTP/1.1 200 OK"
2026-04-05 12:52:40,444 [httpx] INFO: HTTP Request: POST http://comment_service:8005/comments "HTTP/1.1 200 OK"
2026-04-05 12:52:40,541 [httpx] INFO: HTTP Request: POST http://comment_service:8005/comments "HTTP/1.1 200 OK"
2026-04-05 12:52:40,609 [httpx] INFO: HTTP Request: POST http://comment_service:8005/comments/70/like "HTTP/1.1 200 OK"
2026-04-05 12:52:40,664 [httpx] INFO: HTTP Request: POST http://comment_service:8005/comments/2/like "HTTP/1.1 200 OK"
2026-04-05 12:52:40,718 [httpx] INFO: HTTP Request: POST http://comment_service:8005/comments/13/like "HTTP/1.1 200 OK"
2026-04-05 12:52:40,772 [httpx] INFO: HTTP Request: POST http://comment_service:8005/comments/87/like "HTTP/1.1 200 OK"
2026-04-05 12:52:40,824 [httpx] INFO: HTTP Request: POST http://comment_service:8005/comments/91/like "HTTP/1.1 200 OK"
2026-04-05 12:52:40,882 [httpx] INFO: HTTP Request: POST http://comment_service:8005/comments/36/like "HTTP/1.1 200 OK"
2026-04-05 12:52:40,932 [httpx] INFO: HTTP Request: POST http://comment_service:8005/comments/107/like "HTTP/1.1 200 OK"
2026-04-05 12:52:40,986 [httpx] INFO: HTTP Request: POST http://comment_service:8005/comments/76/like "HTTP/1.1 200 OK"
2026-04-05 12:52:41,050 [httpx] INFO: HTTP Request: POST http://comment_service:8005/comments/24/like "HTTP/1.1 200 OK"
2026-04-05 12:52:41,110 [httpx] INFO: HTTP Request: POST http://comment_service:8005/comments/63/like "HTTP/1.1 200 OK"
2026-04-05 12:52:41,161 [httpx] INFO: HTTP Request: POST http://comment_service:8005/comments/25/like "HTTP/1.1 200 OK"
2026-04-05 12:52:41,213 [httpx] INFO: HTTP Request: POST http://comment_service:8005/comments/12/like "HTTP/1.1 200 OK"
2026-04-05 12:52:41,266 [httpx] INFO: HTTP Request: POST http://comment_service:8005/comments/95/like "HTTP/1.1 200 OK"
2026-04-05 12:52:41,317 [httpx] INFO: HTTP Request: POST http://comment_service:8005/comments/53/like "HTTP/1.1 200 OK"
2026-04-05 12:52:41,367 [httpx] INFO: HTTP Request: POST http://comment_service:8005/comments/75/like "HTTP/1.1 200 OK"
2026-04-05 12:52:41,417 [httpx] INFO: HTTP Request: POST http://comment_service:8005/comments/100/like "HTTP/1.1 200 OK"
2026-04-05 12:52:41,483 [httpx] INFO: HTTP Request: POST http://comment_service:8005/comments/23/like "HTTP/1.1 200 OK"
2026-04-05 12:52:41,537 [httpx] INFO: HTTP Request: POST http://comment_service:8005/comments/54/like "HTTP/1.1 200 OK"
2026-04-05 12:52:41,593 [httpx] INFO: HTTP Request: POST http://comment_service:8005/comments/9/like "HTTP/1.1 200 OK"
2026-04-05 12:52:41,642 [httpx] INFO: HTTP Request: POST http://comment_service:8005/comments/37/like "HTTP/1.1 200 OK"
2026-04-05 12:52:41,692 [httpx] INFO: HTTP Request: POST http://comment_service:8005/comments/17/like "HTTP/1.1 200 OK"
2026-04-05 12:52:41,745 [httpx] INFO: HTTP Request: POST http://comment_service:8005/comments/18/like "HTTP/1.1 200 OK"
2026-04-05 12:52:41,801 [httpx] INFO: HTTP Request: POST http://comment_service:8005/comments/74/like "HTTP/1.1 200 OK"
2026-04-05 12:52:41,862 [httpx] INFO: HTTP Request: POST http://comment_service:8005/comments/47/like "HTTP/1.1 200 OK"
2026-04-05 12:52:41,940 [httpx] INFO: HTTP Request: POST http://comment_service:8005/comments/97/like "HTTP/1.1 200 OK"
2026-04-05 12:52:41,960 [httpx] INFO: HTTP Request: DELETE http://community_service:8006/communities/1/leave "HTTP/1.1 400 Bad Request"
2026-04-05 12:52:41,978 [httpx] INFO: HTTP Request: DELETE http://community_service:8006/communities/1/leave "HTTP/1.1 400 Bad Request"
2026-04-05 12:57:10,082 [httpx] INFO: HTTP Request: GET http://user_service:8002/auth/me "HTTP/1.1 200 OK"
2026-04-05 12:57:10,100 [httpx] INFO: HTTP Request: GET http://user_service:8002/auth/me "HTTP/1.1 200 OK"
2026-04-05 12:57:10,232 [httpx] INFO: HTTP Request: GET http://thread_service:8003/threads?sort_by=newest&skip=0&limit=10 "HTTP/1.1 200 OK"
2026-04-05 12:57:10,234 [app.core.cache] INFO: Cache SET: gw:/threads?sort_by=newest&skip=0&limit=10 (TTL=60s)
2026-04-05 12:57:10,240 [app.core.cache] INFO: Cache HIT: gw:/threads?sort_by=newest&skip=0&limit=10
2026-04-05 12:57:10,328 [httpx] INFO: HTTP Request: GET http://notification_service:8007/notifications/unread-count "HTTP/1.1 200 OK"
2026-04-05 12:57:19,887 [app.core.token_blacklist] INFO: Token blacklisted (TTL=4460s)
2026-04-05 12:57:19,950 [app.core.cache] INFO: Cache HIT: gw:/threads?sort_by=newest&skip=0&limit=10
2026-04-05 12:57:19,955 [app.core.cache] INFO: Cache HIT: gw:/threads?sort_by=newest&skip=0&limit=10
2026-04-05 12:57:28,240 [httpx] INFO: HTTP Request: POST http://user_service:8002/auth/login "HTTP/1.1 200 OK"
2026-04-05 12:57:28,258 [httpx] INFO: HTTP Request: GET http://user_service:8002/auth/me "HTTP/1.1 200 OK"
2026-04-05 12:57:28,286 [httpx] INFO: HTTP Request: GET http://notification_service:8007/notifications/unread-count "HTTP/1.1 200 OK"
2026-04-05 12:57:28,295 [app.core.cache] INFO: Cache HIT: gw:/threads?sort_by=newest&skip=0&limit=10
2026-04-05 12:57:28,300 [app.core.cache] INFO: Cache HIT: gw:/threads?sort_by=newest&skip=0&limit=10
2026-04-05 12:57:28,315 [httpx] INFO: HTTP Request: GET http://notification_service:8007/notifications/unread-count "HTTP/1.1 200 OK"
2026-04-05 12:57:30,317 [httpx] INFO: HTTP Request: GET http://notification_service:8007/notifications?skip=0&limit=15 "HTTP/1.1 200 OK"
2026-04-05 12:57:30,335 [httpx] INFO: HTTP Request: GET http://notification_service:8007/notifications?skip=0&limit=15 "HTTP/1.1 200 OK"
2026-04-05 12:57:31,497 [app.core.cache] INFO: Cache HIT: gw:/threads?sort_by=newest&skip=0&limit=10
2026-04-05 12:57:31,502 [app.core.cache] INFO: Cache HIT: gw:/threads?sort_by=newest&skip=0&limit=10
2026-04-05 12:57:33,402 [httpx] INFO: HTTP Request: GET http://notification_service:8007/notifications?skip=0&limit=15 "HTTP/1.1 200 OK"
2026-04-05 12:57:33,421 [httpx] INFO: HTTP Request: GET http://notification_service:8007/notifications?skip=0&limit=15 "HTTP/1.1 200 OK"
2026-04-05 12:57:34,538 [httpx] INFO: HTTP Request: PUT http://notification_service:8007/notifications/read-all "HTTP/1.1 200 OK"
2026-04-05 12:57:34,571 [httpx] INFO: HTTP Request: GET http://notification_service:8007/notifications?skip=0&limit=15 "HTTP/1.1 200 OK"
2026-04-05 12:57:34,597 [httpx] INFO: HTTP Request: GET http://notification_service:8007/notifications/unread-count "HTTP/1.1 200 OK"
2026-04-05 12:57:39,075 [httpx] INFO: HTTP Request: GET http://user_service:8002/users/me/dashboard "HTTP/1.1 200 OK"
2026-04-05 12:57:39,090 [httpx] INFO: HTTP Request: GET http://user_service:8002/users/me/dashboard "HTTP/1.1 200 OK"
2026-04-05 12:57:42,641 [httpx] INFO: HTTP Request: GET http://community_service:8006/communities/my "HTTP/1.1 200 OK"
2026-04-05 12:57:42,692 [httpx] INFO: HTTP Request: GET http://notification_service:8007/notifications/unread-count "HTTP/1.1 200 OK"
2026-04-05 12:57:58,326 [httpx] INFO: HTTP Request: GET http://notification_service:8007/notifications/unread-count "HTTP/1.1 200 OK"
2026-04-05 12:57:59,002 [httpx] INFO: HTTP Request: GET http://community_service:8006/communities/python-developers "HTTP/1.1 200 OK"
2026-04-05 12:57:59,017 [app.core.cache] INFO: Cache SET: gw:/communities/python-developers (TTL=60s)
2026-04-05 12:57:59,022 [app.core.cache] INFO: Cache HIT: gw:/communities/python-developers
2026-04-05 12:57:59,026 [httpx] INFO: HTTP Request: GET http://community_service:8006/communities/python-developers/members "HTTP/1.1 200 OK"
2026-04-05 12:57:59,028 [app.core.cache] INFO: Cache SET: gw:/communities/python-developers/members (TTL=60s)
2026-04-05 12:57:59,034 [app.core.cache] INFO: Cache HIT: gw:/communities/python-developers/members
2026-04-05 12:57:59,072 [httpx] INFO: HTTP Request: GET http://thread_service:8003/threads?community_id=1 "HTTP/1.1 200 OK"
2026-04-05 12:57:59,074 [app.core.cache] INFO: Cache SET: gw:/threads?community_id=1 (TTL=60s)
2026-04-05 12:58:12,754 [httpx] INFO: HTTP Request: GET http://notification_service:8007/notifications/unread-count "HTTP/1.1 200 OK"
2026-04-05 12:58:13,667 [httpx] INFO: HTTP Request: GET http://user_service:8002/users/me/dashboard "HTTP/1.1 200 OK"
2026-04-05 12:58:13,686 [httpx] INFO: HTTP Request: GET http://user_service:8002/users/me/dashboard "HTTP/1.1 200 OK"
2026-04-05 12:58:15,654 [httpx] INFO: HTTP Request: GET http://community_service:8006/communities/my "HTTP/1.1 200 OK"
2026-04-05 12:58:28,413 [httpx] INFO: HTTP Request: GET http://notification_service:8007/notifications/unread-count "HTTP/1.1 200 OK"
2026-04-05 12:58:30,555 [httpx] INFO: HTTP Request: GET http://community_service:8006/communities?skip=0&limit=12 "HTTP/1.1 200 OK"
2026-04-05 12:58:30,556 [app.core.cache] INFO: Cache SET: gw:/communities?skip=0&limit=12 (TTL=60s)
2026-04-05 12:58:30,561 [app.core.cache] INFO: Cache HIT: gw:/communities?skip=0&limit=12
2026-04-05 12:58:35,361 [app.core.cache] INFO: Cache HIT: gw:/communities/python-developers
2026-04-05 12:58:35,364 [app.core.cache] INFO: Cache HIT: gw:/communities/python-developers/members
2026-04-05 12:58:35,367 [app.core.cache] INFO: Cache HIT: gw:/communities/python-developers
2026-04-05 12:58:35,371 [app.core.cache] INFO: Cache HIT: gw:/communities/python-developers/members
2026-04-05 12:58:35,380 [app.core.cache] INFO: Cache HIT: gw:/threads?community_id=1
2026-04-05 12:58:40,941 [app.core.cache] INFO: Cache HIT: gw:/communities?skip=0&limit=12
2026-04-05 12:58:40,948 [app.core.cache] INFO: Cache HIT: gw:/communities?skip=0&limit=12
2026-04-05 12:58:42,794 [httpx] INFO: HTTP Request: GET http://notification_service:8007/notifications/unread-count "HTTP/1.1 200 OK"
2026-04-05 12:58:43,711 [httpx] INFO: HTTP Request: GET http://user_service:8002/users/me/dashboard "HTTP/1.1 200 OK"
2026-04-05 12:58:43,727 [httpx] INFO: HTTP Request: GET http://user_service:8002/users/me/dashboard "HTTP/1.1 200 OK"
2026-04-05 12:58:44,783 [httpx] INFO: HTTP Request: GET http://user_service:8002/users/admin/stats "HTTP/1.1 200 OK"
2026-04-05 12:58:44,800 [httpx] INFO: HTTP Request: GET http://thread_service:8003/threads?limit=20 "HTTP/1.1 200 OK"
2026-04-05 12:58:44,802 [app.core.cache] INFO: Cache SET: gw:/threads?limit=20 (TTL=60s)
2026-04-05 12:58:44,812 [httpx] INFO: HTTP Request: GET http://user_service:8002/users/admin/users "HTTP/1.1 200 OK"
2026-04-05 12:58:53,170 [httpx] INFO: HTTP Request: POST http://user_service:8002/users/admin/users/19/status?is_active=false "HTTP/1.1 200 OK"
2026-04-05 12:58:53,326 [httpx] INFO: HTTP Request: GET http://user_service:8002/users/admin/users "HTTP/1.1 200 OK"
2026-04-05 12:58:58,438 [httpx] INFO: HTTP Request: GET http://notification_service:8007/notifications/unread-count "HTTP/1.1 200 OK"
2026-04-05 12:59:08,113 [httpx] INFO: HTTP Request: GET http://user_service:8002/auth/me "HTTP/1.1 401 Unauthorized"
2026-04-05 12:59:08,115 [httpx] INFO: HTTP Request: GET http://user_service:8002/auth/me "HTTP/1.1 401 Unauthorized"
2026-04-05 12:59:12,854 [httpx] INFO: HTTP Request: GET http://notification_service:8007/notifications/unread-count "HTTP/1.1 200 OK"
2026-04-05 12:59:19,952 [httpx] INFO: HTTP Request: POST http://user_service:8002/auth/login "HTTP/1.1 200 OK"
2026-04-05 12:59:19,971 [httpx] INFO: HTTP Request: GET http://user_service:8002/auth/me "HTTP/1.1 401 Unauthorized"
2026-04-05 12:59:20,040 [httpx] INFO: HTTP Request: GET http://notification_service:8007/notifications/unread-count "HTTP/1.1 200 OK"
2026-04-05 12:59:20,068 [httpx] INFO: HTTP Request: GET http://notification_service:8007/notifications/unread-count "HTTP/1.1 200 OK"
2026-04-05 12:59:20,085 [httpx] INFO: HTTP Request: GET http://thread_service:8003/threads?sort_by=newest&skip=0&limit=10 "HTTP/1.1 200 OK"
2026-04-05 12:59:20,087 [app.core.cache] INFO: Cache SET: gw:/threads?sort_by=newest&skip=0&limit=10 (TTL=60s)
2026-04-05 12:59:20,093 [app.core.cache] INFO: Cache HIT: gw:/threads?sort_by=newest&skip=0&limit=10
2026-04-05 12:59:28,502 [httpx] INFO: HTTP Request: GET http://notification_service:8007/notifications/unread-count "HTTP/1.1 200 OK"
2026-04-05 12:59:31,949 [httpx] INFO: HTTP Request: POST http://user_service:8002/auth/login "HTTP/1.1 200 OK"
2026-04-05 12:59:31,997 [httpx] INFO: HTTP Request: GET http://user_service:8002/auth/me "HTTP/1.1 401 Unauthorized"
2026-04-05 12:59:32,005 [httpx] INFO: HTTP Request: GET http://notification_service:8007/notifications/unread-count "HTTP/1.1 200 OK"
2026-04-05 12:59:32,016 [app.core.cache] INFO: Cache HIT: gw:/threads?sort_by=newest&skip=0&limit=10
2026-04-05 12:59:32,018 [app.core.cache] INFO: Cache HIT: gw:/threads?sort_by=newest&skip=0&limit=10
2026-04-05 12:59:32,034 [httpx] INFO: HTTP Request: GET http://notification_service:8007/notifications/unread-count "HTTP/1.1 200 OK"
2026-04-05 12:59:42,919 [httpx] INFO: HTTP Request: GET http://notification_service:8007/notifications/unread-count "HTTP/1.1 200 OK"
2026-04-05 12:59:58,552 [httpx] INFO: HTTP Request: GET http://notification_service:8007/notifications/unread-count "HTTP/1.1 200 OK"
2026-04-05 13:00:12,958 [httpx] INFO: HTTP Request: GET http://notification_service:8007/notifications/unread-count "HTTP/1.1 200 OK"
2026-04-05 13:00:14,171 [httpx] INFO: HTTP Request: GET http://comment_service:8005/threads/17/comments "HTTP/1.1 200 OK"
2026-04-05 13:00:14,172 [httpx] INFO: HTTP Request: GET http://thread_service:8003/threads/17 "HTTP/1.1 200 OK"
2026-04-05 13:00:14,174 [app.core.cache] INFO: Cache SET: gw:/threads/17/comments (TTL=60s)
2026-04-05 13:00:14,174 [app.core.cache] INFO: Cache SET: gw:/threads/17 (TTL=60s)
2026-04-05 13:00:14,178 [app.core.cache] INFO: Cache HIT: gw:/threads/17/comments
2026-04-05 13:00:14,179 [app.core.cache] INFO: Cache HIT: gw:/threads/17
2026-04-05 13:00:20,291 [httpx] INFO: HTTP Request: POST http://thread_service:8003/threads/17/like "HTTP/1.1 200 OK"
2026-04-05 13:00:20,293 [app.core.cache] INFO: Cache INVALIDATED: 2 keys matching /threads*
2026-04-05 13:00:22,211 [httpx] INFO: HTTP Request: GET http://community_service:8006/communities?skip=0&limit=12 "HTTP/1.1 200 OK"
2026-04-05 13:00:22,214 [app.core.cache] INFO: Cache SET: gw:/communities?skip=0&limit=12 (TTL=60s)
2026-04-05 13:00:22,220 [app.core.cache] INFO: Cache HIT: gw:/communities?skip=0&limit=12
2026-04-05 13:00:26,895 [httpx] INFO: HTTP Request: GET http://user_service:8002/users/me/dashboard "HTTP/1.1 200 OK"
2026-04-05 13:00:26,912 [httpx] INFO: HTTP Request: GET http://user_service:8002/users/me/dashboard "HTTP/1.1 200 OK"
2026-04-05 13:00:28,590 [httpx] INFO: HTTP Request: GET http://notification_service:8007/notifications/unread-count "HTTP/1.1 200 OK"
2026-04-05 13:00:43,641 [httpx] INFO: HTTP Request: GET http://notification_service:8007/notifications/unread-count "HTTP/1.1 200 OK"
2026-04-05 13:00:57,980 [httpx] INFO: HTTP Request: POST http://user_service:8002/users/avatar/upload "HTTP/1.1 200 OK"
2026-04-05 13:00:58,006 [httpx] INFO: HTTP Request: GET http://user_service:8002/auth/me "HTTP/1.1 200 OK"
2026-04-05 13:00:58,008 [httpx] INFO: HTTP Request: GET http://notification_service:8007/notifications/unread-count "HTTP/1.1 200 OK"
2026-04-05 13:00:58,032 [httpx] INFO: HTTP Request: GET http://user_service:8002/auth/me "HTTP/1.1 200 OK"
2026-04-05 13:00:58,065 [httpx] INFO: HTTP Request: GET http://user_service:8002/uploads/avatars/1_5305fed4c5ca460d9fabcf0dee1a9839.jpg "HTTP/1.1 200 OK"
2026-04-05 13:00:58,625 [httpx] INFO: HTTP Request: GET http://notification_service:8007/notifications/unread-count "HTTP/1.1 200 OK"
2026-04-05 13:00:58,479 [httpx] INFO: HTTP Request: PUT http://user_service:8002/users/profile "HTTP/1.1 200 OK"
2026-04-05 13:00:58,506 [httpx] INFO: HTTP Request: GET http://user_service:8002/users/me/dashboard "HTTP/1.1 200 OK"
2026-04-05 13:00:58,508 [httpx] INFO: HTTP Request: GET http://user_service:8002/auth/me "HTTP/1.1 200 OK"
2026-04-05 13:01:04,976 [app.core.cache] INFO: Cache HIT: gw:/communities?skip=0&limit=12
2026-04-05 13:01:04,980 [app.core.cache] INFO: Cache HIT: gw:/communities?skip=0&limit=12
2026-04-05 13:01:06,715 [httpx] INFO: HTTP Request: GET http://thread_service:8003/threads?sort_by=newest&skip=0&limit=10 "HTTP/1.1 200 OK"
2026-04-05 13:01:06,717 [app.core.cache] INFO: Cache SET: gw:/threads?sort_by=newest&skip=0&limit=10 (TTL=60s)
2026-04-05 13:01:06,723 [app.core.cache] INFO: Cache HIT: gw:/threads?sort_by=newest&skip=0&limit=10
2026-04-05 13:01:13,082 [httpx] INFO: HTTP Request: GET http://notification_service:8007/notifications/unread-count "HTTP/1.1 200 OK"
2026-04-05 13:01:19,225 [httpx] INFO: HTTP Request: GET http://user_service:8002/users/me/dashboard "HTTP/1.1 200 OK"
2026-04-05 13:01:19,241 [httpx] INFO: HTTP Request: GET http://user_service:8002/users/me/dashboard "HTTP/1.1 200 OK"
2026-04-05 13:01:27,502 [httpx] INFO: HTTP Request: GET http://notification_service:8007/notifications/unread-count "HTTP/1.1 200 OK"
2026-04-05 13:01:43,754 [httpx] INFO: HTTP Request: GET http://notification_service:8007/notifications/unread-count "HTTP/1.1 200 OK"
2026-04-05 13:01:58,208 [httpx] INFO: HTTP Request: GET http://notification_service:8007/notifications/unread-count "HTTP/1.1 200 OK"
2026-04-05 13:02:13,193 [httpx] INFO: HTTP Request: GET http://notification_service:8007/notifications/unread-count "HTTP/1.1 200 OK"
2026-04-05 13:02:28,241 [httpx] INFO: HTTP Request: GET http://notification_service:8007/notifications/unread-count "HTTP/1.1 200 OK"
2026-04-05 13:02:43,832 [httpx] INFO: HTTP Request: GET http://notification_service:8007/notifications/unread-count "HTTP/1.1 200 OK"
2026-04-05 13:02:58,278 [httpx] INFO: HTTP Request: GET http://notification_service:8007/notifications/unread-count "HTTP/1.1 200 OK"
2026-04-05 13:03:13,901 [httpx] INFO: HTTP Request: GET http://notification_service:8007/notifications/unread-count "HTTP/1.1 200 OK"
2026-04-05 13:03:54,198 [httpx] INFO: HTTP Request: GET http://notification_service:8007/notifications/unread-count "HTTP/1.1 200 OK"
2026-04-05 13:04:54,308 [httpx] INFO: HTTP Request: GET http://notification_service:8007/notifications/unread-count "HTTP/1.1 200 OK"
2026-04-05 13:05:54,398 [httpx] INFO: HTTP Request: GET http://notification_service:8007/notifications/unread-count "HTTP/1.1 200 OK"
2026-04-05 13:06:31,519 [httpx] INFO: HTTP Request: GET http://user_service:8002/auth/me "HTTP/1.1 401 Unauthorized"
2026-04-05 13:06:31,526 [httpx] INFO: HTTP Request: GET http://user_service:8002/auth/me "HTTP/1.1 401 Unauthorized"
2026-04-05 13:06:31,739 [httpx] INFO: HTTP Request: GET http://user_service:8002/auth/me "HTTP/1.1 200 OK"
2026-04-05 13:06:31,754 [httpx] INFO: HTTP Request: GET http://user_service:8002/auth/me "HTTP/1.1 200 OK"
2026-04-05 13:06:31,881 [httpx] INFO: HTTP Request: GET http://user_service:8002/users/me/dashboard "HTTP/1.1 200 OK"
2026-04-05 13:06:31,885 [httpx] INFO: HTTP Request: GET http://notification_service:8007/notifications/unread-count "HTTP/1.1 200 OK"
2026-04-05 13:06:31,908 [httpx] INFO: HTTP Request: GET http://user_service:8002/users/me/dashboard "HTTP/1.1 200 OK"
2026-04-05 13:06:31,910 [httpx] INFO: HTTP Request: GET http://user_service:8002/uploads/avatars/1_5305fed4c5ca460d9fabcf0dee1a9839.jpg "HTTP/1.1 304 Not Modified"
2026-04-05 13:06:44,836 [httpx] INFO: HTTP Request: GET http://user_service:8002/auth/me "HTTP/1.1 200 OK"
2026-04-05 13:06:44,855 [httpx] INFO: HTTP Request: GET http://user_service:8002/auth/me "HTTP/1.1 200 OK"
2026-04-05 13:06:44,401 [httpx] INFO: HTTP Request: GET http://user_service:8002/auth/me "HTTP/1.1 401 Unauthorized"
2026-04-05 13:06:44,416 [httpx] INFO: HTTP Request: GET http://user_service:8002/auth/me "HTTP/1.1 401 Unauthorized"
2026-04-05 13:06:44,422 [httpx] INFO: HTTP Request: GET http://user_service:8002/users/me/dashboard "HTTP/1.1 200 OK"
2026-04-05 13:06:44,424 [httpx] INFO: HTTP Request: GET http://notification_service:8007/notifications/unread-count "HTTP/1.1 200 OK"
2026-04-05 13:06:44,440 [httpx] INFO: HTTP Request: GET http://user_service:8002/users/me/dashboard "HTTP/1.1 200 OK"
2026-04-05 13:06:45,641 [httpx] INFO: HTTP Request: GET http://user_service:8002/auth/me "HTTP/1.1 200 OK"
2026-04-05 13:06:45,658 [httpx] INFO: HTTP Request: GET http://user_service:8002/auth/me "HTTP/1.1 200 OK"
2026-04-05 13:06:45,780 [httpx] INFO: HTTP Request: GET http://notification_service:8007/notifications/unread-count "HTTP/1.1 200 OK"
2026-04-05 13:06:45,782 [httpx] INFO: HTTP Request: GET http://user_service:8002/users/me/dashboard "HTTP/1.1 200 OK"
2026-04-05 13:06:45,784 [httpx] INFO: HTTP Request: GET http://user_service:8002/auth/me "HTTP/1.1 401 Unauthorized"
2026-04-05 13:06:45,804 [httpx] INFO: HTTP Request: GET http://user_service:8002/users/me/dashboard "HTTP/1.1 200 OK"
2026-04-05 13:06:45,808 [httpx] INFO: HTTP Request: GET http://user_service:8002/auth/me "HTTP/1.1 401 Unauthorized"
2026-04-05 13:06:47,866 [httpx] INFO: HTTP Request: GET http://user_service:8002/auth/me "HTTP/1.1 200 OK"
2026-04-05 13:06:47,883 [httpx] INFO: HTTP Request: GET http://user_service:8002/auth/me "HTTP/1.1 200 OK"
2026-04-05 13:06:47,975 [httpx] INFO: HTTP Request: GET http://user_service:8002/users/me/dashboard "HTTP/1.1 200 OK"
2026-04-05 13:06:47,977 [httpx] INFO: HTTP Request: GET http://notification_service:8007/notifications/unread-count "HTTP/1.1 200 OK"
2026-04-05 13:06:48,004 [httpx] INFO: HTTP Request: GET http://user_service:8002/auth/me "HTTP/1.1 401 Unauthorized"
2026-04-05 13:06:48,012 [httpx] INFO: HTTP Request: GET http://user_service:8002/auth/me "HTTP/1.1 401 Unauthorized"
2026-04-05 13:06:48,016 [httpx] INFO: HTTP Request: GET http://user_service:8002/users/me/dashboard "HTTP/1.1 200 OK"
2026-04-05 13:06:51,473 [httpx] INFO: HTTP Request: GET http://user_service:8002/auth/me "HTTP/1.1 200 OK"
2026-04-05 13:06:51,490 [httpx] INFO: HTTP Request: GET http://user_service:8002/auth/me "HTTP/1.1 200 OK"
2026-04-05 13:06:51,576 [httpx] INFO: HTTP Request: GET http://user_service:8002/users/me/dashboard "HTTP/1.1 200 OK"
2026-04-05 13:06:51,579 [httpx] INFO: HTTP Request: GET http://notification_service:8007/notifications/unread-count "HTTP/1.1 200 OK"
2026-04-05 13:06:51,606 [httpx] INFO: HTTP Request: GET http://user_service:8002/users/me/dashboard "HTTP/1.1 200 OK"
2026-04-05 13:06:51,608 [httpx] INFO: HTTP Request: GET http://user_service:8002/auth/me "HTTP/1.1 401 Unauthorized"
2026-04-05 13:06:51,610 [httpx] INFO: HTTP Request: GET http://user_service:8002/auth/me "HTTP/1.1 401 Unauthorized"
2026-04-05 13:08:04,451 [httpx] INFO: HTTP Request: GET http://user_service:8002/auth/me "HTTP/1.1 200 OK"
2026-04-05 13:08:04,469 [httpx] INFO: HTTP Request: GET http://user_service:8002/auth/me "HTTP/1.1 200 OK"
2026-04-05 13:08:04,547 [httpx] INFO: HTTP Request: GET http://notification_service:8007/notifications/unread-count "HTTP/1.1 200 OK"
2026-04-05 13:08:04,590 [httpx] INFO: HTTP Request: GET http://user_service:8002/auth/me "HTTP/1.1 401 Unauthorized"
2026-04-05 13:08:04,592 [httpx] INFO: HTTP Request: GET http://user_service:8002/auth/me "HTTP/1.1 401 Unauthorized"
2026-04-05 13:08:04,623 [httpx] INFO: HTTP Request: GET http://user_service:8002/uploads/avatars/1_5305fed4c5ca460d9fabcf0dee1a9839.jpg "HTTP/1.1 304 Not Modified"
2026-04-05 13:08:04,652 [httpx] INFO: HTTP Request: GET http://thread_service:8003/threads?sort_by=newest&skip=0&limit=10 "HTTP/1.1 200 OK"
2026-04-05 13:08:04,653 [app.core.cache] INFO: Cache SET: gw:/threads?sort_by=newest&skip=0&limit=10 (TTL=60s)
2026-04-05 13:08:04,658 [app.core.cache] INFO: Cache HIT: gw:/threads?sort_by=newest&skip=0&limit=10
2026-04-05 13:08:05,696 [httpx] INFO: HTTP Request: GET http://user_service:8002/auth/me "HTTP/1.1 200 OK"
2026-04-05 13:08:05,719 [httpx] INFO: HTTP Request: GET http://user_service:8002/auth/me "HTTP/1.1 200 OK"
2026-04-05 13:08:05,823 [app.core.cache] INFO: Cache HIT: gw:/threads?sort_by=newest&skip=0&limit=10
2026-04-05 13:08:05,836 [app.core.cache] INFO: Cache HIT: gw:/threads?sort_by=newest&skip=0&limit=10
2026-04-05 13:08:05,850 [httpx] INFO: HTTP Request: GET http://notification_service:8007/notifications/unread-count "HTTP/1.1 200 OK"
2026-04-05 13:08:05,889 [httpx] INFO: HTTP Request: GET http://user_service:8002/auth/me "HTTP/1.1 401 Unauthorized"
2026-04-05 13:08:05,891 [httpx] INFO: HTTP Request: GET http://user_service:8002/auth/me "HTTP/1.1 401 Unauthorized"
2026-04-05 13:08:07,776 [httpx] INFO: HTTP Request: GET http://user_service:8002/auth/me "HTTP/1.1 200 OK"
2026-04-05 13:08:07,797 [httpx] INFO: HTTP Request: GET http://user_service:8002/auth/me "HTTP/1.1 200 OK"
2026-04-05 13:08:07,897 [httpx] INFO: HTTP Request: GET http://user_service:8002/auth/me "HTTP/1.1 401 Unauthorized"
2026-04-05 13:08:07,899 [httpx] INFO: HTTP Request: GET http://user_service:8002/auth/me "HTTP/1.1 401 Unauthorized"
2026-04-05 13:08:07,926 [app.core.cache] INFO: Cache HIT: gw:/threads?sort_by=newest&skip=0&limit=10
2026-04-05 13:08:07,931 [app.core.cache] INFO: Cache HIT: gw:/threads?sort_by=newest&skip=0&limit=10
2026-04-05 13:08:07,934 [httpx] INFO: HTTP Request: GET http://notification_service:8007/notifications/unread-count "HTTP/1.1 200 OK"
2026-04-05 13:09:27,024 [httpx] INFO: HTTP Request: GET http://user_service:8002/auth/me "HTTP/1.1 200 OK"
2026-04-05 13:09:27,041 [httpx] INFO: HTTP Request: GET http://user_service:8002/auth/me "HTTP/1.1 200 OK"
2026-04-05 13:09:27,120 [httpx] INFO: HTTP Request: GET http://notification_service:8007/notifications/unread-count "HTTP/1.1 200 OK"
2026-04-05 13:09:27,123 [httpx] INFO: HTTP Request: GET http://user_service:8002/auth/me "HTTP/1.1 401 Unauthorized"
2026-04-05 13:09:27,126 [httpx] INFO: HTTP Request: GET http://user_service:8002/auth/me "HTTP/1.1 401 Unauthorized"
2026-04-05 13:09:27,179 [httpx] INFO: HTTP Request: GET http://user_service:8002/uploads/avatars/1_5305fed4c5ca460d9fabcf0dee1a9839.jpg "HTTP/1.1 304 Not Modified"
2026-04-05 13:09:27,195 [httpx] INFO: HTTP Request: GET http://thread_service:8003/threads?sort_by=newest&skip=0&limit=10 "HTTP/1.1 200 OK"
2026-04-05 13:09:27,196 [app.core.cache] INFO: Cache SET: gw:/threads?sort_by=newest&skip=0&limit=10 (TTL=60s)
2026-04-05 13:09:27,200 [app.core.cache] INFO: Cache HIT: gw:/threads?sort_by=newest&skip=0&limit=10
2026-04-05 13:09:31,899 [httpx] INFO: HTTP Request: GET http://user_service:8002/auth/me "HTTP/1.1 200 OK"
2026-04-05 13:09:31,916 [httpx] INFO: HTTP Request: GET http://user_service:8002/auth/me "HTTP/1.1 200 OK"
2026-04-05 13:09:32,011 [app.core.cache] INFO: Cache HIT: gw:/threads?sort_by=newest&skip=0&limit=10
2026-04-05 13:09:32,016 [app.core.cache] INFO: Cache HIT: gw:/threads?sort_by=newest&skip=0&limit=10
2026-04-05 13:09:32,019 [httpx] INFO: HTTP Request: GET http://user_service:8002/auth/me "HTTP/1.1 401 Unauthorized"
2026-04-05 13:09:32,022 [httpx] INFO: HTTP Request: GET http://notification_service:8007/notifications/unread-count "HTTP/1.1 200 OK"
2026-04-05 13:09:32,023 [httpx] INFO: HTTP Request: GET http://user_service:8002/auth/me "HTTP/1.1 401 Unauthorized"
2026-04-05 13:09:46,468 [httpx] INFO: HTTP Request: GET http://notification_service:8007/notifications/unread-count "HTTP/1.1 200 OK"
2026-04-05 13:10:02,147 [httpx] INFO: HTTP Request: GET http://notification_service:8007/notifications/unread-count "HTTP/1.1 200 OK"
2026-04-05 13:10:16,523 [httpx] INFO: HTTP Request: GET http://notification_service:8007/notifications/unread-count "HTTP/1.1 200 OK"
2026-04-05 13:10:32,167 [httpx] INFO: HTTP Request: GET http://notification_service:8007/notifications/unread-count "HTTP/1.1 200 OK"
2026-04-05 13:10:46,577 [httpx] INFO: HTTP Request: GET http://notification_service:8007/notifications/unread-count "HTTP/1.1 200 OK"
2026-04-05 13:11:02,231 [httpx] INFO: HTTP Request: GET http://notification_service:8007/notifications/unread-count "HTTP/1.1 200 OK"
2026-04-05 13:11:16,630 [httpx] INFO: HTTP Request: GET http://notification_service:8007/notifications/unread-count "HTTP/1.1 200 OK"
2026-04-05 13:11:55,073 [httpx] INFO: HTTP Request: GET http://notification_service:8007/notifications/unread-count "HTTP/1.1 200 OK"
2026-04-05 13:12:55,117 [httpx] INFO: HTTP Request: GET http://notification_service:8007/notifications/unread-count "HTTP/1.1 200 OK"
2026-04-05 13:13:55,219 [httpx] INFO: HTTP Request: GET http://notification_service:8007/notifications/unread-count "HTTP/1.1 200 OK"
